-- phpMyAdmin SQL Dump
-- version 5.2.1
-- https://www.phpmyadmin.net/
--
-- Host: 127.0.0.1
-- Generation Time: Jun 12, 2025 at 04:19 PM
-- Server version: 10.11.10-MariaDB
-- PHP Version: 7.2.34

SET SQL_MODE = "NO_AUTO_VALUE_ON_ZERO";
START TRANSACTION;
SET time_zone = "+00:00";


/*!40101 SET @OLD_CHARACTER_SET_CLIENT=@@CHARACTER_SET_CLIENT */;
/*!40101 SET @OLD_CHARACTER_SET_RESULTS=@@CHARACTER_SET_RESULTS */;
/*!40101 SET @OLD_COLLATION_CONNECTION=@@COLLATION_CONNECTION */;
/*!40101 SET NAMES utf8mb4 */;

--
-- Database: `u337053559_delivery`
--

-- --------------------------------------------------------

--
-- Table structure for table `Addresses`
--

CREATE TABLE `Addresses` (
  `id` int(11) NOT NULL,
  `customer_id` int(11) NOT NULL,
  `address_line1` varchar(255) NOT NULL,
  `address_line2` varchar(255) DEFAULT NULL,
  `city` varchar(100) NOT NULL,
  `state` varchar(100) DEFAULT NULL,
  `postal_code` varchar(20) NOT NULL,
  `country` varchar(100) NOT NULL,
  `latitude` decimal(10,8) DEFAULT NULL,
  `longitude` decimal(11,8) DEFAULT NULL,
  `is_default` tinyint(1) NOT NULL DEFAULT 0,
  `created_at` timestamp NULL DEFAULT current_timestamp(),
  `updated_at` timestamp NULL DEFAULT current_timestamp() ON UPDATE current_timestamp()
) ENGINE=InnoDB DEFAULT CHARSET=utf8mb4 COLLATE=utf8mb4_unicode_ci;

--
-- Dumping data for table `Addresses`
--

INSERT INTO `Addresses` (`id`, `customer_id`, `address_line1`, `address_line2`, `city`, `state`, `postal_code`, `country`, `latitude`, `longitude`, `is_default`, `created_at`, `updated_at`) VALUES
(1, 1, '42a Bilton Road', '', 'Greenford', 'London', 'UB6 7DH', 'United Kingdom', NULL, NULL, 1, '2025-04-28 10:44:48', '2025-04-28 10:44:48'),
(2, 1, '42a Bilton Road', '', 'Greenford', 'London', 'UB6 7DH', 'United Kingdom', NULL, NULL, 1, '2025-04-28 11:23:48', '2025-04-28 11:23:48'),
(3, 1, '42a Bilton Road 2nd', '', 'Greenford', 'London', 'UB6 7DH', 'United Kingdom', NULL, NULL, 1, '2025-04-28 11:26:12', '2025-04-28 11:26:12'),
(4, 1, '', '', '', '', '', 'United Kingdom', NULL, NULL, 1, '2025-04-28 12:28:34', '2025-04-28 12:29:05'),
(5, 1, '42a Bilton Road', '', 'Greenford', 'London', 'UB6 7DH', 'United Kingdom', NULL, NULL, 1, '2025-04-28 13:02:08', '2025-04-28 13:02:08'),
(6, 1, '42a Bilton Road 44th', '', 'Greenford', 'London', 'UB6 7DH', 'United Kingdom', NULL, NULL, 1, '2025-04-28 13:02:55', '2025-04-28 13:02:55'),
(7, 1, '42B Bilton road paki4', '', 'Greenford', 'London', 'UB6 7DH', 'United Kingdom', NULL, NULL, 1, '2025-04-28 13:03:44', '2025-04-28 13:03:44'),
(8, 2, '221B Baker Street', '', 'London', 'Greater London', 'NW1 6XE', 'United Kingdom', NULL, NULL, 0, '2025-04-29 14:46:45', '2025-04-29 14:46:45'),
(9, 3, '1 Construction Way', 'Unit B', 'Manchester', 'Greater Manchester', 'M1 1AE', 'United Kingdom', NULL, NULL, 0, '2025-04-29 14:46:46', '2025-04-29 14:46:46'),
(10, 4, '89 Silent Film Rd', '', 'Birmingham', 'West Midlands', 'B1 1AA', 'United Kingdom', NULL, NULL, 0, '2025-04-29 14:46:46', '2025-04-29 14:46:46'),
(11, 2, '42a bilton road', '', 'Greenford', 'London', 'UB6 7DH', 'United Kingdom', NULL, NULL, 1, '2025-06-01 13:07:49', '2025-06-01 13:07:49'),
(12, 5, '42c bilton road', '', 'Greenford', '', 'UB6 7DH', 'United Kingdom', NULL, NULL, 1, '2025-06-01 13:11:31', '2025-06-01 13:11:31'),
(13, 6, '104 sudbury height avenue', '', 'Greenford', 'London', 'UB6 0LY', 'United Kingdom', NULL, NULL, 1, '2025-06-01 13:53:45', '2025-06-01 13:53:45'),
(14, 7, '42a bilton road', NULL, 'Greenford', 'London', 'UB6 7DH', 'United Kingdom', NULL, NULL, 0, '2025-06-01 14:28:27', '2025-06-01 14:28:27');

-- --------------------------------------------------------

--
-- Table structure for table `ApiKeys`
--

CREATE TABLE `ApiKeys` (
  `id` int(11) NOT NULL,
  `company_id` int(11) NOT NULL,
  `api_key` varchar(64) CHARACTER SET utf8mb4 COLLATE utf8mb4_general_ci NOT NULL,
  `description` text CHARACTER SET utf8mb4 COLLATE utf8mb4_general_ci DEFAULT NULL,
  `created_by` int(11) NOT NULL,
  `created_at` timestamp NOT NULL DEFAULT current_timestamp(),
  `last_used_at` timestamp NULL DEFAULT NULL,
  `is_active` tinyint(1) DEFAULT 1
) ENGINE=InnoDB DEFAULT CHARSET=utf8mb4 COLLATE=utf8mb4_unicode_ci;

--
-- Dumping data for table `ApiKeys`
--

INSERT INTO `ApiKeys` (`id`, `company_id`, `api_key`, `description`, `created_by`, `created_at`, `last_used_at`, `is_active`) VALUES
(1, 2, 'c392e08f3a2c33e17d1c0a18ccafb867177f40c4d21ee728a6365b0f3c280724', 'wordpress', 25, '2025-02-04 17:55:36', NULL, 0),
(2, 10, '0f2fc8983439705a2b924dc9ccc247b1184c1795cc19db3cae9bb50234612fd6', 'test', 49, '2025-03-18 22:49:27', NULL, 1),
(3, 2, '530de6344a1af006f53d78399a51d277c3ee22ba8fba8c39900e35fb73471d31', 'random', 25, '2025-05-05 09:56:35', NULL, 1),
(4, 2, 'd011b55ed7284ae3ad1d27320a265bc2b80bbbde58fbc5804eedd6e221735a1c', 'lkjhgc', 25, '2025-06-01 14:00:22', NULL, 1);

-- --------------------------------------------------------

--
-- Table structure for table `Companies`
--

CREATE TABLE `Companies` (
  `id` int(11) NOT NULL,
  `name` varchar(255) NOT NULL,
  `phone` varchar(20) DEFAULT NULL,
  `email` varchar(255) DEFAULT NULL,
  `address` text DEFAULT NULL,
  `total_riders_allowed` int(11) DEFAULT NULL,
  `default_requires_image_proof` tinyint(1) NOT NULL DEFAULT 1,
  `default_requires_signature_proof` tinyint(1) NOT NULL DEFAULT 1,
  `created_at` timestamp NOT NULL DEFAULT current_timestamp(),
  `updated_at` timestamp NOT NULL DEFAULT current_timestamp() ON UPDATE current_timestamp()
) ENGINE=InnoDB DEFAULT CHARSET=utf8mb4 COLLATE=utf8mb4_general_ci;

--
-- Dumping data for table `Companies`
--

INSERT INTO `Companies` (`id`, `name`, `phone`, `email`, `address`, `total_riders_allowed`, `default_requires_image_proof`, `default_requires_signature_proof`, `created_at`, `updated_at`) VALUES
(2, 'solo', '2342', 'sdfv@gmail.com', 'sdvs', 22222, 1, 1, '2024-12-19 20:02:06', '2025-02-28 19:15:07'),
(4, 'zolo', '2903298', 'zolo@gm.c', 'isb', 4, 1, 1, '2024-12-21 23:54:31', '2024-12-21 23:54:31'),
(5, 'Bizz VPN', '+923338417624', 'mnaveed@gmail.com', 'islamabad', 4, 1, 1, '2024-12-25 19:18:44', '2024-12-25 19:18:44'),
(7, 'Nepta Solutions', '123123123', 'mmas349@gmail.com', '42a Kilton ROAD', 3, 1, 1, '2025-02-07 20:28:01', '2025-02-07 20:28:01'),
(10, 'KBRH Catering', '13242341234', 'ahmedbutt34@hotmail.com', 'salkdjaslkdjasasd', 5, 1, 1, '2025-03-06 18:50:11', '2025-03-06 18:50:11'),
(12, 'Es Connect', '07123123123', 'mohsin@neptasolutions.co.uk', '42a Bilton Road, Perivale, London, UB6 7DH', 5, 1, 1, '2025-05-11 13:42:36', '2025-05-11 13:42:36');

-- --------------------------------------------------------

--
-- Table structure for table `Customers`
--

CREATE TABLE `Customers` (
  `id` int(11) NOT NULL,
  `company_id` int(11) DEFAULT NULL,
  `name` varchar(255) NOT NULL,
  `email` varchar(255) DEFAULT NULL,
  `phone` varchar(50) DEFAULT NULL,
  `created_at` timestamp NULL DEFAULT current_timestamp(),
  `updated_at` timestamp NULL DEFAULT current_timestamp() ON UPDATE current_timestamp()
) ENGINE=InnoDB DEFAULT CHARSET=utf8mb4 COLLATE=utf8mb4_unicode_ci;

--
-- Dumping data for table `Customers`
--

INSERT INTO `Customers` (`id`, `company_id`, `name`, `email`, `phone`, `created_at`, `updated_at`) VALUES
(1, 2, 'muhammad naveed', 'mnaveedpaki4@gmail.com', '+447911123456', '2025-04-28 10:44:48', '2025-04-28 13:03:44'),
(2, 2, 'Alice Wonderland', 'alice@example.com', '+442079460123', '2025-04-29 14:46:45', '2025-04-29 14:46:45'),
(3, 2, 'Bob The Builder', 'bob@example.com', '+441614960998', '2025-04-29 14:46:45', '2025-04-29 14:46:45'),
(4, 2, 'Charlie Chaplin', 'charlie@silentfilms.com', '+441214965567', '2025-04-29 14:46:46', '2025-04-29 14:46:46'),
(5, 2, 'Muhammad Mohsin', 'mohsin@neptasolutions.co.uk', '+447482197889', '2025-06-01 13:11:31', '2025-06-01 13:11:31'),
(6, 2, 'Lalo', 'mmas349@gmail.com', '+44', '2025-06-01 13:53:45', '2025-06-01 13:53:45'),
(7, 2, 'Muhammad Ahmed', 'mohsin@aass.com', '+447482197888', '2025-06-01 14:28:27', '2025-06-01 14:28:27');

-- --------------------------------------------------------

--
-- Table structure for table `ExtraItemsLog`
--

CREATE TABLE `ExtraItemsLog` (
  `id` int(11) NOT NULL,
  `rider_id` int(11) NOT NULL,
  `product_id` int(11) NOT NULL,
  `quantity` int(11) NOT NULL,
  `reason` varchar(255) NOT NULL COMMENT 'e.g., Warehouse Scan Extra, Customer Rejected, Order Failed',
  `source_order_id` int(11) DEFAULT NULL COMMENT 'Order ID if related to a specific failed/rejected order',
  `source_manifest_id` int(11) DEFAULT NULL COMMENT 'Manifest ID if related to warehouse scan extra',
  `status` varchar(50) DEFAULT 'pending' COMMENT 'e.g., pending, returned, resolved, disposed',
  `created_at` timestamp NULL DEFAULT current_timestamp(),
  `updated_at` timestamp NULL DEFAULT current_timestamp() ON UPDATE current_timestamp()
) ENGINE=InnoDB DEFAULT CHARSET=utf8mb4 COLLATE=utf8mb4_unicode_ci;

--
-- Dumping data for table `ExtraItemsLog`
--

INSERT INTO `ExtraItemsLog` (`id`, `rider_id`, `product_id`, `quantity`, `reason`, `source_order_id`, `source_manifest_id`, `status`, `created_at`, `updated_at`) VALUES
(52, 30, 36, 1, 'Warehouse Scan Extra', NULL, 153, 'pending', '2025-06-01 14:12:45', '2025-06-01 14:12:45');

-- --------------------------------------------------------

--
-- Table structure for table `ManifestOrders`
--

CREATE TABLE `ManifestOrders` (
  `id` int(11) NOT NULL,
  `manifest_id` int(11) NOT NULL,
  `order_id` int(11) NOT NULL
) ENGINE=InnoDB DEFAULT CHARSET=utf8mb4 COLLATE=utf8mb4_general_ci;

--
-- Dumping data for table `ManifestOrders`
--

INSERT INTO `ManifestOrders` (`id`, `manifest_id`, `order_id`) VALUES
(96, 53, 60),
(97, 54, 62),
(98, 54, 61),
(99, 53, 64),
(100, 53, 63),
(102, 55, 66),
(103, 55, 67),
(104, 55, 68),
(105, 55, 69),
(106, 55, 70),
(107, 55, 71),
(108, 55, 72),
(109, 56, 74),
(110, 56, 73),
(111, 56, 75),
(112, 57, 78),
(113, 57, 77),
(114, 57, 76),
(115, 57, 79),
(116, 58, 85),
(117, 58, 84),
(118, 58, 83),
(119, 58, 82),
(120, 58, 81),
(121, 58, 80),
(122, 59, 91),
(123, 59, 90),
(124, 59, 89),
(125, 59, 88),
(126, 59, 87),
(127, 59, 86),
(128, 60, 93),
(129, 61, 94),
(130, 62, 95),
(138, 64, 100),
(140, 64, 98),
(141, 65, 106),
(142, 65, 105),
(143, 65, 104),
(144, 65, 103),
(145, 65, 102),
(146, 65, 101),
(147, 66, 110),
(149, 66, 108),
(150, 66, 107),
(151, 66, 111),
(152, 66, 113),
(154, 64, 112),
(155, 67, 116),
(156, 67, 115),
(157, 67, 114),
(158, 68, 119),
(159, 68, 118),
(160, 68, 117),
(161, 69, 122),
(162, 69, 121),
(163, 69, 120),
(164, 70, 126),
(165, 70, 125),
(166, 70, 124),
(167, 70, 123),
(168, 71, 132),
(169, 71, 131),
(170, 71, 130),
(171, 71, 129),
(172, 71, 128),
(173, 71, 127),
(174, 72, 138),
(175, 72, 137),
(176, 72, 136),
(177, 72, 135),
(178, 72, 134),
(179, 72, 133),
(180, 73, 140),
(181, 73, 139),
(182, 74, 152),
(183, 75, 151),
(184, 76, 150),
(185, 77, 149),
(186, 78, 148),
(187, 78, 147),
(188, 79, 146),
(189, 80, 145),
(190, 81, 144),
(191, 82, 143),
(192, 83, 142),
(193, 84, 141),
(194, 75, 99),
(195, 82, 156),
(196, 82, 155),
(197, 82, 154),
(198, 82, 153),
(203, 87, 158),
(204, 87, 157),
(205, 88, 160),
(206, 88, 159),
(207, 89, 163),
(208, 89, 162),
(209, 89, 161),
(210, 90, 165),
(211, 90, 164),
(212, 90, 166),
(213, 90, 168),
(214, 90, 167),
(215, 91, 170),
(216, 91, 169),
(217, 92, 172),
(218, 92, 171),
(219, 93, 97),
(220, 93, 96),
(221, 94, 173),
(222, 95, 174),
(223, 96, 175),
(224, 97, 176),
(225, 98, 177),
(226, 99, 178),
(228, 100, 179),
(229, 101, 180),
(230, 102, 181),
(231, 103, 182),
(232, 104, 183),
(233, 105, 184),
(234, 106, 185),
(235, 107, 186),
(236, 108, 188),
(237, 109, 187),
(238, 110, 189),
(239, 111, 194),
(240, 112, 193),
(241, 113, 192),
(242, 114, 191),
(243, 115, 190),
(247, 119, 198),
(252, 121, 199),
(253, 122, 203),
(254, 123, 201),
(255, 123, 202),
(256, 123, 200),
(257, 124, 197),
(258, 124, 196),
(259, 125, 195),
(260, 126, 204),
(261, 127, 205),
(262, 127, 206),
(263, 128, 208),
(264, 128, 209),
(265, 129, 212),
(266, 129, 210),
(267, 130, 213),
(268, 130, 214),
(269, 130, 215),
(270, 131, 216),
(271, 132, 217),
(272, 132, 218),
(273, 132, 211),
(274, 132, 207),
(275, 133, 219),
(276, 134, 220),
(277, 135, 221),
(278, 136, 222),
(279, 137, 223),
(280, 138, 224),
(281, 139, 225),
(282, 140, 226),
(284, 141, 227),
(285, 142, 228),
(286, 143, 229),
(287, 144, 230),
(288, 145, 231),
(289, 146, 232),
(290, 147, 233),
(291, 148, 235),
(292, 148, 236),
(293, 149, 237),
(294, 150, 238),
(295, 151, 240),
(296, 151, 239),
(297, 152, 242),
(299, 152, 243),
(300, 152, 244),
(301, 153, 245),
(302, 154, 247),
(303, 154, 246);

-- --------------------------------------------------------

--
-- Table structure for table `Manifests`
--

CREATE TABLE `Manifests` (
  `id` int(11) NOT NULL,
  `status` enum('pending','assigned','delivering','delivered') NOT NULL DEFAULT 'pending',
  `rider_id` int(11) DEFAULT NULL,
  `total_orders_assigned` int(11) DEFAULT 0,
  `company_id` int(11) NOT NULL,
  `created_at` timestamp NOT NULL DEFAULT current_timestamp(),
  `updated_at` timestamp NOT NULL DEFAULT current_timestamp() ON UPDATE current_timestamp(),
  `warehouse_id` int(11) DEFAULT NULL
) ENGINE=InnoDB DEFAULT CHARSET=utf8mb4 COLLATE=utf8mb4_general_ci;

--
-- Dumping data for table `Manifests`
--

INSERT INTO `Manifests` (`id`, `status`, `rider_id`, `total_orders_assigned`, `company_id`, `created_at`, `updated_at`, `warehouse_id`) VALUES
(7, 'delivered', 15, 1, 2, '2024-12-21 12:24:55', '2024-12-22 10:14:00', NULL),
(12, 'delivered', 15, 1, 2, '2024-12-22 00:00:14', '2024-12-22 10:19:03', NULL),
(14, 'delivered', 28, 2, 4, '2024-12-23 02:39:21', '2024-12-23 02:54:05', NULL),
(15, 'delivered', 30, 2, 5, '2024-12-25 19:30:17', '2024-12-25 19:41:02', NULL),
(17, 'delivered', 18, 1, 2, '2024-12-26 09:42:59', '2024-12-26 09:44:12', NULL),
(21, 'delivered', 15, 1, 2, '2025-01-12 17:11:34', '2025-01-18 07:32:58', NULL),
(25, 'delivered', 16, 1, 2, '2025-01-13 18:53:23', '2025-01-16 14:01:12', NULL),
(26, 'delivered', 15, 2, 2, '2025-01-16 14:14:50', '2025-01-19 08:03:29', NULL),
(29, 'delivered', 16, 2, 2, '2025-01-19 08:05:26', '2025-01-19 23:24:23', NULL),
(31, 'delivered', 15, 2, 2, '2025-01-20 09:43:19', '2025-01-20 09:50:31', NULL),
(32, 'delivered', 15, 1, 2, '2025-01-20 10:04:40', '2025-01-20 12:25:37', NULL),
(33, 'delivered', 15, 2, 2, '2025-01-20 23:31:33', '2025-01-21 06:31:39', NULL),
(34, 'delivered', 15, 2, 2, '2025-01-21 07:07:14', '2025-01-21 14:54:05', NULL),
(36, 'delivered', 15, 2, 2, '2025-01-21 15:06:51', '2025-01-22 05:12:08', NULL),
(38, 'delivered', 15, 2, 2, '2025-01-22 10:19:00', '2025-01-22 10:43:36', NULL),
(39, 'delivered', 15, 3, 2, '2025-01-22 11:29:38', '2025-01-22 14:02:19', NULL),
(40, 'delivered', 15, 1, 2, '2025-01-22 14:10:54', '2025-01-22 14:15:27', NULL),
(41, 'delivered', 15, 1, 2, '2025-01-22 14:23:29', '2025-01-22 15:27:18', NULL),
(42, 'delivered', 16, 3, 2, '2025-01-22 16:21:47', '2025-01-22 16:36:32', NULL),
(43, 'delivered', 15, 3, 2, '2025-01-23 06:08:13', '2025-01-24 15:39:07', NULL),
(44, 'delivered', 15, 3, 2, '2025-01-24 11:43:41', '2025-01-24 15:39:32', NULL),
(46, 'delivered', 15, 2, 2, '2025-01-24 18:11:22', '2025-01-24 19:08:55', NULL),
(47, 'delivered', 15, 1, 2, '2025-01-24 19:20:02', '2025-01-27 08:08:47', NULL),
(48, 'delivered', 15, 0, 2, '2025-01-24 22:57:47', '2025-01-27 10:37:17', 1),
(50, 'delivered', 15, 1, 2, '2025-01-26 00:28:53', '2025-01-27 07:53:11', 1),
(51, 'delivered', 30, 2, 2, '2025-01-27 10:19:55', '2025-01-27 10:58:18', 1),
(53, 'delivered', 16, 4, 2, '2025-01-27 11:10:43', '2025-03-03 07:27:55', 2),
(54, 'delivered', 30, 2, 2, '2025-01-27 13:49:47', '2025-01-27 13:55:17', 1),
(55, 'delivered', 36, 8, 2, '2025-01-28 18:34:33', '2025-01-28 20:45:57', 1),
(56, 'delivered', 30, 3, 2, '2025-01-29 05:25:35', '2025-02-03 14:17:31', 3),
(57, 'delivered', 30, 4, 2, '2025-01-29 06:55:29', '2025-02-24 12:27:02', 4),
(58, 'delivered', 30, 6, 2, '2025-01-29 09:53:58', '2025-02-03 15:26:58', 3),
(59, 'delivered', 30, 6, 2, '2025-01-30 05:01:48', '2025-02-24 12:26:13', 3),
(60, 'delivered', 36, 1, 2, '2025-01-31 17:58:30', '2025-01-31 18:03:24', 4),
(61, 'delivered', 36, 1, 2, '2025-01-31 18:04:25', '2025-01-31 18:15:29', 4),
(62, 'delivered', 36, 1, 2, '2025-01-31 18:16:29', '2025-01-31 18:17:46', 4),
(63, 'assigned', 36, 2, 2, '2025-01-31 18:30:41', '2025-01-31 18:50:57', 4),
(64, 'delivering', 37, 3, 2, '2025-02-01 13:48:32', '2025-02-21 18:49:38', 4),
(65, 'delivered', 30, 6, 2, '2025-02-03 11:00:16', '2025-02-03 14:14:16', 4),
(66, 'delivered', 40, 5, 7, '2025-02-07 21:29:46', '2025-02-07 22:29:56', 6),
(67, 'delivered', 30, 3, 2, '2025-02-24 10:01:59', '2025-02-24 12:25:02', 4),
(68, 'delivered', 30, 3, 2, '2025-02-24 11:04:36', '2025-02-25 07:09:48', 4),
(69, 'delivered', 30, 3, 2, '2025-02-24 12:34:14', '2025-02-24 13:24:28', 4),
(70, 'delivered', 30, 4, 2, '2025-02-25 04:40:19', '2025-02-25 05:14:37', 4),
(71, 'delivered', 30, 6, 2, '2025-02-25 05:29:36', '2025-02-25 06:03:22', 4),
(72, 'delivered', 30, 6, 2, '2025-02-25 06:08:06', '2025-02-25 06:48:17', 3),
(73, 'delivered', 30, 2, 2, '2025-02-25 07:10:27', '2025-02-25 07:17:34', 4),
(74, 'delivered', 30, 1, 2, '2025-02-25 10:18:21', '2025-02-25 10:45:06', 4),
(75, 'delivering', 30, 2, 2, '2025-02-25 10:18:31', '2025-02-25 12:08:57', 4),
(76, 'delivered', 30, 1, 2, '2025-02-25 10:18:52', '2025-02-25 10:33:46', 4),
(77, 'delivered', 30, 1, 2, '2025-02-25 10:19:11', '2025-02-25 10:30:56', 4),
(78, 'delivered', 30, 2, 2, '2025-02-25 10:19:25', '2025-02-25 10:37:05', 4),
(79, 'delivered', 30, 1, 2, '2025-02-25 10:19:38', '2025-02-25 10:27:00', 4),
(80, 'delivering', 30, 1, 2, '2025-02-25 10:19:52', '2025-02-25 10:25:51', 4),
(81, 'delivered', 30, 1, 2, '2025-02-25 10:20:17', '2025-02-25 10:40:46', 4),
(82, 'delivered', 30, 5, 2, '2025-02-25 10:20:30', '2025-02-25 12:38:05', 4),
(83, 'delivered', 30, 1, 2, '2025-02-25 10:20:40', '2025-02-25 10:52:39', 4),
(84, 'delivering', 30, 1, 2, '2025-02-25 10:20:53', '2025-02-25 12:05:48', 4),
(85, 'delivered', 30, 2, 2, '2025-03-01 19:09:39', '2025-03-01 19:15:09', 4),
(86, 'delivered', 30, 2, 2, '2025-03-01 19:35:34', '2025-03-01 19:38:02', 4),
(87, 'delivered', 30, 2, 2, '2025-03-01 19:47:51', '2025-03-01 20:06:22', 4),
(88, 'delivered', 30, 2, 2, '2025-03-01 20:08:16', '2025-03-01 20:12:10', 4),
(89, 'delivered', 16, 3, 2, '2025-03-02 16:00:31', '2025-03-02 16:43:00', 4),
(90, 'delivered', 51, 5, 10, '2025-03-06 19:21:59', '2025-03-18 22:48:11', 7),
(91, 'delivered', 16, 2, 2, '2025-03-19 14:15:56', '2025-03-19 14:20:22', 4),
(92, 'delivered', 16, 2, 2, '2025-03-19 14:31:26', '2025-03-19 15:27:09', 4),
(93, 'delivered', 16, 2, 2, '2025-03-19 15:38:45', '2025-03-19 15:40:53', 4),
(94, 'delivered', 16, 1, 2, '2025-03-19 16:49:44', '2025-03-19 17:09:51', 4),
(95, 'delivered', 16, 1, 2, '2025-04-26 18:39:11', '2025-04-26 18:47:10', 2),
(96, 'delivered', 16, 1, 2, '2025-04-26 18:53:25', '2025-04-26 19:03:18', 4),
(97, 'delivered', 16, 1, 2, '2025-04-26 19:04:39', '2025-04-26 19:07:07', 4),
(98, 'delivered', 16, 1, 2, '2025-04-26 19:13:42', '2025-04-26 19:28:52', 4),
(99, 'delivered', 16, 1, 2, '2025-04-26 19:28:44', '2025-04-26 20:29:23', 4),
(100, 'delivered', 16, 1, 2, '2025-04-27 18:01:15', '2025-04-27 20:14:50', 4),
(101, 'delivered', 16, 1, 2, '2025-04-27 18:21:11', '2025-04-27 20:14:42', 4),
(102, 'delivered', 16, 1, 2, '2025-04-27 21:03:52', '2025-04-27 21:59:21', 4),
(103, 'delivered', 16, 1, 2, '2025-04-27 22:00:36', '2025-04-27 22:07:14', 4),
(104, 'delivered', 16, 1, 2, '2025-04-27 22:08:24', '2025-04-27 22:27:48', 4),
(105, 'delivered', 16, 1, 2, '2025-04-27 22:28:56', '2025-04-28 07:48:04', 4),
(106, 'delivered', 16, 1, 2, '2025-04-27 22:43:16', '2025-04-28 07:51:15', 4),
(107, 'delivered', 16, 1, 2, '2025-04-28 07:51:59', '2025-04-28 08:00:57', 4),
(108, 'delivered', 16, 1, 2, '2025-04-28 08:07:08', '2025-04-28 08:18:46', 4),
(109, 'delivered', 16, 1, 2, '2025-04-28 08:18:55', '2025-04-28 08:43:52', 4),
(110, 'delivered', 16, 1, 2, '2025-04-28 08:47:01', '2025-04-28 09:00:29', 4),
(111, 'delivered', 16, 1, 2, '2025-04-28 09:00:43', '2025-04-28 09:02:04', 4),
(112, 'delivered', 16, 1, 2, '2025-04-28 09:02:36', '2025-04-28 09:04:09', 4),
(113, 'delivered', 16, 1, 2, '2025-04-28 09:04:44', '2025-04-28 09:05:58', 4),
(114, 'delivered', 16, 1, 2, '2025-04-28 09:20:57', '2025-04-28 09:38:36', 4),
(115, 'delivered', 16, 1, 2, '2025-04-28 09:46:19', '2025-04-28 09:49:03', 4),
(119, 'delivered', 16, 1, 2, '2025-04-28 13:31:02', '2025-04-28 14:01:52', 4),
(121, 'delivered', 16, 1, 2, '2025-04-28 14:03:04', '2025-04-28 14:33:25', 4),
(122, 'delivered', 16, 1, 2, '2025-04-30 10:04:07', '2025-04-30 10:07:57', 4),
(123, 'delivered', 16, 3, 2, '2025-04-30 10:07:48', '2025-04-30 10:24:08', 4),
(124, 'delivered', 16, 2, 2, '2025-04-30 10:33:06', '2025-04-30 10:38:57', 4),
(125, 'delivered', 16, 1, 2, '2025-04-30 10:40:04', '2025-04-30 11:48:36', 4),
(126, 'delivered', 16, 1, 2, '2025-05-01 07:48:12', '2025-05-01 09:25:41', 4),
(127, 'delivered', 16, 2, 2, '2025-05-01 09:25:39', '2025-05-01 09:32:23', 4),
(128, 'delivered', 16, 2, 2, '2025-05-01 09:33:45', '2025-05-01 09:55:33', 4),
(129, 'delivered', 16, 2, 2, '2025-05-01 09:58:04', '2025-05-01 11:41:40', 4),
(130, 'delivered', 16, 3, 2, '2025-05-01 11:43:47', '2025-05-01 12:00:54', 4),
(131, 'delivered', 16, 1, 2, '2025-05-02 01:08:16', '2025-05-02 07:04:29', 4),
(132, 'delivered', 16, 4, 2, '2025-05-02 07:04:58', '2025-05-02 08:13:16', 4),
(133, 'delivered', 16, 1, 2, '2025-05-02 08:14:39', '2025-05-02 08:23:56', 4),
(134, 'delivered', 16, 1, 2, '2025-05-02 08:31:44', '2025-05-02 08:33:38', 4),
(135, 'delivered', 16, 1, 2, '2025-05-02 09:17:17', '2025-05-02 09:20:05', 4),
(136, 'delivered', 16, 1, 2, '2025-05-02 09:23:28', '2025-05-02 09:26:53', 4),
(137, 'delivered', 16, 1, 2, '2025-05-02 09:27:40', '2025-05-02 09:37:35', 4),
(138, 'delivered', 16, 1, 2, '2025-05-02 09:38:12', '2025-05-02 09:45:31', 4),
(139, 'delivered', 16, 1, 2, '2025-05-02 09:55:02', '2025-05-02 09:59:07', 4),
(140, 'delivered', 16, 1, 2, '2025-05-02 10:04:07', '2025-05-02 10:11:15', 4),
(141, 'delivered', 16, 1, 2, '2025-05-02 10:11:31', '2025-05-02 10:16:33', 4),
(142, 'delivered', 16, 1, 2, '2025-05-02 10:18:10', '2025-05-02 10:24:02', 4),
(143, 'delivered', 16, 1, 2, '2025-05-02 10:33:07', '2025-05-02 10:41:01', 4),
(144, 'delivered', 16, 1, 2, '2025-05-02 10:42:23', '2025-05-02 10:47:00', 4),
(145, 'delivered', 16, 1, 2, '2025-05-02 10:48:04', '2025-05-02 10:51:10', 4),
(146, 'delivered', 16, 1, 2, '2025-05-02 10:52:22', '2025-05-02 10:55:29', 4),
(147, 'delivered', 16, 1, 2, '2025-05-02 10:55:48', '2025-05-02 11:43:49', 4),
(148, 'delivered', 16, 2, 2, '2025-05-02 12:15:34', '2025-05-02 12:19:17', 4),
(149, 'delivered', 16, 1, 2, '2025-05-05 09:25:23', '2025-05-05 09:32:09', 4),
(150, 'delivered', 16, 1, 2, '2025-05-05 09:39:17', '2025-05-05 10:07:17', 4),
(151, 'delivered', 30, 2, 2, '2025-06-01 13:15:12', '2025-06-01 13:36:47', 4),
(152, 'delivered', 30, 3, 2, '2025-06-01 13:54:00', '2025-06-01 14:09:33', 4),
(153, 'delivering', 30, 1, 2, '2025-06-01 14:11:33', '2025-06-01 14:12:45', 4),
(154, 'delivering', 30, 2, 2, '2025-06-12 15:40:25', '2025-06-12 16:12:45', 4);

-- --------------------------------------------------------

--
-- Table structure for table `NotificationLogs`
--

CREATE TABLE `NotificationLogs` (
  `id` int(11) NOT NULL,
  `user_id` int(11) NOT NULL,
  `title` varchar(255) NOT NULL,
  `message` text NOT NULL,
  `status` enum('success','failed') NOT NULL,
  `response` text DEFAULT NULL,
  `created_at` timestamp NULL DEFAULT current_timestamp()
) ENGINE=InnoDB DEFAULT CHARSET=utf8mb4 COLLATE=utf8mb4_unicode_ci;

--
-- Dumping data for table `NotificationLogs`
--

INSERT INTO `NotificationLogs` (`id`, `user_id`, `title`, `message`, `status`, `response`, `created_at`) VALUES
(1, 15, 'New Order', 'You have a new order to deliver', 'success', '{\"name\":\"projects\\/mm-tracker-f54d9\\/messages\\/0:1737849524761141%512182e7512182e7\"}', '2025-01-25 23:58:44'),
(2, 15, 'New Order', 'You have a new order to deliver', 'success', '{\"name\":\"projects\\/mm-tracker-f54d9\\/messages\\/0:1737849541345340%512182e7512182e7\"}', '2025-01-25 23:59:01'),
(3, 15, 'New Manifest Assigned', 'You have been assigned a new manifest #50 from w1 (islamabad) with 1 orders', 'success', '{\"name\":\"projects\\/mm-tracker-f54d9\\/messages\\/0:1737851333761660%512182e7512182e7\"}', '2025-01-26 00:28:53'),
(4, 15, 'Manifest Assigned', 'You have been assigned manifest #50 from w1 (islamabad) with 1 orders', 'success', '{\"name\":\"projects\\/mm-tracker-f54d9\\/messages\\/0:1737852672988135%512182e7512182e7\"}', '2025-01-26 00:51:13'),
(5, 15, 'Manifest Assigned', 'You have been assigned manifest #50 from w1 (islamabad) with 1 orders', 'success', '{\"name\":\"projects\\/mm-tracker-f54d9\\/messages\\/0:1737880434972120%512182e7512182e7\"}', '2025-01-26 08:33:55'),
(6, 15, 'Manifest Assigned', 'You have been assigned manifest #50 from w1 (islamabad) with 1 orders', 'success', '{\"name\":\"projects\\/mm-tracker-f54d9\\/messages\\/0:1737880450991880%512182e7512182e7\"}', '2025-01-26 08:34:11'),
(7, 15, 'Manifest Status Updated', 'Manifest #50 status has been updated to Delivering', 'success', '{\"name\":\"projects\\/mm-tracker-f54d9\\/messages\\/0:1737880502954677%512182e7512182e7\"}', '2025-01-26 08:35:02'),
(8, 30, 'New Manifest Assigned', 'You have been assigned a new manifest #51 from w1 (islamabad) with 2 orders', 'success', '{\"name\":\"projects\\/mm-tracker-f54d9\\/messages\\/0:1737973196045747%512182e7512182e7\"}', '2025-01-27 10:19:56'),
(9, 30, 'New Manifest Assigned', 'You have been assigned a new manifest #52 from w1 (islamabad) with 2 orders', 'success', '{\"name\":\"projects\\/mm-tracker-f54d9\\/messages\\/0:1737975941027280%512182e7512182e7\"}', '2025-01-27 11:05:41'),
(10, 15, 'New Manifest Assigned', 'You have been assigned a new manifest #53 from w2 (islamabad) with 1 orders', 'success', '{\"name\":\"projects\\/mm-tracker-f54d9\\/messages\\/0:1737976243630546%512182e7512182e7\"}', '2025-01-27 11:10:43'),
(11, 30, 'New Manifest Assigned', 'You have been assigned a new manifest #54 from w1 (islamabad) with 2 orders', 'success', '{\"name\":\"projects\\/mm-tracker-f54d9\\/messages\\/0:1737985787532442%512182e7512182e7\"}', '2025-01-27 13:49:47'),
(12, 30, 'New Manifest Assigned', 'You have been assigned a new manifest #55 from Test (Islamabad) with 1 orders', 'failed', 'Requested entity was not found.', '2025-01-28 18:34:33'),
(13, 36, 'Manifest Assigned', 'You have been assigned manifest #55 from w1 (islamabad) with 6 orders', 'success', '{\"name\":\"projects\\/mm-tracker-f54d9\\/messages\\/0:1738094072526237%512182e7512182e7\"}', '2025-01-28 19:54:32'),
(14, 30, 'New Manifest Assigned', 'You have been assigned a new manifest #56 from Test (Islamabad) with 2 orders', 'success', '{\"name\":\"projects\\/mm-tracker-f54d9\\/messages\\/0:1738128335566850%512182e7512182e7\"}', '2025-01-29 05:25:35'),
(15, 30, 'New Manifest Assigned', 'You have been assigned a new manifest #57 from London warehouse (Notting Hill) with 3 orders', 'success', '{\"name\":\"projects\\/mm-tracker-f54d9\\/messages\\/0:1738133730187126%512182e7512182e7\"}', '2025-01-29 06:55:30'),
(16, 30, 'New Manifest Assigned', 'You have been assigned a new manifest #58 from Test (Islamabad) with 6 orders', 'success', '{\"name\":\"projects\\/mm-tracker-f54d9\\/messages\\/0:1738144438245367%512182e7512182e7\"}', '2025-01-29 09:53:58'),
(17, 30, 'New Manifest Assigned', 'You have been assigned a new manifest #59 from Test (Islamabad) with 6 orders', 'success', '{\"name\":\"projects\\/mm-tracker-f54d9\\/messages\\/0:1738213309217923%512182e7512182e7\"}', '2025-01-30 05:01:49'),
(18, 36, 'New Manifest Assigned', 'You have been assigned a new manifest #60 from London warehouse (Notting Hill) with 1 orders', 'success', '{\"name\":\"projects\\/mm-tracker-f54d9\\/messages\\/0:1738346310673878%512182e7512182e7\"}', '2025-01-31 17:58:30'),
(19, 36, 'New Manifest Assigned', 'You have been assigned a new manifest #61 from London warehouse (Notting Hill) with 1 orders', 'success', '{\"name\":\"projects\\/mm-tracker-f54d9\\/messages\\/0:1738346665264982%512182e7512182e7\"}', '2025-01-31 18:04:25'),
(20, 36, 'New Manifest Assigned', 'You have been assigned a new manifest #62 from London warehouse (Notting Hill) with 1 orders', 'success', '{\"name\":\"projects\\/mm-tracker-f54d9\\/messages\\/0:1738347389689503%512182e7512182e7\"}', '2025-01-31 18:16:29'),
(21, 36, 'New Manifest Assigned', 'You have been assigned a new manifest #63 from London warehouse (Notting Hill) with 2 orders', 'success', '{\"name\":\"projects\\/mm-tracker-f54d9\\/messages\\/0:1738348242089112%512182e7512182e7\"}', '2025-01-31 18:30:42'),
(22, 37, 'New Manifest Assigned', 'You have been assigned a new manifest #64 from ODEON Luxe Acton (Notting Hill) with 3 orders', 'success', '{\"name\":\"projects\\/mm-tracker-f54d9\\/messages\\/0:1738417713923872%512182e7512182e7\"}', '2025-02-01 13:48:33'),
(23, 30, 'New Manifest Assigned', 'You have been assigned a new manifest #65 from ODEON Luxe Acton (Notting Hill) with 6 orders', 'success', '{\"name\":\"projects\\/mm-tracker-f54d9\\/messages\\/0:1738580417916040%512182e7512182e7\"}', '2025-02-03 11:00:17'),
(24, 40, 'New Manifest Assigned', 'You have been assigned a new manifest #66 from Morning Flowers Acton (asd) with 4 orders', 'success', '{\"name\":\"projects\\/mm-tracker-f54d9\\/messages\\/0:1738963788232934%512182e7512182e7\"}', '2025-02-07 21:29:48'),
(25, 30, 'New Manifest Assigned', 'You have been assigned a new manifest #67 from ODEON Luxe Acton (Notting Hill) with 3 orders', 'success', '{\"name\":\"projects\\/mm-tracker-f54d9\\/messages\\/0:1740391320614768%512182e7512182e7\"}', '2025-02-24 10:02:00'),
(26, 30, 'New Manifest Assigned', 'You have been assigned a new manifest #68 from ODEON Luxe Acton (Notting Hill) with 3 orders', 'success', '{\"name\":\"projects\\/mm-tracker-f54d9\\/messages\\/0:1740395077937470%512182e7512182e7\"}', '2025-02-24 11:04:37'),
(27, 30, 'New Manifest Assigned', 'You have been assigned a new manifest #69 from ODEON Luxe Acton (Notting Hill) with 3 orders', 'success', '{\"name\":\"projects\\/mm-tracker-f54d9\\/messages\\/0:1740400455740890%512182e7512182e7\"}', '2025-02-24 12:34:15'),
(28, 30, 'New Manifest Assigned', 'You have been assigned a new manifest #70 from ODEON Luxe Acton (Notting Hill) with 4 orders', 'success', '{\"name\":\"projects\\/mm-tracker-f54d9\\/messages\\/0:1740458420710045%512182e7512182e7\"}', '2025-02-25 04:40:20'),
(29, 30, 'New Manifest Assigned', 'You have been assigned a new manifest #71 from ODEON Luxe Acton (Notting Hill) with 6 orders', 'success', '{\"name\":\"projects\\/mm-tracker-f54d9\\/messages\\/0:1740461377772288%512182e7512182e7\"}', '2025-02-25 05:29:37'),
(30, 30, 'New Manifest Assigned', 'You have been assigned a new manifest #72 from Test (Islamabad) with 6 orders', 'success', '{\"name\":\"projects\\/mm-tracker-f54d9\\/messages\\/0:1740463688575954%512182e7512182e7\"}', '2025-02-25 06:08:08'),
(31, 30, 'New Manifest Assigned', 'You have been assigned a new manifest #73 from ODEON Luxe Acton (Notting Hill) with 2 orders', 'success', '{\"name\":\"projects\\/mm-tracker-f54d9\\/messages\\/0:1740467428119634%512182e7512182e7\"}', '2025-02-25 07:10:28'),
(32, 30, 'New Manifest Assigned', 'You have been assigned a new manifest #74 from ODEON Luxe Acton (Notting Hill) with 1 orders', 'success', '{\"name\":\"projects\\/mm-tracker-f54d9\\/messages\\/0:1740478701943248%512182e7512182e7\"}', '2025-02-25 10:18:21'),
(33, 30, 'New Manifest Assigned', 'You have been assigned a new manifest #75 from ODEON Luxe Acton (Notting Hill) with 1 orders', 'success', '{\"name\":\"projects\\/mm-tracker-f54d9\\/messages\\/0:1740478711485500%512182e7512182e7\"}', '2025-02-25 10:18:31'),
(34, 30, 'New Manifest Assigned', 'You have been assigned a new manifest #76 from ODEON Luxe Acton (Notting Hill) with 1 orders', 'success', '{\"name\":\"projects\\/mm-tracker-f54d9\\/messages\\/0:1740478733181178%512182e7512182e7\"}', '2025-02-25 10:18:53'),
(35, 30, 'New Manifest Assigned', 'You have been assigned a new manifest #77 from ODEON Luxe Acton (Notting Hill) with 1 orders', 'success', '{\"name\":\"projects\\/mm-tracker-f54d9\\/messages\\/0:1740478751965960%512182e7512182e7\"}', '2025-02-25 10:19:12'),
(36, 30, 'New Manifest Assigned', 'You have been assigned a new manifest #78 from ODEON Luxe Acton (Notting Hill) with 2 orders', 'success', '{\"name\":\"projects\\/mm-tracker-f54d9\\/messages\\/0:1740478766663595%512182e7512182e7\"}', '2025-02-25 10:19:26'),
(37, 30, 'New Manifest Assigned', 'You have been assigned a new manifest #79 from ODEON Luxe Acton (Notting Hill) with 1 orders', 'success', '{\"name\":\"projects\\/mm-tracker-f54d9\\/messages\\/0:1740478778590059%512182e7512182e7\"}', '2025-02-25 10:19:38'),
(38, 30, 'New Manifest Assigned', 'You have been assigned a new manifest #80 from ODEON Luxe Acton (Notting Hill) with 1 orders', 'success', '{\"name\":\"projects\\/mm-tracker-f54d9\\/messages\\/0:1740478792733441%512182e7512182e7\"}', '2025-02-25 10:19:52'),
(39, 30, 'New Manifest Assigned', 'You have been assigned a new manifest #81 from ODEON Luxe Acton (Notting Hill) with 1 orders', 'success', '{\"name\":\"projects\\/mm-tracker-f54d9\\/messages\\/0:1740478817641767%512182e7512182e7\"}', '2025-02-25 10:20:17'),
(40, 30, 'New Manifest Assigned', 'You have been assigned a new manifest #82 from ODEON Luxe Acton (Notting Hill) with 1 orders', 'success', '{\"name\":\"projects\\/mm-tracker-f54d9\\/messages\\/0:1740478830685498%512182e7512182e7\"}', '2025-02-25 10:20:30'),
(41, 30, 'New Manifest Assigned', 'You have been assigned a new manifest #83 from ODEON Luxe Acton (Notting Hill) with 1 orders', 'success', '{\"name\":\"projects\\/mm-tracker-f54d9\\/messages\\/0:1740478841116297%512182e7512182e7\"}', '2025-02-25 10:20:41'),
(42, 30, 'New Manifest Assigned', 'You have been assigned a new manifest #84 from ODEON Luxe Acton (Notting Hill) with 1 orders', 'success', '{\"name\":\"projects\\/mm-tracker-f54d9\\/messages\\/0:1740478853761775%512182e7512182e7\"}', '2025-02-25 10:20:53'),
(43, 30, 'New Manifest Assigned', 'You have been assigned a new manifest #85 from ODEON Luxe Acton (Notting Hill) with 2 orders', 'success', '{\"name\":\"projects\\/mm-tracker-f54d9\\/messages\\/0:1740856180310029%512182e7512182e7\"}', '2025-03-01 19:09:40'),
(44, 30, 'New Manifest Assigned', 'You have been assigned a new manifest #86 from ODEON Luxe Acton (Notting Hill) with 2 orders', 'success', '{\"name\":\"projects\\/mm-tracker-f54d9\\/messages\\/0:1740857735664765%512182e7512182e7\"}', '2025-03-01 19:35:35'),
(45, 30, 'New Manifest Assigned', 'You have been assigned a new manifest #87 from ODEON Luxe Acton (Notting Hill) with 2 orders', 'success', '{\"name\":\"projects\\/mm-tracker-f54d9\\/messages\\/0:1740858471966758%512182e7512182e7\"}', '2025-03-01 19:47:52'),
(46, 30, 'New Manifest Assigned', 'You have been assigned a new manifest #88 from ODEON Luxe Acton (Notting Hill) with 2 orders', 'success', '{\"name\":\"projects\\/mm-tracker-f54d9\\/messages\\/0:1740859697625857%512182e7512182e7\"}', '2025-03-01 20:08:17'),
(47, 16, 'New Manifest Assigned', 'You have been assigned a new manifest #89 from ODEON Luxe Acton (Notting Hill) with 3 orders', 'failed', 'Requested entity was not found.', '2025-03-02 16:00:33'),
(48, 50, 'New Manifest Assigned', 'You have been assigned a new manifest #90 from YellowStorage (London) with 2 orders', 'success', '{\"name\":\"projects\\/mm-tracker-f54d9\\/messages\\/0:1741288920741420%512182e7512182e7\"}', '2025-03-06 19:22:00'),
(49, 51, 'Manifest Assigned', 'You have been assigned manifest #90 from YellowStorage (London) with 5 orders', 'success', '{\"name\":\"projects\\/mm-tracker-f54d9\\/messages\\/0:1741289955346500%512182e7512182e7\"}', '2025-03-06 19:39:15'),
(50, 16, 'New Manifest Assigned', 'You have been assigned a new manifest #91 from ODEON Luxe Acton (Notting Hill) with 2 orders', 'success', '{\"name\":\"projects\\/mm-tracker-f54d9\\/messages\\/0:1742393756803193%512182e7512182e7\"}', '2025-03-19 14:15:56'),
(51, 16, 'New Manifest Assigned', 'You have been assigned a new manifest #92 from ODEON Luxe Acton (Notting Hill) with 2 orders', 'success', '{\"name\":\"projects\\/mm-tracker-f54d9\\/messages\\/0:1742394686721079%512182e7512182e7\"}', '2025-03-19 14:31:26'),
(52, 16, 'New Manifest Assigned', 'You have been assigned a new manifest #93 from ODEON Luxe Acton (Notting Hill) with 2 orders', 'success', '{\"name\":\"projects\\/mm-tracker-f54d9\\/messages\\/0:1742398726199382%512182e7512182e7\"}', '2025-03-19 15:38:46'),
(53, 16, 'New Manifest Assigned', 'You have been assigned a new manifest #94 from ODEON Luxe Acton (Notting Hill) with 1 orders', 'success', '{\"name\":\"projects\\/mm-tracker-f54d9\\/messages\\/0:1742402984971600%512182e7512182e7\"}', '2025-03-19 16:49:45'),
(54, 16, 'New Manifest Assigned', 'You have been assigned a new manifest #95 from w2 (islamabad) with 1 orders', 'success', '{\"name\":\"projects\\/mm-tracker-f54d9\\/messages\\/0:1745692752346885%512182e7512182e7\"}', '2025-04-26 18:39:12'),
(55, 16, 'New Manifest Assigned', 'You have been assigned a new manifest #96 from ODEON Luxe Acton (Notting Hill) with 1 orders', 'success', '{\"name\":\"projects\\/mm-tracker-f54d9\\/messages\\/0:1745693606360018%512182e7512182e7\"}', '2025-04-26 18:53:26'),
(56, 16, 'New Manifest Assigned', 'You have been assigned a new manifest #97 from ODEON Luxe Acton (Notting Hill) with 1 orders', 'success', '{\"name\":\"projects\\/mm-tracker-f54d9\\/messages\\/0:1745694280232665%512182e7512182e7\"}', '2025-04-26 19:04:40'),
(57, 16, 'New Manifest Assigned', 'You have been assigned a new manifest #98 from ODEON Luxe Acton (Notting Hill) with 1 orders', 'success', '{\"name\":\"projects\\/mm-tracker-f54d9\\/messages\\/0:1745694822938819%512182e7512182e7\"}', '2025-04-26 19:13:42'),
(58, 16, 'New Manifest Assigned', 'You have been assigned a new manifest #99 from ODEON Luxe Acton (Notting Hill) with 1 orders', 'success', '{\"name\":\"projects\\/mm-tracker-f54d9\\/messages\\/0:1745695724758076%512182e7512182e7\"}', '2025-04-26 19:28:44'),
(59, 16, 'New Manifest Assigned', 'You have been assigned a new manifest #100 from ODEON Luxe Acton (Notting Hill) with 1 orders', 'success', '{\"name\":\"projects\\/mm-tracker-f54d9\\/messages\\/0:1745776875783718%512182e7512182e7\"}', '2025-04-27 18:01:15'),
(60, 16, 'Manifest Assigned', 'You have been assigned manifest #100 from ODEON Luxe Acton (Notting Hill) with 1 orders', 'success', '{\"name\":\"projects\\/mm-tracker-f54d9\\/messages\\/0:1745777508022383%512182e7512182e7\"}', '2025-04-27 18:11:48'),
(61, 16, 'New Manifest Assigned', 'You have been assigned a new manifest #101 from ODEON Luxe Acton (Notting Hill) with 1 orders', 'success', '{\"name\":\"projects\\/mm-tracker-f54d9\\/messages\\/0:1745778072004794%512182e7512182e7\"}', '2025-04-27 18:21:12'),
(62, 16, 'New Manifest Assigned', 'You have been assigned a new manifest #102 from ODEON Luxe Acton (Notting Hill) with 1 orders', 'success', '{\"name\":\"projects\\/mm-tracker-f54d9\\/messages\\/0:1745787833516628%512182e7512182e7\"}', '2025-04-27 21:03:53'),
(63, 16, 'New Manifest Assigned', 'You have been assigned a new manifest #103 from ODEON Luxe Acton (Notting Hill) with 1 orders', 'success', '{\"name\":\"projects\\/mm-tracker-f54d9\\/messages\\/0:1745791236779714%512182e7512182e7\"}', '2025-04-27 22:00:36'),
(64, 16, 'New Manifest Assigned', 'You have been assigned a new manifest #104 from ODEON Luxe Acton (Notting Hill) with 1 orders', 'success', '{\"name\":\"projects\\/mm-tracker-f54d9\\/messages\\/0:1745791704736937%512182e7512182e7\"}', '2025-04-27 22:08:24'),
(65, 16, 'New Manifest Assigned', 'You have been assigned a new manifest #105 from ODEON Luxe Acton (Notting Hill) with 1 orders', 'success', '{\"name\":\"projects\\/mm-tracker-f54d9\\/messages\\/0:1745792936903855%512182e7512182e7\"}', '2025-04-27 22:28:56'),
(66, 16, 'New Manifest Assigned', 'You have been assigned a new manifest #106 from ODEON Luxe Acton (Notting Hill) with 1 orders', 'success', '{\"name\":\"projects\\/mm-tracker-f54d9\\/messages\\/0:1745793796624430%512182e7512182e7\"}', '2025-04-27 22:43:16'),
(67, 16, 'New Manifest Assigned', 'You have been assigned a new manifest #107 from ODEON Luxe Acton (Notting Hill) with 1 orders', 'success', '{\"name\":\"projects\\/mm-tracker-f54d9\\/messages\\/0:1745826720093311%512182e7512182e7\"}', '2025-04-28 07:52:00'),
(68, 16, 'New Manifest Assigned', 'You have been assigned a new manifest #108 from ODEON Luxe Acton (Notting Hill) with 1 orders', 'success', '{\"name\":\"projects\\/mm-tracker-f54d9\\/messages\\/0:1745827628665533%512182e7512182e7\"}', '2025-04-28 08:07:08'),
(69, 16, 'New Manifest Assigned', 'You have been assigned a new manifest #109 from ODEON Luxe Acton (Notting Hill) with 1 orders', 'success', '{\"name\":\"projects\\/mm-tracker-f54d9\\/messages\\/0:1745828335976943%512182e7512182e7\"}', '2025-04-28 08:18:56'),
(70, 16, 'New Manifest Assigned', 'You have been assigned a new manifest #110 from ODEON Luxe Acton (Notting Hill) with 1 orders', 'success', '{\"name\":\"projects\\/mm-tracker-f54d9\\/messages\\/0:1745830021760256%512182e7512182e7\"}', '2025-04-28 08:47:01'),
(71, 16, 'New Manifest Assigned', 'You have been assigned a new manifest #111 from ODEON Luxe Acton (Notting Hill) with 1 orders', 'success', '{\"name\":\"projects\\/mm-tracker-f54d9\\/messages\\/0:1745830844088226%512182e7512182e7\"}', '2025-04-28 09:00:44'),
(72, 16, 'New Manifest Assigned', 'You have been assigned a new manifest #112 from ODEON Luxe Acton (Notting Hill) with 1 orders', 'success', '{\"name\":\"projects\\/mm-tracker-f54d9\\/messages\\/0:1745830956616178%512182e7512182e7\"}', '2025-04-28 09:02:36'),
(73, 16, 'New Manifest Assigned', 'You have been assigned a new manifest #113 from ODEON Luxe Acton (Notting Hill) with 1 orders', 'success', '{\"name\":\"projects\\/mm-tracker-f54d9\\/messages\\/0:1745831085192141%512182e7512182e7\"}', '2025-04-28 09:04:45'),
(74, 16, 'New Manifest Assigned', 'You have been assigned a new manifest #114 from ODEON Luxe Acton (Notting Hill) with 1 orders', 'success', '{\"name\":\"projects\\/mm-tracker-f54d9\\/messages\\/0:1745832057913208%512182e7512182e7\"}', '2025-04-28 09:20:57'),
(75, 16, 'New Manifest Assigned', 'You have been assigned a new manifest #115 from ODEON Luxe Acton (Notting Hill) with 1 orders', 'success', '{\"name\":\"projects\\/mm-tracker-f54d9\\/messages\\/0:1745833580339918%512182e7512182e7\"}', '2025-04-28 09:46:20'),
(76, 16, 'New Manifest Assigned', 'You have been assigned a new manifest #119 from ODEON Luxe Acton (Notting Hill) with 1 orders', 'success', '{\"name\":\"projects\\/mm-tracker-f54d9\\/messages\\/0:1745847062983528%512182e7512182e7\"}', '2025-04-28 13:31:03'),
(77, 16, 'New Manifest Assigned', 'You have been assigned a new manifest #120 from ODEON Luxe Acton (Notting Hill) with 1 orders', 'success', '{\"name\":\"projects\\/mm-tracker-f54d9\\/messages\\/0:1745847460233017%512182e7512182e7\"}', '2025-04-28 13:37:40'),
(78, 16, 'New Manifest Assigned', 'You have been assigned a new manifest #121 from ODEON Luxe Acton (Notting Hill) with 1 orders', 'success', '{\"name\":\"projects\\/mm-tracker-f54d9\\/messages\\/0:1745848984628621%512182e7512182e7\"}', '2025-04-28 14:03:04'),
(79, 16, 'New Manifest Assigned', 'You have been assigned a new manifest #122 from ODEON Luxe Acton (Notting Hill) with 1 orders', 'success', '{\"name\":\"projects\\/mm-tracker-f54d9\\/messages\\/0:1746007448012541%512182e7512182e7\"}', '2025-04-30 10:04:08'),
(80, 16, 'New Manifest Assigned', 'You have been assigned a new manifest #123 from ODEON Luxe Acton (Notting Hill) with 3 orders', 'success', '{\"name\":\"projects\\/mm-tracker-f54d9\\/messages\\/0:1746007668942913%512182e7512182e7\"}', '2025-04-30 10:07:48'),
(81, 16, 'New Manifest Assigned', 'You have been assigned a new manifest #124 from ODEON Luxe Acton (Notting Hill) with 2 orders', 'success', '{\"name\":\"projects\\/mm-tracker-f54d9\\/messages\\/0:1746009187254094%512182e7512182e7\"}', '2025-04-30 10:33:07'),
(82, 16, 'New Manifest Assigned', 'You have been assigned a new manifest #125 from ODEON Luxe Acton (Notting Hill) with 1 orders', 'success', '{\"name\":\"projects\\/mm-tracker-f54d9\\/messages\\/0:1746009604770553%512182e7512182e7\"}', '2025-04-30 10:40:04'),
(83, 16, 'New Manifest Assigned', 'You have been assigned a new manifest #126 from ODEON Luxe Acton (Notting Hill) with 1 orders', 'success', '{\"name\":\"projects\\/mm-tracker-f54d9\\/messages\\/0:1746085693011876%512182e7512182e7\"}', '2025-05-01 07:48:13'),
(84, 16, 'New Manifest Assigned', 'You have been assigned a new manifest #127 from ODEON Luxe Acton (Notting Hill) with 2 orders', 'success', '{\"name\":\"projects\\/mm-tracker-f54d9\\/messages\\/0:1746091539594431%512182e7512182e7\"}', '2025-05-01 09:25:39'),
(85, 16, 'Manifest Status Updated', 'Manifest #127 status has been updated to Delivered', 'success', '{\"name\":\"projects\\/mm-tracker-f54d9\\/messages\\/0:1746091944172730%512182e7512182e7\"}', '2025-05-01 09:32:24'),
(86, 16, 'New Manifest Assigned', 'You have been assigned a new manifest #128 from ODEON Luxe Acton (Notting Hill) with 2 orders', 'success', '{\"name\":\"projects\\/mm-tracker-f54d9\\/messages\\/0:1746092026011446%512182e7512182e7\"}', '2025-05-01 09:33:46'),
(87, 16, 'Manifest Status Updated', 'Manifest #128 status has been updated to Delivered', 'success', '{\"name\":\"projects\\/mm-tracker-f54d9\\/messages\\/0:1746093334354107%512182e7512182e7\"}', '2025-05-01 09:55:34'),
(88, 16, 'New Manifest Assigned', 'You have been assigned a new manifest #129 from ODEON Luxe Acton (Notting Hill) with 2 orders', 'success', '{\"name\":\"projects\\/mm-tracker-f54d9\\/messages\\/0:1746093484705118%512182e7512182e7\"}', '2025-05-01 09:58:04'),
(89, 16, 'Manifest Status Updated', 'Manifest #129 status has been updated to Delivered', 'success', '{\"name\":\"projects\\/mm-tracker-f54d9\\/messages\\/0:1746099700506456%512182e7512182e7\"}', '2025-05-01 11:41:40'),
(90, 16, 'New Manifest Assigned', 'You have been assigned a new manifest #130 from ODEON Luxe Acton (Notting Hill) with 3 orders', 'success', '{\"name\":\"projects\\/mm-tracker-f54d9\\/messages\\/0:1746099827972224%512182e7512182e7\"}', '2025-05-01 11:43:48'),
(91, 16, 'New Manifest Assigned', 'You have been assigned a new manifest #131 from ODEON Luxe Acton (Notting Hill) with 1 orders', 'success', '{\"name\":\"projects\\/mm-tracker-f54d9\\/messages\\/0:1746148097024250%512182e7512182e7\"}', '2025-05-02 01:08:17'),
(92, 16, 'Manifest Status Updated', 'Manifest #131 status has been updated to Delivered', 'success', '{\"name\":\"projects\\/mm-tracker-f54d9\\/messages\\/0:1746169470220951%512182e7512182e7\"}', '2025-05-02 07:04:30'),
(93, 16, 'New Manifest Assigned', 'You have been assigned a new manifest #132 from ODEON Luxe Acton (Notting Hill) with 1 orders', 'success', '{\"name\":\"projects\\/mm-tracker-f54d9\\/messages\\/0:1746169499151025%512182e7512182e7\"}', '2025-05-02 07:04:59'),
(94, 16, 'New Manifest Assigned', 'You have been assigned a new manifest #133 from ODEON Luxe Acton (Notting Hill) with 1 orders', 'success', '{\"name\":\"projects\\/mm-tracker-f54d9\\/messages\\/0:1746173680069357%512182e7512182e7\"}', '2025-05-02 08:14:40'),
(95, 16, 'New Manifest Assigned', 'You have been assigned a new manifest #134 from ODEON Luxe Acton (Notting Hill) with 1 orders', 'success', '{\"name\":\"projects\\/mm-tracker-f54d9\\/messages\\/0:1746174704540330%512182e7512182e7\"}', '2025-05-02 08:31:44'),
(96, 16, 'New Manifest Assigned', 'You have been assigned a new manifest #135 from ODEON Luxe Acton (Notting Hill) with 1 orders', 'success', '{\"name\":\"projects\\/mm-tracker-f54d9\\/messages\\/0:1746177438226957%512182e7512182e7\"}', '2025-05-02 09:17:18'),
(97, 16, 'New Manifest Assigned', 'You have been assigned a new manifest #136 from ODEON Luxe Acton (Notting Hill) with 1 orders', 'success', '{\"name\":\"projects\\/mm-tracker-f54d9\\/messages\\/0:1746177809332838%512182e7512182e7\"}', '2025-05-02 09:23:29'),
(98, 16, 'New Manifest Assigned', 'You have been assigned a new manifest #137 from ODEON Luxe Acton (Notting Hill) with 1 orders', 'success', '{\"name\":\"projects\\/mm-tracker-f54d9\\/messages\\/0:1746178060762707%512182e7512182e7\"}', '2025-05-02 09:27:40'),
(99, 16, 'New Manifest Assigned', 'You have been assigned a new manifest #138 from ODEON Luxe Acton (Notting Hill) with 1 orders', 'success', '{\"name\":\"projects\\/mm-tracker-f54d9\\/messages\\/0:1746178693373748%512182e7512182e7\"}', '2025-05-02 09:38:13'),
(100, 16, 'New Manifest Assigned', 'You have been assigned a new manifest #139 from ODEON Luxe Acton (Notting Hill) with 1 orders', 'success', '{\"name\":\"projects\\/mm-tracker-f54d9\\/messages\\/0:1746179703488371%512182e7512182e7\"}', '2025-05-02 09:55:03'),
(101, 16, 'New Manifest Assigned', 'You have been assigned a new manifest #140 from ODEON Luxe Acton (Notting Hill) with 2 orders', 'success', '{\"name\":\"projects\\/mm-tracker-f54d9\\/messages\\/0:1746180248284992%512182e7512182e7\"}', '2025-05-02 10:04:08'),
(102, 16, 'New Manifest Assigned', 'You have been assigned a new manifest #141 from ODEON Luxe Acton (Notting Hill) with 1 orders', 'success', '{\"name\":\"projects\\/mm-tracker-f54d9\\/messages\\/0:1746180692222365%512182e7512182e7\"}', '2025-05-02 10:11:32'),
(103, 16, 'New Manifest Assigned', 'You have been assigned a new manifest #142 from ODEON Luxe Acton (Notting Hill) with 1 orders', 'success', '{\"name\":\"projects\\/mm-tracker-f54d9\\/messages\\/0:1746181091352000%512182e7512182e7\"}', '2025-05-02 10:18:11'),
(104, 16, 'New Manifest Assigned', 'You have been assigned a new manifest #143 from ODEON Luxe Acton (Notting Hill) with 1 orders', 'success', '{\"name\":\"projects\\/mm-tracker-f54d9\\/messages\\/0:1746181987675670%512182e7512182e7\"}', '2025-05-02 10:33:07'),
(105, 16, 'New Manifest Assigned', 'You have been assigned a new manifest #144 from ODEON Luxe Acton (Notting Hill) with 1 orders', 'success', '{\"name\":\"projects\\/mm-tracker-f54d9\\/messages\\/0:1746182543818728%512182e7512182e7\"}', '2025-05-02 10:42:23'),
(106, 16, 'New Manifest Assigned', 'You have been assigned a new manifest #145 from ODEON Luxe Acton (Notting Hill) with 1 orders', 'success', '{\"name\":\"projects\\/mm-tracker-f54d9\\/messages\\/0:1746182885317781%512182e7512182e7\"}', '2025-05-02 10:48:05'),
(107, 16, 'New Manifest Assigned', 'You have been assigned a new manifest #146 from ODEON Luxe Acton (Notting Hill) with 1 orders', 'success', '{\"name\":\"projects\\/mm-tracker-f54d9\\/messages\\/0:1746183143061811%512182e7512182e7\"}', '2025-05-02 10:52:23'),
(108, 16, 'Manifest Status Updated', 'Manifest #146 status has been updated to Delivered', 'success', '{\"name\":\"projects\\/mm-tracker-f54d9\\/messages\\/0:1746183329626485%512182e7512182e7\"}', '2025-05-02 10:55:29'),
(109, 16, 'New Manifest Assigned', 'You have been assigned a new manifest #147 from ODEON Luxe Acton (Notting Hill) with 1 orders', 'success', '{\"name\":\"projects\\/mm-tracker-f54d9\\/messages\\/0:1746183348749432%512182e7512182e7\"}', '2025-05-02 10:55:48'),
(110, 16, 'New Manifest Assigned', 'You have been assigned a new manifest #148 from ODEON Luxe Acton (Notting Hill) with 2 orders', 'success', '{\"name\":\"projects\\/mm-tracker-f54d9\\/messages\\/0:1746188134744912%512182e7512182e7\"}', '2025-05-02 12:15:34'),
(111, 16, 'New Manifest Assigned', 'You have been assigned a new manifest #149 from ODEON Luxe Acton (Notting Hill) with 1 orders', 'success', '{\"name\":\"projects\\/mm-tracker-f54d9\\/messages\\/0:1746437124039830%512182e7512182e7\"}', '2025-05-05 09:25:24'),
(112, 16, 'New Manifest Assigned', 'You have been assigned a new manifest #150 from ODEON Luxe Acton (Notting Hill) with 1 orders', 'success', '{\"name\":\"projects\\/mm-tracker-f54d9\\/messages\\/0:1746437958231188%512182e7512182e7\"}', '2025-05-05 09:39:18'),
(113, 30, 'New Manifest Assigned', 'You have been assigned a new manifest #151 from ODEON Luxe Acton (Notting Hill) with 2 orders', 'success', '{\"name\":\"projects\\/mm-tracker-f54d9\\/messages\\/0:1748783712691736%512182e7512182e7\"}', '2025-06-01 13:15:12'),
(114, 30, 'New Manifest Assigned', 'You have been assigned a new manifest #152 from ODEON Luxe Acton (Notting Hill) with 2 orders', 'success', '{\"name\":\"projects\\/mm-tracker-f54d9\\/messages\\/0:1748786041418011%512182e7512182e7\"}', '2025-06-01 13:54:01'),
(115, 30, 'New Manifest Assigned', 'You have been assigned a new manifest #153 from ODEON Luxe Acton (Notting Hill) with 1 orders', 'success', '{\"name\":\"projects\\/mm-tracker-f54d9\\/messages\\/0:1748787094823379%512182e7512182e7\"}', '2025-06-01 14:11:34'),
(116, 30, 'New Manifest Assigned', 'You have been assigned a new manifest #154 from ODEON Luxe Acton (Notting Hill) with 1 orders', 'success', '{\"name\":\"projects\\/mm-tracker-f54d9\\/messages\\/0:1749742826216682%512182e7512182e7\"}', '2025-06-12 15:40:26');

-- --------------------------------------------------------

--
-- Table structure for table `Orders`
--

CREATE TABLE `Orders` (
  `id` int(11) NOT NULL,
  `order_number` varchar(50) NOT NULL,
  `status` enum('pending','assigned','delivering','delivered','failed') NOT NULL DEFAULT 'pending',
  `notes` text DEFAULT NULL,
  `total_amount` decimal(10,2) DEFAULT NULL,
  `company_id` int(11) NOT NULL,
  `customer_id` int(11) DEFAULT NULL,
  `delivery_address_id` int(11) DEFAULT NULL,
  `organization_id` int(11) DEFAULT NULL,
  `drop_number` int(11) DEFAULT NULL,
  `created_at` timestamp NOT NULL DEFAULT current_timestamp(),
  `updated_at` timestamp NOT NULL DEFAULT current_timestamp() ON UPDATE current_timestamp(),
  `delivery_date` date DEFAULT NULL,
  `requires_image_proof` tinyint(1) DEFAULT NULL,
  `requires_signature_proof` tinyint(1) DEFAULT NULL,
  `proof_photo_url` varchar(255) DEFAULT NULL COMMENT 'Path to final delivery photo proof',
  `proof_signature_path` varchar(255) DEFAULT NULL COMMENT 'Path to final delivery signature proof',
  `latitude` decimal(10,7) DEFAULT NULL,
  `longitude` decimal(10,7) DEFAULT NULL
) ENGINE=InnoDB DEFAULT CHARSET=utf8mb4 COLLATE=utf8mb4_general_ci;

--
-- Dumping data for table `Orders`
--

INSERT INTO `Orders` (`id`, `order_number`, `status`, `notes`, `total_amount`, `company_id`, `customer_id`, `delivery_address_id`, `organization_id`, `drop_number`, `created_at`, `updated_at`, `delivery_date`, `requires_image_proof`, `requires_signature_proof`, `proof_photo_url`, `proof_signature_path`, `latitude`, `longitude`) VALUES
(60, 'ORD-20250127-7F35', 'delivered', '', 27.00, 2, NULL, NULL, NULL, 2, '2025-01-27 11:38:37', '2025-03-03 07:26:09', NULL, NULL, NULL, NULL, NULL, NULL, NULL),
(61, 'ORD-20250127-300F', 'delivered', '', 25.00, 2, NULL, NULL, NULL, 2, '2025-01-27 13:48:22', '2025-01-27 13:55:10', NULL, NULL, NULL, NULL, NULL, NULL, NULL),
(62, 'ORD-20250127-4737', 'delivered', '', 9.00, 2, NULL, NULL, NULL, 1, '2025-01-27 13:49:17', '2025-01-27 13:54:35', NULL, NULL, NULL, NULL, NULL, NULL, NULL),
(63, 'ORD-20250128-9ECA', 'delivered', '', 2.00, 2, NULL, NULL, NULL, 3, '2025-01-28 12:49:26', '2025-03-03 07:27:39', NULL, NULL, NULL, NULL, NULL, NULL, NULL),
(64, 'ORD-20250128-41D5', 'failed', '', 3.00, 2, NULL, NULL, NULL, 1, '2025-01-28 12:50:07', '2025-03-03 07:25:12', NULL, NULL, NULL, NULL, NULL, NULL, NULL),
(66, 'ORD-20250128-F4EB', 'delivered', '', 32.00, 2, NULL, NULL, NULL, 4, '2025-01-28 18:43:22', '2025-01-28 20:43:29', NULL, NULL, NULL, NULL, NULL, NULL, NULL),
(67, 'ORD-20250128-D13A', 'delivered', '', 23.00, 2, NULL, NULL, NULL, 1, '2025-01-28 18:45:53', '2025-01-28 20:15:51', NULL, NULL, NULL, NULL, NULL, NULL, NULL),
(68, 'ORD-20250128-1B7A', 'delivered', '', 45.00, 2, NULL, NULL, NULL, 3, '2025-01-28 18:48:22', '2025-01-28 20:43:08', NULL, NULL, NULL, NULL, NULL, NULL, NULL),
(69, 'ORD-20250128-2B4B', 'delivered', '', 3.00, 2, NULL, NULL, NULL, 5, '2025-01-28 18:51:54', '2025-01-28 20:45:18', NULL, NULL, NULL, NULL, NULL, NULL, NULL),
(70, 'ORD-20250128-9CCE', 'delivered', '', 2.00, 2, NULL, NULL, NULL, 2, '2025-01-28 18:53:26', '2025-01-28 20:41:21', NULL, NULL, NULL, NULL, NULL, NULL, NULL),
(71, 'ORD-20250128-BAC9', 'delivered', '', 1.98, 2, NULL, NULL, NULL, 6, '2025-01-28 19:57:03', '2025-01-28 20:45:37', NULL, NULL, NULL, NULL, NULL, NULL, NULL),
(72, 'ORD-20250128-6640', 'delivered', '', 2.00, 2, NULL, NULL, NULL, NULL, '2025-01-28 20:32:38', '2025-01-28 20:34:48', NULL, NULL, NULL, NULL, NULL, NULL, NULL),
(73, 'ORD-20250129-133F', 'delivered', 'Hurry Up', 12.00, 2, NULL, NULL, NULL, 1, '2025-01-29 05:24:16', '2025-01-29 07:53:27', '2025-01-31', NULL, NULL, NULL, NULL, NULL, NULL),
(74, 'ORD-20250129-0B1D', 'delivered', 'Birds of a feather!', 234.00, 2, NULL, NULL, NULL, 2, '2025-01-29 05:25:12', '2025-01-29 08:07:25', '2025-01-30', NULL, NULL, NULL, NULL, NULL, NULL),
(75, 'ORD-20250129-3287', 'delivered', 'The Nearest Order', 3.00, 2, NULL, NULL, NULL, 3, '2025-01-29 06:08:40', '2025-02-03 10:24:11', NULL, NULL, NULL, NULL, NULL, NULL, NULL),
(76, 'ORD-20250129-CF29', 'delivered', '', 8.99, 2, NULL, NULL, NULL, 2, '2025-01-29 06:45:43', '2025-01-29 09:29:24', NULL, NULL, NULL, NULL, NULL, NULL, NULL),
(77, 'ORD-20250129-B8B4', 'delivered', '', 3.00, 2, NULL, NULL, NULL, 3, '2025-01-29 06:50:21', '2025-02-24 10:31:03', NULL, NULL, NULL, NULL, NULL, NULL, NULL),
(78, 'ORD-20250129-3807', 'delivered', '', 3.00, 2, NULL, NULL, NULL, 1, '2025-01-29 06:53:55', '2025-01-29 08:14:00', NULL, NULL, NULL, NULL, NULL, NULL, NULL),
(79, 'ORD-20250129-E552', 'delivered', '', 32.00, 2, NULL, NULL, NULL, NULL, '2025-01-29 09:38:18', '2025-01-29 09:39:19', NULL, NULL, NULL, NULL, NULL, NULL, NULL),
(80, 'ORD-20250129-A15A', 'delivered', '', 3233.00, 2, NULL, NULL, NULL, 1, '2025-01-29 09:47:57', '2025-01-29 09:56:18', NULL, NULL, NULL, NULL, NULL, NULL, NULL),
(81, 'ORD-20250129-DBBE', 'failed', '', 323.00, 2, NULL, NULL, NULL, 3, '2025-01-29 09:48:54', '2025-01-29 12:08:45', NULL, NULL, NULL, NULL, NULL, NULL, NULL),
(82, 'ORD-20250129-8837', 'failed', '', 32.00, 2, NULL, NULL, NULL, 4, '2025-01-29 09:49:32', '2025-01-29 12:20:18', NULL, NULL, NULL, NULL, NULL, NULL, NULL),
(83, 'ORD-20250129-DE8A', 'delivered', '', 23.00, 2, NULL, NULL, NULL, 2, '2025-01-29 09:51:07', '2025-01-29 10:12:15', NULL, NULL, NULL, NULL, NULL, NULL, NULL),
(84, 'ORD-20250129-5A3E', 'delivered', '', 32.00, 2, NULL, NULL, NULL, 5, '2025-01-29 09:51:52', '2025-02-03 15:26:48', NULL, NULL, NULL, NULL, NULL, NULL, NULL),
(85, 'ORD-20250129-9A08', 'failed', '', 3.00, 2, NULL, NULL, NULL, 6, '2025-01-29 09:52:32', '2025-01-29 12:10:22', NULL, NULL, NULL, NULL, NULL, NULL, NULL),
(86, 'ORD-20250130-4406', 'delivered', '', 5.00, 2, NULL, NULL, NULL, 1, '2025-01-30 04:57:03', '2025-01-30 05:47:27', NULL, NULL, NULL, NULL, NULL, NULL, NULL),
(87, 'ORD-20250130-4BA4', 'failed', '', 1.00, 2, NULL, NULL, NULL, 2, '2025-01-30 04:57:57', '2025-01-30 05:50:36', NULL, NULL, NULL, NULL, NULL, NULL, NULL),
(88, 'ORD-20250130-3DFC', 'failed', '', 3.00, 2, NULL, NULL, NULL, 3, '2025-01-30 04:58:45', '2025-02-03 09:37:18', NULL, NULL, NULL, NULL, NULL, NULL, NULL),
(89, 'ORD-20250130-5482', 'failed', '', 4.00, 2, NULL, NULL, NULL, 4, '2025-01-30 04:59:31', '2025-02-03 10:01:02', NULL, NULL, NULL, NULL, NULL, NULL, NULL),
(90, 'ORD-20250130-ACA7', 'failed', '', 3.00, 2, NULL, NULL, NULL, 5, '2025-01-30 05:00:22', '2025-02-03 10:08:49', NULL, NULL, NULL, NULL, NULL, NULL, NULL),
(91, 'ORD-20250130-5293', 'failed', '', 5.00, 2, NULL, NULL, NULL, 6, '2025-01-30 05:01:12', '2025-02-03 10:15:25', NULL, NULL, NULL, NULL, NULL, NULL, NULL),
(93, 'ORD-20250131-E888', 'delivered', '', 0.00, 2, NULL, NULL, NULL, 1, '2025-01-31 17:54:47', '2025-01-31 17:59:53', NULL, NULL, NULL, NULL, NULL, NULL, NULL),
(94, 'ORD-20250131-0509', 'delivered', '', 0.00, 2, NULL, NULL, NULL, 1, '2025-01-31 18:04:14', '2025-01-31 18:05:11', NULL, NULL, NULL, NULL, NULL, NULL, NULL),
(95, 'ORD-20250131-E4A9', 'delivered', '', 0.00, 2, NULL, NULL, NULL, 1, '2025-01-31 18:16:18', '2025-01-31 18:17:05', NULL, NULL, NULL, NULL, NULL, NULL, NULL),
(96, 'ORD-20250131-93E2', 'failed', '', 0.00, 2, NULL, NULL, NULL, 2, '2025-01-31 18:30:05', '2025-03-19 15:40:46', NULL, NULL, NULL, NULL, NULL, NULL, NULL),
(97, 'ORD-20250131-72B8', 'delivered', '', 0.00, 2, NULL, NULL, NULL, 2, '2025-01-31 18:30:29', '2025-03-19 15:40:34', NULL, NULL, NULL, NULL, NULL, NULL, NULL),
(98, 'ORD-20250201-5BC4', 'delivering', '', 0.00, 2, NULL, NULL, NULL, 2, '2025-02-01 13:36:57', '2025-02-01 13:50:10', NULL, NULL, NULL, NULL, NULL, NULL, NULL),
(99, 'ORD-20250201-99B9', 'delivered', '', 0.00, 2, NULL, NULL, NULL, 2, '2025-02-01 13:39:08', '2025-02-25 12:09:23', NULL, NULL, NULL, NULL, NULL, NULL, NULL),
(100, 'ORD-20250201-E83B', 'failed', '', 0.00, 2, NULL, NULL, NULL, 3, '2025-02-01 13:41:27', '2025-02-01 13:56:48', NULL, NULL, NULL, NULL, NULL, NULL, NULL),
(101, 'ORD-20250203-1BCF', 'delivered', '', 0.00, 2, NULL, NULL, NULL, 5, '2025-02-03 10:37:17', '2025-02-03 13:57:45', NULL, NULL, NULL, NULL, NULL, NULL, NULL),
(102, 'ORD-20250203-8AB9', 'delivered', '', 0.00, 2, NULL, NULL, NULL, 6, '2025-02-03 10:38:25', '2025-02-03 14:07:23', NULL, NULL, NULL, NULL, NULL, NULL, NULL),
(103, 'ORD-20250203-EB8C', 'failed', '', 0.00, 2, NULL, NULL, NULL, 2, '2025-02-03 10:46:40', '2025-02-03 11:02:25', NULL, NULL, NULL, NULL, NULL, NULL, NULL),
(104, 'ORD-20250203-5E6A', 'delivered', '', 0.00, 2, NULL, NULL, NULL, 3, '2025-02-03 10:52:53', '2025-02-03 13:56:14', NULL, NULL, NULL, NULL, NULL, NULL, NULL),
(105, 'ORD-20250203-9DF8', 'delivered', '', 0.00, 2, NULL, NULL, NULL, 4, '2025-02-03 10:54:46', '2025-02-03 11:55:18', NULL, NULL, NULL, NULL, NULL, NULL, NULL),
(106, 'ORD-20250203-8129', 'delivered', '', 0.00, 2, NULL, NULL, NULL, 2, '2025-02-03 10:59:26', '2025-02-03 12:15:56', NULL, NULL, NULL, NULL, NULL, NULL, NULL),
(107, 'ORD-20250207-5B53', 'failed', '', 0.00, 7, NULL, NULL, NULL, 1, '2025-02-07 21:15:41', '2025-02-07 22:01:40', '2025-02-07', NULL, NULL, NULL, NULL, NULL, NULL),
(108, 'ORD-20250207-AF2E', 'delivered', '', 0.00, 7, NULL, NULL, NULL, 5, '2025-02-07 21:24:22', '2025-02-07 22:28:34', '2025-02-07', NULL, NULL, NULL, NULL, NULL, NULL),
(109, 'ORD-20250207-0BF0', 'pending', '', 0.00, 7, NULL, NULL, NULL, 2, '2025-02-07 21:28:30', '2025-02-07 22:18:24', '2025-02-07', NULL, NULL, NULL, NULL, NULL, NULL),
(110, 'ORD-20250207-9ADD', 'failed', '', 0.00, 7, NULL, NULL, NULL, 4, '2025-02-07 21:29:26', '2025-02-07 22:20:02', '2025-02-07', NULL, NULL, NULL, NULL, NULL, NULL),
(111, 'ORD-20250207-1A07', 'delivered', '', 0.00, 7, NULL, NULL, NULL, 3, '2025-02-07 21:53:07', '2025-02-07 22:08:41', '2025-02-07', NULL, NULL, NULL, NULL, NULL, NULL),
(112, 'ORD-20250207-AA9C', 'delivering', '', 0.00, 7, NULL, NULL, NULL, NULL, '2025-02-07 22:11:33', '2025-02-21 18:49:37', '2025-02-07', NULL, NULL, NULL, NULL, NULL, NULL),
(113, 'ORD-20250207-B9FC', 'delivered', '', 0.00, 7, NULL, NULL, NULL, NULL, '2025-02-07 22:13:11', '2025-02-07 22:24:46', '2025-02-07', NULL, NULL, NULL, NULL, NULL, NULL),
(114, 'ORD-20250224-BA6E', 'delivered', '', 0.00, 2, NULL, NULL, NULL, 1, '2025-02-24 09:58:48', '2025-02-24 10:06:16', NULL, NULL, NULL, NULL, NULL, NULL, NULL),
(115, 'ORD-20250224-1347', 'delivered', '', 0.00, 2, NULL, NULL, NULL, 3, '2025-02-24 10:00:27', '2025-02-24 10:24:25', NULL, NULL, NULL, NULL, NULL, NULL, NULL),
(116, 'ORD-20250224-3239', 'delivered', '', 0.00, 2, NULL, NULL, NULL, 2, '2025-02-24 10:01:34', '2025-02-24 10:11:19', NULL, NULL, NULL, NULL, NULL, NULL, NULL),
(117, 'ORD-20250224-D59D', 'delivered', '', 0.00, 2, NULL, NULL, NULL, 2, '2025-02-24 11:01:25', '2025-02-24 11:25:59', NULL, NULL, NULL, NULL, NULL, NULL, NULL),
(118, 'ORD-20250224-C2CC', 'delivered', '', 0.00, 2, NULL, NULL, NULL, 3, '2025-02-24 11:03:22', '2025-02-24 11:31:40', NULL, NULL, NULL, NULL, NULL, NULL, NULL),
(119, 'ORD-20250224-86DF', 'delivered', '', 0.00, 2, NULL, NULL, NULL, 1, '2025-02-24 11:04:14', '2025-02-24 11:19:23', NULL, NULL, NULL, NULL, NULL, NULL, NULL),
(120, 'ORD-20250224-922C', 'failed', '', 0.00, 2, NULL, NULL, NULL, 1, '2025-02-24 12:32:05', '2025-02-24 12:45:46', NULL, NULL, NULL, NULL, NULL, NULL, NULL),
(121, 'ORD-20250224-5856', 'failed', '', 0.00, 2, NULL, NULL, NULL, 3, '2025-02-24 12:33:00', '2025-02-24 12:58:08', NULL, NULL, NULL, NULL, NULL, NULL, NULL),
(122, 'ORD-20250224-9EF2', 'failed', '', 0.00, 2, NULL, NULL, NULL, 2, '2025-02-24 12:33:49', '2025-02-24 12:50:09', NULL, NULL, NULL, NULL, NULL, NULL, NULL),
(123, 'ORD-20250225-CF0A', 'delivered', '', 0.00, 2, NULL, NULL, NULL, 3, '2025-02-25 04:36:39', '2025-02-25 05:03:45', NULL, NULL, NULL, NULL, NULL, NULL, NULL),
(124, 'ORD-20250225-C6F9', 'delivered', '', 0.00, 2, NULL, NULL, NULL, 2, '2025-02-25 04:37:33', '2025-02-25 04:50:38', NULL, NULL, NULL, NULL, NULL, NULL, NULL),
(125, 'ORD-20250225-D26B', 'failed', '', 0.00, 2, NULL, NULL, NULL, 4, '2025-02-25 04:38:30', '2025-02-25 04:44:04', NULL, NULL, NULL, NULL, NULL, NULL, NULL),
(126, 'ORD-20250225-6BF3', 'delivered', '', 0.00, 2, NULL, NULL, NULL, 4, '2025-02-25 04:39:54', '2025-02-25 05:09:41', NULL, NULL, NULL, NULL, NULL, NULL, NULL),
(127, 'ORD-20250225-EE58', 'delivered', '', 0.00, 2, NULL, NULL, NULL, 6, '2025-02-25 05:19:17', '2025-02-25 06:02:28', NULL, NULL, NULL, NULL, NULL, NULL, NULL),
(128, 'ORD-20250225-EB70', 'delivered', '', 0.00, 2, NULL, NULL, NULL, 5, '2025-02-25 05:20:53', '2025-02-25 05:35:08', NULL, NULL, NULL, NULL, NULL, NULL, NULL),
(129, 'ORD-20250225-C54E', 'delivered', '', 0.00, 2, NULL, NULL, NULL, 5, '2025-02-25 05:22:59', '2025-02-25 05:38:26', NULL, NULL, NULL, NULL, NULL, NULL, NULL),
(130, 'ORD-20250225-EEF9', 'delivered', '', 0.00, 2, NULL, NULL, NULL, 5, '2025-02-25 05:28:04', '2025-02-25 05:42:18', NULL, NULL, NULL, NULL, NULL, NULL, NULL),
(131, 'ORD-20250225-81D3', 'delivered', '', 0.00, 2, NULL, NULL, NULL, 5, '2025-02-25 05:28:38', '2025-02-25 06:01:13', NULL, NULL, NULL, NULL, NULL, NULL, NULL),
(132, 'ORD-20250225-0F18', 'failed', '', 0.00, 2, NULL, NULL, NULL, 5, '2025-02-25 05:29:01', '2025-02-25 06:01:34', NULL, NULL, NULL, NULL, NULL, NULL, NULL),
(133, 'ORD-20250225-339F', 'delivered', '', 0.00, 2, NULL, NULL, NULL, 6, '2025-02-25 06:05:17', '2025-02-25 06:28:55', NULL, NULL, NULL, NULL, NULL, NULL, NULL),
(134, 'ORD-20250225-684C', 'failed', '', 0.00, 2, NULL, NULL, NULL, 6, '2025-02-25 06:05:41', '2025-02-25 06:29:09', NULL, NULL, NULL, NULL, NULL, NULL, NULL),
(135, 'ORD-20250225-51B5', 'delivered', '', 0.00, 2, NULL, NULL, NULL, 6, '2025-02-25 06:06:17', '2025-02-25 06:32:54', NULL, NULL, NULL, NULL, NULL, NULL, NULL),
(136, 'ORD-20250225-B5D5', 'delivered', '', 0.00, 2, NULL, NULL, NULL, 6, '2025-02-25 06:06:59', '2025-02-25 06:35:52', NULL, NULL, NULL, NULL, NULL, NULL, NULL),
(137, 'ORD-20250225-51FB', 'delivered', '', 0.00, 2, NULL, NULL, NULL, 6, '2025-02-25 06:07:24', '2025-02-25 06:40:51', NULL, NULL, NULL, NULL, NULL, NULL, NULL),
(138, 'ORD-20250225-0F93', 'delivered', '', 0.00, 2, NULL, NULL, NULL, 6, '2025-02-25 06:07:47', '2025-02-25 06:47:58', NULL, NULL, NULL, NULL, NULL, NULL, NULL),
(139, 'ORD-20250225-5A88', 'delivered', '', 0.00, 2, NULL, NULL, NULL, 2, '2025-02-25 07:09:39', '2025-02-25 07:16:50', NULL, NULL, NULL, NULL, NULL, NULL, NULL),
(140, 'ORD-20250225-1507', 'delivered', '', 0.00, 2, NULL, NULL, NULL, 2, '2025-02-25 07:10:15', '2025-02-25 07:17:22', NULL, NULL, NULL, NULL, NULL, NULL, NULL),
(141, 'ORD-20250225-B2A8', 'delivered', '', 0.00, 2, NULL, NULL, NULL, 1, '2025-02-25 10:10:46', '2025-02-25 12:07:45', NULL, NULL, NULL, NULL, NULL, NULL, NULL),
(142, 'ORD-20250225-19E9', 'delivered', '', 0.00, 2, NULL, NULL, NULL, 1, '2025-02-25 10:11:17', '2025-02-25 10:52:17', NULL, NULL, NULL, NULL, NULL, NULL, NULL),
(143, 'ORD-20250225-901D', 'delivered', '', 0.00, 2, NULL, NULL, NULL, 5, '2025-02-25 10:13:30', '2025-02-25 12:13:59', NULL, NULL, NULL, NULL, NULL, NULL, NULL),
(144, 'ORD-20250225-D5A0', 'delivered', '', 0.00, 2, NULL, NULL, NULL, 1, '2025-02-25 10:14:06', '2025-02-25 10:40:36', NULL, NULL, NULL, NULL, NULL, NULL, NULL),
(145, 'ORD-20250225-0C94', 'delivering', '', 0.00, 2, NULL, NULL, NULL, 1, '2025-02-25 10:14:32', '2025-02-25 10:25:51', NULL, NULL, NULL, NULL, NULL, NULL, NULL),
(146, 'ORD-20250225-BF6A', 'delivered', '', 0.00, 2, NULL, NULL, NULL, 1, '2025-02-25 10:15:00', '2025-02-25 10:26:47', NULL, NULL, NULL, NULL, NULL, NULL, NULL),
(147, 'ORD-20250225-C163', 'failed', '', 0.00, 2, NULL, NULL, NULL, 2, '2025-02-25 10:15:29', '2025-02-25 10:36:33', NULL, NULL, NULL, NULL, NULL, NULL, NULL),
(148, 'ORD-20250225-9BB5', 'delivered', '', 0.00, 2, NULL, NULL, NULL, 2, '2025-02-25 10:15:54', '2025-02-25 10:36:57', NULL, NULL, NULL, NULL, NULL, NULL, NULL),
(149, 'ORD-20250225-E666', 'delivered', '', 0.00, 2, NULL, NULL, NULL, 1, '2025-02-25 10:16:25', '2025-02-25 10:30:43', NULL, NULL, NULL, NULL, NULL, NULL, NULL),
(150, 'ORD-20250225-B3B9', 'delivered', '', 0.00, 2, NULL, NULL, NULL, 1, '2025-02-25 10:16:50', '2025-02-25 10:33:31', NULL, NULL, NULL, NULL, NULL, NULL, NULL),
(151, 'ORD-20250225-E868', 'delivered', '', 0.00, 2, NULL, NULL, NULL, 2, '2025-02-25 10:17:21', '2025-02-25 12:39:19', NULL, NULL, NULL, NULL, NULL, NULL, NULL),
(152, 'ORD-20250225-D321', 'delivered', '', 0.00, 2, NULL, NULL, NULL, 1, '2025-02-25 10:17:58', '2025-02-25 10:45:01', NULL, NULL, NULL, NULL, NULL, NULL, NULL),
(153, 'ORD-20250225-709C', 'delivered', '', 0.00, 2, NULL, NULL, NULL, 5, '2025-02-25 12:10:34', '2025-02-25 12:15:13', NULL, NULL, NULL, NULL, NULL, NULL, NULL),
(154, 'ORD-20250225-1B4B', 'delivered', '', 0.00, 2, NULL, NULL, NULL, 5, '2025-02-25 12:11:01', '2025-02-25 12:21:30', NULL, NULL, NULL, NULL, NULL, NULL, NULL),
(155, 'ORD-20250225-C39C', 'delivered', '', 0.00, 2, NULL, NULL, NULL, 5, '2025-02-25 12:11:43', '2025-02-25 12:37:06', NULL, NULL, NULL, NULL, NULL, NULL, NULL),
(156, 'ORD-20250225-7DA5', 'failed', '', 0.00, 2, NULL, NULL, NULL, 5, '2025-02-25 12:12:03', '2025-02-25 12:37:47', NULL, NULL, NULL, NULL, NULL, NULL, NULL),
(157, 'ORD-20250301-FC70', 'failed', 'lari ada', 0.00, 2, NULL, NULL, NULL, 2, '2025-03-01 15:51:31', '2025-03-01 19:50:06', '2025-03-12', NULL, NULL, NULL, NULL, NULL, NULL),
(158, 'ORD-20250301-5805', 'delivered', '', 0.00, 2, NULL, NULL, NULL, 2, '2025-03-01 19:09:16', '2025-03-01 20:05:53', '2025-03-04', NULL, NULL, NULL, NULL, NULL, NULL),
(159, 'ORD-20250301-A235', 'failed', 'are u????', 0.00, 2, NULL, NULL, NULL, 2, '2025-03-01 20:07:10', '2025-03-01 20:10:53', '2025-03-13', NULL, NULL, NULL, NULL, NULL, NULL),
(160, 'ORD-20250301-40D0', 'delivered', 'are you sure you are not???', 0.00, 2, NULL, NULL, NULL, 2, '2025-03-01 20:08:01', '2025-03-01 20:12:00', '2025-03-19', NULL, NULL, NULL, NULL, NULL, NULL),
(161, 'ORD-20250302-01D2', 'delivered', 'asdsdc', 0.00, 2, NULL, NULL, NULL, 2, '2025-03-02 12:43:49', '2025-03-02 16:42:48', '2025-03-12', NULL, NULL, NULL, NULL, NULL, NULL),
(162, 'ORD-20250302-542F', 'failed', '', 0.00, 2, NULL, NULL, NULL, 1, '2025-03-02 15:56:28', '2025-03-02 16:40:20', '2025-03-20', NULL, NULL, NULL, NULL, NULL, NULL),
(163, 'ORD-20250302-1AF6', 'delivered', '', 0.00, 2, NULL, NULL, NULL, 3, '2025-03-02 15:58:52', '2025-03-02 16:42:01', '2025-03-13', NULL, NULL, NULL, NULL, NULL, NULL),
(164, 'ORD-20250306-7B6A', 'delivered', '', 0.00, 10, NULL, NULL, NULL, 2, '2025-03-06 19:10:58', '2025-03-18 22:39:12', '2025-03-06', NULL, NULL, NULL, NULL, NULL, NULL),
(165, 'ORD-20250306-4BB8', 'delivered', '', 0.00, 10, NULL, NULL, NULL, 5, '2025-03-06 19:16:24', '2025-03-18 22:48:01', NULL, NULL, NULL, NULL, NULL, NULL, NULL),
(166, 'ORD-20250306-20DE', 'delivered', '', 0.00, 10, NULL, NULL, NULL, 3, '2025-03-06 19:24:07', '2025-03-18 22:38:29', '2025-03-06', NULL, NULL, NULL, NULL, NULL, NULL),
(167, 'ORD-20250306-16B3', 'delivered', '', 0.00, 10, NULL, NULL, NULL, 1, '2025-03-06 19:28:10', '2025-03-06 19:41:42', '2025-03-06', NULL, NULL, NULL, NULL, NULL, NULL),
(168, 'ORD-20250306-1852', 'failed', '', 0.00, 10, NULL, NULL, NULL, 4, '2025-03-06 19:29:22', '2025-03-18 22:45:07', '2025-03-06', NULL, NULL, NULL, NULL, NULL, NULL),
(169, 'ORD-20250319-7957', 'delivered', '', 0.00, 2, NULL, NULL, NULL, 2, '2025-03-19 14:12:45', '2025-03-19 14:19:27', NULL, NULL, NULL, NULL, NULL, NULL, NULL),
(170, 'ORD-20250319-BFD0', 'failed', 'comments', 0.00, 2, NULL, NULL, NULL, 1, '2025-03-19 14:13:59', '2025-03-19 14:17:30', NULL, NULL, NULL, NULL, NULL, NULL, NULL),
(171, 'ORD-20250319-DCF0', 'delivered', '', 0.00, 2, NULL, NULL, NULL, 1, '2025-03-19 14:30:12', '2025-03-19 15:27:04', NULL, NULL, NULL, NULL, NULL, NULL, NULL),
(172, 'ORD-20250319-CB92', 'failed', '', 0.00, 2, NULL, NULL, NULL, 2, '2025-03-19 14:31:10', '2025-03-19 15:05:06', NULL, NULL, NULL, NULL, NULL, NULL, NULL),
(173, 'ORD-20250319-7296', 'delivered', '', 0.00, 2, NULL, NULL, NULL, 1, '2025-03-19 16:49:29', '2025-03-19 17:09:46', '2025-03-20', NULL, NULL, NULL, NULL, NULL, NULL),
(174, 'ORD-20250426-9AA9', 'delivered', 'jaldi ana', 0.00, 2, NULL, NULL, NULL, 1, '2025-04-26 18:38:27', '2025-04-26 18:41:43', NULL, NULL, NULL, NULL, NULL, NULL, NULL),
(175, 'ORD-20250426-A9BE', 'delivered', 'kuch b ly ao', 0.00, 2, NULL, NULL, NULL, 1, '2025-04-26 18:53:13', '2025-04-26 18:54:15', NULL, NULL, NULL, NULL, NULL, NULL, NULL),
(176, 'ORD-20250426-EC07', 'delivered', 'sdfsdfd', 0.00, 2, NULL, NULL, NULL, 1, '2025-04-26 19:04:29', '2025-04-26 19:06:08', NULL, NULL, NULL, NULL, NULL, NULL, NULL),
(177, 'ORD-20250426-04FA', 'delivered', '', 0.00, 2, NULL, NULL, NULL, 1, '2025-04-26 19:13:33', '2025-04-26 19:14:53', NULL, NULL, NULL, NULL, NULL, NULL, NULL),
(178, 'ORD-20250426-5694', 'delivered', '', 0.00, 2, NULL, NULL, NULL, 1, '2025-04-26 19:28:30', '2025-04-26 19:29:33', NULL, NULL, NULL, NULL, NULL, NULL, NULL),
(179, 'ORD-20250426-B569', 'delivered', '', 0.00, 2, NULL, NULL, NULL, 1, '2025-04-26 20:18:32', '2025-04-27 19:28:54', NULL, 1, 1, NULL, NULL, NULL, NULL),
(180, 'ORD-20250427-5EC1', 'delivered', '', 0.00, 2, NULL, NULL, NULL, 1, '2025-04-27 18:21:00', '2025-04-27 19:21:15', NULL, 1, 1, NULL, NULL, NULL, NULL),
(181, 'ORD-20250427-85A0', 'delivered', '', 0.00, 2, NULL, NULL, 1, 1, '2025-04-27 21:03:42', '2025-04-27 21:04:53', NULL, 1, 1, NULL, NULL, NULL, NULL),
(182, 'ORD-20250427-F4CD', 'delivered', '', 0.00, 2, NULL, NULL, 1, 1, '2025-04-27 22:00:25', '2025-04-27 22:01:30', NULL, 1, 1, NULL, NULL, NULL, NULL),
(183, 'ORD-20250427-3A07', 'delivered', '', 0.00, 2, NULL, NULL, 1, 1, '2025-04-27 22:08:09', '2025-04-27 22:09:52', '2025-05-09', 1, 1, NULL, NULL, NULL, NULL),
(184, 'ORD-20250427-8F66', 'delivered', '', 0.00, 2, NULL, NULL, 1, 1, '2025-04-27 22:28:36', '2025-04-28 07:25:42', '2025-05-10', 1, 1, NULL, NULL, NULL, NULL),
(185, 'ORD-20250427-3732', 'delivered', '', 0.00, 2, NULL, NULL, 1, 1, '2025-04-27 22:42:59', '2025-04-28 07:48:49', NULL, 1, 1, NULL, NULL, NULL, NULL),
(186, 'ORD-20250428-15C9', 'delivered', '', 0.00, 2, NULL, NULL, 1, 1, '2025-04-28 07:51:47', '2025-04-28 07:59:20', NULL, 1, 1, NULL, NULL, NULL, NULL),
(187, 'ORD-20250428-95EC', 'delivered', '', 0.00, 2, NULL, NULL, 1, 1, '2025-04-28 08:02:08', '2025-04-28 08:43:45', NULL, 1, 1, 'delivery_1745829825_680f3fc1126a7.jpg', 'images/signatures/sig_1745829825_680f3fc112bcb.png', NULL, NULL),
(188, 'ORD-20250428-A384', 'delivered', '', 0.00, 2, NULL, NULL, 1, 1, '2025-04-28 08:02:37', '2025-04-28 08:07:48', NULL, 1, 1, NULL, NULL, NULL, NULL),
(189, 'ORD-20250428-C0AA', 'delivered', '', 0.00, 2, NULL, NULL, 1, 1, '2025-04-28 08:46:31', '2025-04-28 08:54:51', NULL, 1, 1, 'images/delivery_1745830078_680f40be86c81.jpg', 'images/signatures/sig_1745830078_680f40be870e0.png', NULL, NULL),
(190, 'ORD-20250428-FD80', 'delivered', '', 0.00, 2, NULL, NULL, 1, 1, '2025-04-28 09:00:03', '2025-04-28 09:47:54', NULL, 1, 1, 'images/delivery_1745833674_680f4eca63146.jpg', 'images/signatures/sig_1745833674_680f4eca63560.png', NULL, NULL),
(191, 'ORD-20250428-3011', 'delivered', '', 0.00, 2, NULL, NULL, 1, 1, '2025-04-28 09:00:08', '2025-04-28 09:21:56', NULL, 1, 1, 'images/delivery_1745832116_680f48b4be5f0.jpg', 'images/signatures/sig_1745832116_680f48b4be974.png', NULL, NULL),
(192, 'ORD-20250428-8D55', 'delivered', '', 0.00, 2, NULL, NULL, 1, 1, '2025-04-28 09:00:12', '2025-04-28 09:05:51', NULL, 1, 1, 'images/delivery_1745831151_680f44efa1413.jpg', 'images/signatures/sig_1745831151_680f44efa1669.png', NULL, NULL),
(193, 'ORD-20250428-EE6A', 'delivered', '', 0.00, 2, NULL, NULL, 1, 1, '2025-04-28 09:00:13', '2025-04-28 09:03:26', NULL, 0, 0, NULL, NULL, NULL, NULL),
(194, 'ORD-20250428-E5F5', 'delivered', '', 0.00, 2, NULL, NULL, 1, 1, '2025-04-28 09:00:14', '2025-04-28 09:01:41', NULL, 1, 1, 'images/delivery_1745830901_680f43f52a78b.jpg', 'images/signatures/sig_1745830901_680f43f52ab54.png', NULL, NULL),
(195, 'ORD-20250428-2F6E', 'failed', '', 0.00, 2, 1, 1, 1, 1, '2025-04-28 10:44:48', '2025-04-30 11:48:26', NULL, 1, 1, NULL, NULL, 33.6102134, 73.1305739),
(196, 'ORD-20250428-FEA0', 'delivered', '', 0.00, 2, 1, 1, 1, 2, '2025-04-28 10:58:19', '2025-04-30 10:38:49', NULL, 1, 1, 'images/delivery_1746009529_6811fdb98cf40.jpg', 'images/signatures/sig_1746009529_6811fdb98d537.png', 33.6102108, 73.1305727),
(197, 'ORD-20250428-A219', 'delivered', '', 0.00, 2, 1, 2, 1, 2, '2025-04-28 11:23:48', '2025-04-30 10:38:13', NULL, 1, 1, 'images/delivery_1746009493_6811fd95e7214.jpg', 'images/signatures/sig_1746009493_6811fd95e7cf9.png', 33.6102228, 73.1305772),
(198, 'ORD-20250428-97E3', 'delivered', '', 0.00, 2, 1, 7, 1, 1, '2025-04-28 11:26:12', '2025-04-28 13:54:01', '2025-04-19', 1, 1, 'images/delivery_1745848441_680f8879da954.jpg', 'images/signatures/sig_1745848441_680f8879dacb0.png', NULL, NULL),
(199, 'ORD-20250428-672F', 'delivered', '', 0.00, 2, 1, 7, 1, 1, '2025-04-28 13:56:55', '2025-04-28 14:05:13', '0000-00-00', 1, 1, 'images/delivery_1745849113_680f8b191e4fd.jpg', 'images/signatures/sig_1745849113_680f8b191e872.png', 33.6102216, 73.1305734),
(200, 'ORD-20250429-29A8', 'failed', '0', 17.00, 2, 2, 8, NULL, 3, '2025-04-29 14:46:45', '2025-04-30 10:20:11', NULL, 1, 0, NULL, NULL, NULL, NULL),
(201, 'ORD-20250429-1387', 'delivered', '0', 39.74, 2, 3, 9, NULL, 2, '2025-04-29 14:46:46', '2025-04-30 10:23:57', NULL, 0, 0, NULL, NULL, 33.6102019, 73.1305596),
(202, 'ORD-20250429-572F', 'delivered', '0', 43.50, 2, 4, 10, NULL, 1, '2025-04-29 14:46:46', '2025-04-30 10:22:13', NULL, 1, 1, 'images/delivery_1746008533_6811f9d5a89fa.jpg', 'images/signatures/sig_1746008533_6811f9d5a9740.png', 33.6102118, 73.1305639),
(203, 'ORD-20250429-C8B6', 'delivered', '', 0.00, 2, 3, 9, 1, 1, '2025-04-29 14:50:04', '2025-04-30 10:05:10', NULL, 1, 1, 'images/delivery_1746007510_6811f5d61e2b9.jpg', 'images/signatures/sig_1746007510_6811f5d61ec12.png', 33.6102118, 73.1305634),
(204, 'ORD-20250501-D8E0', 'delivered', '0', 17.00, 2, 2, 8, NULL, 1, '2025-05-01 07:47:52', '2025-05-01 09:16:45', NULL, 1, 0, 'images/delivery_1746091005_68133bfd8f36e.jpg', NULL, 33.6102163, 73.1305757),
(205, 'ORD-20250501-8F7C', 'delivered', '0', 39.74, 2, 3, 9, NULL, 1, '2025-05-01 07:47:52', '2025-05-01 09:32:23', NULL, 0, 0, NULL, NULL, NULL, NULL),
(206, 'ORD-20250501-2F08', 'failed', '0', 43.50, 2, 4, 10, NULL, 2, '2025-05-01 07:47:52', '2025-05-01 09:28:17', NULL, 1, 1, NULL, NULL, NULL, NULL),
(207, 'ORD-20250501-444F', 'delivered', '0', 0.00, 2, 2, 8, NULL, NULL, '2025-05-01 09:33:25', '2025-05-02 08:11:03', NULL, 1, NULL, 'images/delivery_207_1746173463_68147e17e7b49.jpg', NULL, 33.6102100, 73.1305721),
(208, 'ORD-20250501-9598', 'delivered', '0', 39.74, 2, 3, 9, NULL, 2, '2025-05-01 09:33:26', '2025-05-01 09:39:58', NULL, 0, 0, NULL, NULL, 33.6102114, 73.1305698),
(209, 'ORD-20250501-218D', 'failed', '0', 43.50, 2, 4, 10, NULL, 1, '2025-05-01 09:33:26', '2025-05-01 09:35:05', NULL, 1, 1, NULL, NULL, NULL, NULL),
(210, 'ORD-20250501-A548', 'delivered', '0', 17.00, 2, 2, 8, NULL, 2, '2025-05-01 09:56:19', '2025-05-01 11:41:40', NULL, 1, 0, NULL, NULL, NULL, NULL),
(211, 'ORD-20250501-281B', 'delivered', '0', 39.74, 2, 3, 9, NULL, NULL, '2025-05-01 09:56:19', '2025-05-02 08:13:09', NULL, 0, 0, NULL, NULL, 33.6102005, 73.1305673),
(212, 'ORD-20250501-9400', 'failed', '0', 43.50, 2, 4, 10, NULL, 1, '2025-05-01 09:56:20', '2025-05-01 10:00:29', NULL, 1, 1, NULL, NULL, NULL, NULL),
(213, 'ORD-20250501-1B86', 'delivered', '0', 17.00, 2, 2, 8, NULL, 3, '2025-05-01 11:42:51', '2025-05-01 12:00:37', NULL, 1, 0, 'images/delivery_1746100837_6813626524e5c.jpg', NULL, 33.6102304, 73.1306079),
(214, 'ORD-20250501-A0B1', 'delivered', '0', 39.74, 2, 3, 9, NULL, 2, '2025-05-01 11:42:51', '2025-05-01 11:59:54', NULL, 0, 0, NULL, NULL, 33.6102189, 73.1305793),
(215, 'ORD-20250501-2193', 'delivered', '0', 43.50, 2, 4, 10, NULL, 1, '2025-05-01 11:42:51', '2025-05-01 11:59:18', NULL, 1, 1, 'images/delivery_1746100758_6813621604158.jpg', 'images/signatures/sig_1746100758_68136216048cf.png', 33.6102182, 73.1305869),
(216, 'ORD-20250502-CC63', 'delivered', '0', 17.00, 2, 2, 8, NULL, NULL, '2025-05-02 01:08:02', '2025-05-02 07:04:29', NULL, 1, 0, NULL, NULL, NULL, NULL),
(217, 'ORD-20250502-6626', 'delivered', '0', 39.74, 2, 3, 9, NULL, NULL, '2025-05-02 01:08:02', '2025-05-02 07:36:40', NULL, 0, 0, NULL, NULL, 33.6102037, 73.1305615),
(218, 'ORD-20250502-03AA', 'failed', '0', 0.00, 2, 4, 10, NULL, NULL, '2025-05-02 01:08:02', '2025-05-02 08:11:28', NULL, 1, 1, NULL, NULL, 33.6102147, 73.1305717),
(219, 'ORD-20250502-3ABC', 'delivered', '0', 17.00, 2, 2, 8, NULL, NULL, '2025-05-02 08:14:03', '2025-05-02 08:23:50', NULL, 1, 0, 'images/delivery_219_1746174230_681481165e190.jpg', NULL, 33.6102068, 73.1305682),
(220, 'ORD-20250502-1C3E', 'delivered', '0', 39.74, 2, 3, 9, NULL, NULL, '2025-05-02 08:14:03', '2025-05-02 08:33:22', NULL, 0, 0, NULL, NULL, 33.6102110, 73.1305683),
(221, 'ORD-20250502-ED9B', 'delivered', '0', 43.50, 2, 4, 10, NULL, NULL, '2025-05-02 08:14:03', '2025-05-02 09:19:35', NULL, 1, 1, 'images/delivery_221_1746177575_68148e27c8b4f.jpg', NULL, 33.6102115, 73.1305738),
(222, 'ORD-20250502-03A5', 'delivered', '0', 17.00, 2, 2, 8, NULL, NULL, '2025-05-02 09:23:05', '2025-05-02 09:26:47', NULL, 1, 0, 'images/delivery_222_1746178007_68148fd72c363.jpg', NULL, 33.6102151, 73.1305835),
(223, 'ORD-20250502-9739', 'delivered', '0', 0.00, 2, 3, 9, 1, NULL, '2025-05-02 09:23:05', '2025-05-02 09:29:58', NULL, 1, 1, 'images/delivery_223_1746178198_681490961e72a.jpg', NULL, 33.6102106, 73.1305780),
(224, 'ORD-20250502-1959', 'delivered', '0', 43.50, 2, 4, 10, NULL, NULL, '2025-05-02 09:23:05', '2025-05-02 09:40:32', NULL, 1, 1, 'images/delivery_224_1746178832_6814931032319.jpg', NULL, 33.6102123, 73.1305614),
(225, 'ORD-20250502-16D5', 'delivered', '0', 0.00, 2, 2, 8, NULL, NULL, '2025-05-02 09:54:38', '2025-05-02 09:57:04', NULL, 1, 1, 'images/delivery_225_1746179824_681496f03b79c.jpg', NULL, 33.6102176, 73.1305791),
(226, 'ORD-20250502-D9ED', 'delivered', '0', 0.00, 2, 3, 9, NULL, NULL, '2025-05-02 09:54:38', '2025-05-02 10:06:00', NULL, 1, 1, 'images/delivery_226_1746180360_68149908cbb3f.jpg', NULL, 33.6102120, 73.1305740),
(227, 'ORD-20250502-8253', 'delivered', '0', 43.50, 2, 4, 10, NULL, NULL, '2025-05-02 09:54:38', '2025-05-02 10:12:35', NULL, 1, 1, 'images/delivery_227_1746180755_68149a9336e9c.jpg', NULL, 33.6102100, 73.1305701),
(228, 'ORD-20250502-1E6B', 'delivered', '0', 0.00, 2, 2, 8, NULL, NULL, '2025-05-02 10:17:33', '2025-05-02 10:19:16', NULL, 1, 1, 'images/delivery_228_1746181156_68149c24e0601.jpg', NULL, 33.6102105, 73.1305701),
(229, 'ORD-20250502-B2B5', 'delivered', '0', 0.00, 2, 3, 9, NULL, NULL, '2025-05-02 10:17:33', '2025-05-02 10:34:35', NULL, 1, 1, 'images/delivery_229_1746182075_68149fbb5cfea.jpg', NULL, 33.6102135, 73.1305640),
(230, 'ORD-20250502-3349', 'delivered', '0', 43.50, 2, 4, 10, NULL, NULL, '2025-05-02 10:17:33', '2025-05-02 10:43:24', NULL, 1, 1, 'images/delivery_230_1746182604_6814a1cc985fe.jpg', NULL, 33.6102194, 73.1305766),
(231, 'ORD-20250502-ACB3', 'delivered', '0', 0.00, 2, 2, 8, NULL, NULL, '2025-05-02 10:47:41', '2025-05-02 10:49:02', NULL, 1, 1, 'images/delivery_231_1746182942_6814a31ed30e2.jpg', 'images/sig_231_1746182942_6814a31ed3725.png', 33.6102052, 73.1305582),
(232, 'ORD-20250502-5817', 'delivered', '0', 0.00, 2, 3, 9, NULL, NULL, '2025-05-02 10:47:41', '2025-05-02 10:55:29', NULL, 1, 1, NULL, NULL, NULL, NULL),
(233, 'ORD-20250502-07A9', 'failed', '0', 43.50, 2, 4, 10, NULL, NULL, '2025-05-02 10:47:41', '2025-05-02 11:42:19', NULL, 1, 1, NULL, '0', 33.6102091, 73.1305763),
(234, 'ORD-20250502-1F6B', 'pending', '0', 17.00, 2, 2, 8, NULL, NULL, '2025-05-02 12:14:02', '2025-05-02 12:14:02', NULL, 1, 0, NULL, NULL, NULL, NULL),
(235, 'ORD-20250502-86BA', 'delivered', '0', 0.00, 2, 3, 9, 1, NULL, '2025-05-02 12:14:03', '2025-05-02 12:18:45', NULL, 1, 1, 'images/delivery_235_1746188325_6814b825a1d9b.jpg', 'images/sig_235_1746188325_6814b825a2210.png', 33.6102044, 73.1305670),
(236, 'ORD-20250502-36F8', 'failed', '0', 0.00, 2, 4, 10, 1, NULL, '2025-05-02 12:14:03', '2025-05-02 12:18:02', NULL, 1, 1, NULL, '0', 33.6102070, 73.1305720),
(237, 'ORD-20250505-CC16', 'delivered', '', 0.00, 2, 3, 9, 1, NULL, '2025-05-05 09:24:51', '2025-05-05 09:31:45', NULL, 1, 1, 'images/delivery_237_1746437505_68188581949b0.jpg', 'images/sig_237_1746437505_6818858195411.png', 33.6138135, 73.1328119),
(238, 'ORD-20250505-087A', 'delivered', '', 0.00, 2, 4, 10, 1, NULL, '2025-05-05 09:36:52', '2025-05-05 10:06:38', '2025-05-06', 1, 1, 'images/delivery_238_1746439598_68188dae6506e.jpg', 'images/sig_238_1746439598_68188dae65944.png', 33.6138350, 73.1328502),
(239, 'ORD-20250601-D06F', 'delivered', 'asdasd', 0.00, 2, 2, 11, 1, NULL, '2025-06-01 13:07:49', '2025-06-01 13:31:33', '2025-06-02', 1, 1, 'images/delivery_239_1748784693_683c5635cfa4e.jpg', '0', 51.5254774, -0.2803199),
(240, 'ORD-20250601-72A7', 'delivered', '', 0.00, 2, 5, 12, 1, NULL, '2025-06-01 13:11:31', '2025-06-01 13:26:33', '2025-06-02', 1, 1, 'images/delivery_240_1748784393_683c5509d1bfc.jpg', 'images/sig_240_1748784393_683c5509d2a21.png', 51.5254928, -0.2802725),
(241, 'ORD-20250601-1670', 'pending', '', 0.00, 2, 5, 12, NULL, NULL, '2025-06-01 13:52:04', '2025-06-01 14:03:04', '2025-06-02', 1, 0, 'images/delivery_241_1748786208_683c5c206ea40.jpg', '0', 51.5255025, -0.2802709),
(242, 'ORD-20250601-98D9', 'delivered', '', 0.00, 2, 6, 13, 1, NULL, '2025-06-01 13:53:45', '2025-06-01 14:09:26', '2025-06-02', 0, 1, NULL, 'images/sig_242_1748786966_683c5f167eb18.png', 51.5254575, -0.2802535),
(243, 'ORD-20250601-493B', 'delivered', '', 0.00, 2, 5, 12, NULL, NULL, '2025-06-01 14:01:13', '2025-06-01 14:07:23', '2025-06-02', 1, 1, 'images/delivery_243_1748786843_683c5e9bece93.jpg', 'images/sig_243_1748786843_683c5e9bedcf7.png', 51.5254909, -0.2802698),
(244, 'ORD-20250601-43F3', 'delivered', '', 0.00, 2, 5, 12, NULL, NULL, '2025-06-01 14:04:11', '2025-06-01 14:09:33', NULL, 1, 1, NULL, NULL, NULL, NULL),
(245, 'ORD-20250601-1045', 'delivering', '', 0.00, 2, 5, 12, NULL, NULL, '2025-06-01 14:10:43', '2025-06-01 14:12:45', NULL, 1, 1, NULL, NULL, NULL, NULL),
(246, 'ORD-20250601-80E5', 'delivering', NULL, 0.00, 2, 7, 14, NULL, NULL, '2025-06-01 14:28:27', '2025-06-12 16:12:45', NULL, 1, 1, NULL, NULL, NULL, NULL),
(247, 'ORD-20250612-2CC6', 'delivered', '', 0.00, 2, 5, 12, 1, NULL, '2025-06-12 15:39:15', '2025-06-12 15:51:18', '2025-06-12', 1, 1, 'images/delivery_247_1749743478_684af7767650f.jpg', 'images/sig_247_1749743478_684af7767702c.png', 31.4143733, 74.2597600);

-- --------------------------------------------------------

--
-- Table structure for table `OrderStatusLogs`
--

CREATE TABLE `OrderStatusLogs` (
  `id` int(11) NOT NULL,
  `order_id` int(11) NOT NULL,
  `status` enum('pending','assigned','delivering','delivered','failed') NOT NULL,
  `changed_by` int(11) NOT NULL,
  `reason` text DEFAULT NULL,
  `photo_url` text DEFAULT NULL,
  `signature_path` text DEFAULT NULL,
  `delivered_to` varchar(255) DEFAULT NULL,
  `changed_at` timestamp NOT NULL DEFAULT current_timestamp(),
  `latitude` decimal(10,8) DEFAULT NULL,
  `longitude` decimal(11,8) DEFAULT NULL
) ENGINE=InnoDB DEFAULT CHARSET=utf8mb4 COLLATE=utf8mb4_general_ci;

--
-- Dumping data for table `OrderStatusLogs`
--

INSERT INTO `OrderStatusLogs` (`id`, `order_id`, `status`, `changed_by`, `reason`, `photo_url`, `signature_path`, `delivered_to`, `changed_at`, `latitude`, `longitude`) VALUES
(1152, 60, 'pending', 25, NULL, NULL, NULL, NULL, '2025-01-27 11:38:37', NULL, NULL),
(1153, 60, 'assigned', 25, NULL, NULL, NULL, NULL, '2025-01-27 11:38:49', NULL, NULL),
(1154, 60, 'delivering', 15, NULL, NULL, NULL, NULL, '2025-01-27 11:39:38', NULL, NULL),
(1155, 60, 'assigned', 25, NULL, NULL, NULL, NULL, '2025-01-27 11:40:47', NULL, NULL),
(1156, 60, 'delivering', 15, NULL, NULL, NULL, NULL, '2025-01-27 11:41:51', NULL, NULL),
(1157, 60, 'assigned', 25, NULL, NULL, NULL, NULL, '2025-01-27 11:49:11', NULL, NULL),
(1158, 60, 'delivering', 15, NULL, NULL, NULL, NULL, '2025-01-27 11:49:44', NULL, NULL),
(1159, 61, 'pending', 25, NULL, NULL, NULL, NULL, '2025-01-27 13:48:22', NULL, NULL),
(1160, 62, 'pending', 25, NULL, NULL, NULL, NULL, '2025-01-27 13:49:17', NULL, NULL),
(1161, 62, 'delivering', 30, NULL, NULL, NULL, NULL, '2025-01-27 13:51:53', NULL, NULL),
(1162, 61, 'delivering', 30, NULL, NULL, NULL, NULL, '2025-01-27 13:51:53', NULL, NULL),
(1163, 62, 'delivered', 30, NULL, 'images/delivery_1737986075_6797901be681d.jpg', NULL, 'To Neighbor', '2025-01-27 13:54:35', NULL, NULL),
(1164, 61, 'delivered', 30, NULL, 'images/delivery_1737986110_6797903ebfb85.jpg', NULL, 'At Door', '2025-01-27 13:55:10', NULL, NULL),
(1165, 62, 'delivered', 30, NULL, NULL, NULL, NULL, '2025-01-27 13:55:17', NULL, NULL),
(1166, 61, 'delivered', 30, NULL, NULL, NULL, NULL, '2025-01-27 13:55:17', NULL, NULL),
(1167, 60, 'delivering', 25, NULL, NULL, NULL, NULL, '2025-01-28 08:21:07', NULL, NULL),
(1168, 60, 'assigned', 25, NULL, NULL, NULL, NULL, '2025-01-28 08:21:17', NULL, NULL),
(1169, 63, 'pending', 25, NULL, NULL, NULL, NULL, '2025-01-28 12:49:26', NULL, NULL),
(1170, 64, 'pending', 25, NULL, NULL, NULL, NULL, '2025-01-28 12:50:07', NULL, NULL),
(1171, 64, 'assigned', 25, NULL, NULL, NULL, NULL, '2025-01-28 12:50:21', NULL, NULL),
(1172, 63, 'assigned', 25, NULL, NULL, NULL, NULL, '2025-01-28 12:50:21', NULL, NULL),
(1174, 66, 'pending', 25, NULL, NULL, NULL, NULL, '2025-01-28 18:43:22', NULL, NULL),
(1175, 66, 'assigned', 25, NULL, NULL, NULL, NULL, '2025-01-28 18:43:37', NULL, NULL),
(1176, 67, 'pending', 25, NULL, NULL, NULL, NULL, '2025-01-28 18:45:53', NULL, NULL),
(1177, 68, 'pending', 25, NULL, NULL, NULL, NULL, '2025-01-28 18:48:22', NULL, NULL),
(1178, 67, 'assigned', 25, NULL, NULL, NULL, NULL, '2025-01-28 18:48:43', NULL, NULL),
(1179, 68, 'assigned', 25, NULL, NULL, NULL, NULL, '2025-01-28 18:49:21', NULL, NULL),
(1180, 69, 'pending', 25, NULL, NULL, NULL, NULL, '2025-01-28 18:51:54', NULL, NULL),
(1181, 70, 'pending', 25, NULL, NULL, NULL, NULL, '2025-01-28 18:53:26', NULL, NULL),
(1182, 69, 'assigned', 25, NULL, NULL, NULL, NULL, '2025-01-28 18:53:42', NULL, NULL),
(1183, 70, 'assigned', 25, NULL, NULL, NULL, NULL, '2025-01-28 18:53:52', NULL, NULL),
(1184, 66, 'pending', 25, NULL, NULL, NULL, NULL, '2025-01-28 19:54:16', NULL, NULL),
(1185, 67, 'pending', 25, NULL, NULL, NULL, NULL, '2025-01-28 19:54:16', NULL, NULL),
(1186, 68, 'pending', 25, NULL, NULL, NULL, NULL, '2025-01-28 19:54:16', NULL, NULL),
(1187, 69, 'pending', 25, NULL, NULL, NULL, NULL, '2025-01-28 19:54:16', NULL, NULL),
(1188, 70, 'pending', 25, NULL, NULL, NULL, NULL, '2025-01-28 19:54:16', NULL, NULL),
(1189, 66, 'assigned', 25, NULL, NULL, NULL, NULL, '2025-01-28 19:54:32', NULL, NULL),
(1190, 67, 'assigned', 25, NULL, NULL, NULL, NULL, '2025-01-28 19:54:32', NULL, NULL),
(1191, 68, 'assigned', 25, NULL, NULL, NULL, NULL, '2025-01-28 19:54:32', NULL, NULL),
(1192, 69, 'assigned', 25, NULL, NULL, NULL, NULL, '2025-01-28 19:54:32', NULL, NULL),
(1193, 70, 'assigned', 25, NULL, NULL, NULL, NULL, '2025-01-28 19:54:32', NULL, NULL),
(1194, 71, 'pending', 25, NULL, NULL, NULL, NULL, '2025-01-28 19:57:03', NULL, NULL),
(1195, 71, 'assigned', 25, NULL, NULL, NULL, NULL, '2025-01-28 19:57:43', NULL, NULL),
(1196, 66, 'delivering', 36, NULL, NULL, NULL, NULL, '2025-01-28 20:02:09', NULL, NULL),
(1197, 67, 'delivering', 36, NULL, NULL, NULL, NULL, '2025-01-28 20:02:09', NULL, NULL),
(1198, 68, 'delivering', 36, NULL, NULL, NULL, NULL, '2025-01-28 20:02:09', NULL, NULL),
(1199, 69, 'delivering', 36, NULL, NULL, NULL, NULL, '2025-01-28 20:02:09', NULL, NULL),
(1200, 70, 'delivering', 36, NULL, NULL, NULL, NULL, '2025-01-28 20:02:09', NULL, NULL),
(1201, 71, 'delivering', 36, NULL, NULL, NULL, NULL, '2025-01-28 20:02:09', NULL, NULL),
(1202, 67, 'delivered', 36, NULL, 'images/delivery_1738095351_67993af7023d1.jpg', NULL, 'To Household', '2025-01-28 20:15:51', NULL, NULL),
(1203, 72, 'pending', 25, NULL, NULL, NULL, NULL, '2025-01-28 20:32:38', NULL, NULL),
(1204, 72, 'delivering', 25, NULL, NULL, NULL, NULL, '2025-01-28 20:32:48', NULL, NULL),
(1205, 72, 'delivered', 36, NULL, 'images/delivery_1738096488_67993f682009b.jpg', NULL, 'To Household', '2025-01-28 20:34:48', NULL, NULL),
(1206, 70, 'delivered', 36, NULL, 'images/delivery_1738096881_679940f1481cd.jpg', NULL, 'Letterbox', '2025-01-28 20:41:21', NULL, NULL),
(1207, 68, 'delivered', 36, NULL, 'images/delivery_1738096988_6799415c700ea.jpg', NULL, 'Letterbox', '2025-01-28 20:43:08', NULL, NULL),
(1208, 66, 'delivered', 36, NULL, 'images/delivery_1738097009_67994171a4d11.jpg', NULL, 'Reception', '2025-01-28 20:43:29', NULL, NULL),
(1209, 69, 'delivered', 36, NULL, 'images/delivery_1738097118_679941de68536.jpg', NULL, 'To Neighbor', '2025-01-28 20:45:18', NULL, NULL),
(1210, 71, 'delivered', 36, NULL, 'images/delivery_1738097137_679941f151229.jpg', NULL, 'At Door', '2025-01-28 20:45:37', NULL, NULL),
(1211, 66, 'delivered', 36, NULL, NULL, NULL, NULL, '2025-01-28 20:45:57', NULL, NULL),
(1212, 67, 'delivered', 36, NULL, NULL, NULL, NULL, '2025-01-28 20:45:57', NULL, NULL),
(1213, 68, 'delivered', 36, NULL, NULL, NULL, NULL, '2025-01-28 20:45:57', NULL, NULL),
(1214, 69, 'delivered', 36, NULL, NULL, NULL, NULL, '2025-01-28 20:45:57', NULL, NULL),
(1215, 70, 'delivered', 36, NULL, NULL, NULL, NULL, '2025-01-28 20:45:57', NULL, NULL),
(1216, 71, 'delivered', 36, NULL, NULL, NULL, NULL, '2025-01-28 20:45:57', NULL, NULL),
(1217, 72, 'delivered', 36, NULL, NULL, NULL, NULL, '2025-01-28 20:45:57', NULL, NULL),
(1218, 73, 'pending', 25, NULL, NULL, NULL, NULL, '2025-01-29 05:24:16', NULL, NULL),
(1219, 74, 'pending', 25, NULL, NULL, NULL, NULL, '2025-01-29 05:25:12', NULL, NULL),
(1220, 74, 'delivering', 30, NULL, NULL, NULL, NULL, '2025-01-29 05:35:55', NULL, NULL),
(1221, 73, 'delivering', 30, NULL, NULL, NULL, NULL, '2025-01-29 05:35:55', NULL, NULL),
(1222, 75, 'pending', 25, NULL, NULL, NULL, NULL, '2025-01-29 06:08:40', NULL, NULL),
(1223, 75, 'delivering', 25, NULL, NULL, NULL, NULL, '2025-01-29 06:08:55', NULL, NULL),
(1224, 74, 'assigned', 25, NULL, NULL, NULL, NULL, '2025-01-29 06:09:01', NULL, NULL),
(1225, 73, 'assigned', 25, NULL, NULL, NULL, NULL, '2025-01-29 06:09:01', NULL, NULL),
(1226, 75, 'assigned', 25, NULL, NULL, NULL, NULL, '2025-01-29 06:09:01', NULL, NULL),
(1227, 74, 'delivering', 30, NULL, NULL, NULL, NULL, '2025-01-29 06:09:46', NULL, NULL),
(1228, 73, 'delivering', 30, NULL, NULL, NULL, NULL, '2025-01-29 06:09:46', NULL, NULL),
(1229, 75, 'delivering', 30, NULL, NULL, NULL, NULL, '2025-01-29 06:09:46', NULL, NULL),
(1230, 76, 'pending', 25, NULL, NULL, NULL, NULL, '2025-01-29 06:45:43', NULL, NULL),
(1231, 77, 'pending', 25, NULL, NULL, NULL, NULL, '2025-01-29 06:50:21', NULL, NULL),
(1232, 78, 'pending', 25, NULL, NULL, NULL, NULL, '2025-01-29 06:53:55', NULL, NULL),
(1233, 73, 'delivered', 30, NULL, 'images/delivery_1738137207_6799de77d02ee.jpg', NULL, 'Letterbox', '2025-01-29 07:53:27', NULL, NULL),
(1234, 74, 'delivered', 30, NULL, 'images/delivery_1738138045_6799e1bdaa418.jpg', NULL, 'Letterbox', '2025-01-29 08:07:25', NULL, NULL),
(1235, 78, 'delivering', 30, NULL, NULL, NULL, NULL, '2025-01-29 08:11:04', NULL, NULL),
(1236, 77, 'delivering', 30, NULL, NULL, NULL, NULL, '2025-01-29 08:11:04', NULL, NULL),
(1237, 76, 'delivering', 30, NULL, NULL, NULL, NULL, '2025-01-29 08:11:04', NULL, NULL),
(1238, 78, 'delivered', 30, NULL, 'images/delivery_1738138440_6799e348ce53b.jpg', NULL, 'To Household', '2025-01-29 08:14:00', NULL, NULL),
(1239, 76, 'delivered', 30, NULL, 'images/delivery_1738142964_6799f4f49637e.jpg', NULL, 'To Neighbor', '2025-01-29 09:29:24', NULL, NULL),
(1240, 79, 'pending', 25, NULL, NULL, NULL, NULL, '2025-01-29 09:38:18', NULL, NULL),
(1241, 79, 'delivering', 25, NULL, NULL, NULL, NULL, '2025-01-29 09:38:42', NULL, NULL),
(1242, 79, 'delivered', 30, NULL, 'images/delivery_1738143559_6799f747dad23.jpg', NULL, 'Letterbox', '2025-01-29 09:39:19', NULL, NULL),
(1243, 80, 'pending', 25, NULL, NULL, NULL, NULL, '2025-01-29 09:47:57', NULL, NULL),
(1244, 81, 'pending', 25, NULL, NULL, NULL, NULL, '2025-01-29 09:48:54', NULL, NULL),
(1245, 82, 'pending', 25, NULL, NULL, NULL, NULL, '2025-01-29 09:49:32', NULL, NULL),
(1246, 83, 'pending', 25, NULL, NULL, NULL, NULL, '2025-01-29 09:51:07', NULL, NULL),
(1247, 84, 'pending', 25, NULL, NULL, NULL, NULL, '2025-01-29 09:51:52', NULL, NULL),
(1248, 85, 'pending', 25, NULL, NULL, NULL, NULL, '2025-01-29 09:52:32', NULL, NULL),
(1249, 85, 'delivering', 30, NULL, NULL, NULL, NULL, '2025-01-29 09:54:53', NULL, NULL),
(1250, 84, 'delivering', 30, NULL, NULL, NULL, NULL, '2025-01-29 09:54:53', NULL, NULL),
(1251, 83, 'delivering', 30, NULL, NULL, NULL, NULL, '2025-01-29 09:54:53', NULL, NULL),
(1252, 82, 'delivering', 30, NULL, NULL, NULL, NULL, '2025-01-29 09:54:53', NULL, NULL),
(1253, 81, 'delivering', 30, NULL, NULL, NULL, NULL, '2025-01-29 09:54:53', NULL, NULL),
(1254, 80, 'delivering', 30, NULL, NULL, NULL, NULL, '2025-01-29 09:54:53', NULL, NULL),
(1255, 80, 'delivered', 30, NULL, 'images/delivery_1738144578_6799fb4243bed.jpg', NULL, 'Letterbox', '2025-01-29 09:56:18', NULL, NULL),
(1256, 83, 'delivered', 30, NULL, 'images/delivery_1738145535_6799feffc076e.jpg', NULL, 'At Door', '2025-01-29 10:12:15', NULL, NULL),
(1257, 81, 'failed', 30, 'ghar bhag gya', NULL, NULL, NULL, '2025-01-29 12:08:45', NULL, NULL),
(1258, 85, 'failed', 30, 'tootay makaan ', NULL, NULL, NULL, '2025-01-29 12:10:22', NULL, NULL),
(1259, 82, 'failed', 30, 'order failed successfully ', NULL, NULL, NULL, '2025-01-29 12:20:18', NULL, NULL),
(1260, 86, 'pending', 25, NULL, NULL, NULL, NULL, '2025-01-30 04:57:03', NULL, NULL),
(1261, 87, 'pending', 25, NULL, NULL, NULL, NULL, '2025-01-30 04:57:57', NULL, NULL),
(1262, 88, 'pending', 25, NULL, NULL, NULL, NULL, '2025-01-30 04:58:45', NULL, NULL),
(1263, 89, 'pending', 25, NULL, NULL, NULL, NULL, '2025-01-30 04:59:31', NULL, NULL),
(1264, 90, 'pending', 25, NULL, NULL, NULL, NULL, '2025-01-30 05:00:22', NULL, NULL),
(1265, 91, 'pending', 25, NULL, NULL, NULL, NULL, '2025-01-30 05:01:12', NULL, NULL),
(1266, 91, 'delivering', 30, NULL, NULL, NULL, NULL, '2025-01-30 05:03:16', NULL, NULL),
(1267, 90, 'delivering', 30, NULL, NULL, NULL, NULL, '2025-01-30 05:03:16', NULL, NULL),
(1268, 89, 'delivering', 30, NULL, NULL, NULL, NULL, '2025-01-30 05:03:16', NULL, NULL),
(1269, 88, 'delivering', 30, NULL, NULL, NULL, NULL, '2025-01-30 05:03:16', NULL, NULL),
(1270, 87, 'delivering', 30, NULL, NULL, NULL, NULL, '2025-01-30 05:03:16', NULL, NULL),
(1271, 86, 'delivering', 30, NULL, NULL, NULL, NULL, '2025-01-30 05:03:16', NULL, NULL),
(1272, 86, 'delivered', 30, NULL, 'images/delivery_1738216047_679b126feaa28.jpg', NULL, 'At Door', '2025-01-30 05:47:27', NULL, NULL),
(1273, 87, 'failed', 30, 'he slept for 70 years', NULL, NULL, NULL, '2025-01-30 05:50:36', NULL, NULL),
(1275, 93, 'pending', 25, NULL, NULL, NULL, NULL, '2025-01-31 17:54:47', NULL, NULL),
(1276, 93, 'delivering', 36, NULL, NULL, NULL, NULL, '2025-01-31 17:59:23', NULL, NULL),
(1277, 93, 'delivered', 36, NULL, 'images/delivery_1738346393_679d0f99112ca.jpg', NULL, 'To Neighbor', '2025-01-31 17:59:53', NULL, NULL),
(1278, 93, 'delivered', 36, NULL, NULL, NULL, NULL, '2025-01-31 18:03:24', NULL, NULL),
(1279, 94, 'pending', 25, NULL, NULL, NULL, NULL, '2025-01-31 18:04:14', NULL, NULL),
(1280, 94, 'delivering', 36, NULL, NULL, NULL, NULL, '2025-01-31 18:04:43', NULL, NULL),
(1281, 94, 'delivered', 36, NULL, 'images/delivery_1738346711_679d10d765555.jpg', NULL, 'To Neighbor', '2025-01-31 18:05:11', NULL, NULL),
(1282, 94, 'delivered', 36, NULL, NULL, NULL, NULL, '2025-01-31 18:15:29', NULL, NULL),
(1283, 95, 'pending', 25, NULL, NULL, NULL, NULL, '2025-01-31 18:16:18', NULL, NULL),
(1284, 95, 'delivering', 36, NULL, NULL, NULL, NULL, '2025-01-31 18:16:45', NULL, NULL),
(1285, 95, 'delivered', 36, NULL, 'images/delivery_1738347425_679d13a1c1a52.jpg', NULL, 'Letterbox', '2025-01-31 18:17:05', NULL, NULL),
(1286, 95, 'delivered', 36, NULL, NULL, NULL, NULL, '2025-01-31 18:17:46', NULL, NULL),
(1287, 96, 'pending', 25, NULL, NULL, NULL, NULL, '2025-01-31 18:30:05', NULL, NULL),
(1288, 97, 'pending', 25, NULL, NULL, NULL, NULL, '2025-01-31 18:30:29', NULL, NULL),
(1289, 96, 'pending', 25, NULL, NULL, NULL, NULL, '2025-01-31 18:41:14', NULL, NULL),
(1290, 97, 'pending', 25, NULL, NULL, NULL, NULL, '2025-01-31 18:50:45', NULL, NULL),
(1291, 96, 'pending', 25, NULL, NULL, NULL, NULL, '2025-01-31 18:50:49', NULL, NULL),
(1292, 98, 'pending', 25, NULL, NULL, NULL, NULL, '2025-02-01 13:36:57', NULL, NULL),
(1293, 99, 'pending', 25, NULL, NULL, NULL, NULL, '2025-02-01 13:39:08', NULL, NULL),
(1294, 100, 'pending', 25, NULL, NULL, NULL, NULL, '2025-02-01 13:41:27', NULL, NULL),
(1295, 100, 'delivering', 37, NULL, NULL, NULL, NULL, '2025-02-01 13:50:10', NULL, NULL),
(1296, 99, 'delivering', 37, NULL, NULL, NULL, NULL, '2025-02-01 13:50:10', NULL, NULL),
(1297, 98, 'delivering', 37, NULL, NULL, NULL, NULL, '2025-02-01 13:50:10', NULL, NULL),
(1298, 100, 'failed', 37, 'failed with long distance ', NULL, NULL, NULL, '2025-02-01 13:56:48', NULL, NULL),
(1299, 99, 'delivered', 37, NULL, 'images/delivery_1738418564_679e298477ea3.jpg', NULL, 'To Household', '2025-02-01 14:02:44', NULL, NULL),
(1300, 88, 'failed', 30, 'hulk is angry', NULL, NULL, NULL, '2025-02-03 09:37:18', NULL, NULL),
(1301, 89, 'failed', 30, 'failed', NULL, NULL, NULL, '2025-02-03 10:01:02', NULL, NULL),
(1302, 90, 'failed', 30, '123', NULL, NULL, NULL, '2025-02-03 10:08:49', NULL, NULL),
(1303, 91, 'failed', 30, 'et', NULL, NULL, NULL, '2025-02-03 10:15:25', NULL, NULL),
(1304, 75, 'delivered', 30, NULL, NULL, NULL, NULL, '2025-02-03 10:24:11', NULL, NULL),
(1305, 101, 'pending', 25, NULL, NULL, NULL, NULL, '2025-02-03 10:37:17', NULL, NULL),
(1306, 102, 'pending', 25, NULL, NULL, NULL, NULL, '2025-02-03 10:38:25', NULL, NULL),
(1307, 103, 'pending', 25, NULL, NULL, NULL, NULL, '2025-02-03 10:46:40', NULL, NULL),
(1308, 104, 'pending', 25, NULL, NULL, NULL, NULL, '2025-02-03 10:52:53', NULL, NULL),
(1309, 105, 'pending', 25, NULL, NULL, NULL, NULL, '2025-02-03 10:54:46', NULL, NULL),
(1310, 106, 'pending', 25, NULL, NULL, NULL, NULL, '2025-02-03 10:59:26', NULL, NULL),
(1311, 106, 'delivering', 30, NULL, NULL, NULL, NULL, '2025-02-03 11:01:43', NULL, NULL),
(1312, 105, 'delivering', 30, NULL, NULL, NULL, NULL, '2025-02-03 11:01:43', NULL, NULL),
(1313, 104, 'delivering', 30, NULL, NULL, NULL, NULL, '2025-02-03 11:01:43', NULL, NULL),
(1314, 103, 'delivering', 30, NULL, NULL, NULL, NULL, '2025-02-03 11:01:43', NULL, NULL),
(1315, 102, 'delivering', 30, NULL, NULL, NULL, NULL, '2025-02-03 11:01:43', NULL, NULL),
(1316, 101, 'delivering', 30, NULL, NULL, NULL, NULL, '2025-02-03 11:01:43', NULL, NULL),
(1317, 103, 'failed', 30, 'qwe', NULL, NULL, NULL, '2025-02-03 11:02:25', NULL, NULL),
(1318, 105, 'delivered', 30, NULL, NULL, NULL, 'Reception', '2025-02-03 11:55:18', NULL, NULL),
(1319, 106, 'delivered', 30, NULL, 'images/delivery_1738584956_67a0b37c43598.jpg', NULL, 'To Household', '2025-02-03 12:15:56', NULL, NULL),
(1320, 104, 'delivered', 30, NULL, NULL, NULL, NULL, '2025-02-03 13:56:14', NULL, NULL),
(1321, 101, 'delivered', 30, 'Just Checking', NULL, NULL, NULL, '2025-02-03 13:57:45', NULL, NULL),
(1322, 102, 'delivered', 30, 'Force delivered: Photo capture unavailable, Location check bypassed', NULL, NULL, NULL, '2025-02-03 14:07:23', NULL, NULL),
(1323, 106, 'delivered', 30, NULL, NULL, NULL, NULL, '2025-02-03 14:14:16', NULL, NULL),
(1324, 105, 'delivered', 30, NULL, NULL, NULL, NULL, '2025-02-03 14:14:16', NULL, NULL),
(1325, 104, 'delivered', 30, NULL, NULL, NULL, NULL, '2025-02-03 14:14:16', NULL, NULL),
(1326, 102, 'delivered', 30, NULL, NULL, NULL, NULL, '2025-02-03 14:14:16', NULL, NULL),
(1327, 101, 'delivered', 30, NULL, NULL, NULL, NULL, '2025-02-03 14:14:16', NULL, NULL),
(1328, 74, 'delivered', 30, NULL, NULL, NULL, NULL, '2025-02-03 14:17:31', NULL, NULL),
(1329, 73, 'delivered', 30, NULL, NULL, NULL, NULL, '2025-02-03 14:17:31', NULL, NULL),
(1330, 75, 'delivered', 30, NULL, NULL, NULL, NULL, '2025-02-03 14:17:31', NULL, NULL),
(1331, 84, 'delivered', 30, NULL, 'images/delivery_1738596408_67a0e03855357.jpg', NULL, NULL, '2025-02-03 15:26:48', NULL, NULL),
(1332, 84, 'delivered', 30, NULL, NULL, NULL, NULL, '2025-02-03 15:26:58', NULL, NULL),
(1333, 83, 'delivered', 30, NULL, NULL, NULL, NULL, '2025-02-03 15:26:58', NULL, NULL),
(1334, 80, 'delivered', 30, NULL, NULL, NULL, NULL, '2025-02-03 15:26:58', NULL, NULL),
(1335, 107, 'pending', 39, NULL, NULL, NULL, NULL, '2025-02-07 21:15:41', NULL, NULL),
(1336, 108, 'pending', 39, NULL, NULL, NULL, NULL, '2025-02-07 21:24:22', NULL, NULL),
(1337, 109, 'pending', 39, NULL, NULL, NULL, NULL, '2025-02-07 21:28:30', NULL, NULL),
(1338, 110, 'pending', 39, NULL, NULL, NULL, NULL, '2025-02-07 21:29:26', NULL, NULL),
(1339, 111, 'pending', 39, NULL, NULL, NULL, NULL, '2025-02-07 21:53:07', NULL, NULL),
(1340, 110, 'assigned', 39, NULL, NULL, NULL, NULL, '2025-02-07 21:53:29', NULL, NULL),
(1341, 109, 'assigned', 39, NULL, NULL, NULL, NULL, '2025-02-07 21:53:29', NULL, NULL),
(1342, 108, 'assigned', 39, NULL, NULL, NULL, NULL, '2025-02-07 21:53:29', NULL, NULL),
(1343, 107, 'assigned', 39, NULL, NULL, NULL, NULL, '2025-02-07 21:53:29', NULL, NULL),
(1344, 107, 'failed', 40, 'No products were picked for this order', NULL, NULL, NULL, '2025-02-07 22:01:40', NULL, NULL),
(1345, 110, 'delivering', 40, NULL, NULL, NULL, NULL, '2025-02-07 22:01:41', NULL, NULL),
(1346, 109, 'delivering', 40, NULL, NULL, NULL, NULL, '2025-02-07 22:01:41', NULL, NULL),
(1347, 108, 'delivering', 40, NULL, NULL, NULL, NULL, '2025-02-07 22:01:41', NULL, NULL),
(1348, 111, 'delivering', 40, NULL, NULL, NULL, NULL, '2025-02-07 22:01:41', NULL, NULL),
(1349, 109, 'delivered', 40, 'Force delivered: Photo capture unavailable, Location check bypassed', NULL, NULL, NULL, '2025-02-07 22:07:36', NULL, NULL),
(1350, 111, 'delivered', 40, 'Force delivered: Location check bypassed', 'images/delivery_1738966121_67a684692762b.jpg', NULL, NULL, '2025-02-07 22:08:41', NULL, NULL),
(1351, 112, 'pending', 39, NULL, NULL, NULL, NULL, '2025-02-07 22:11:33', NULL, NULL),
(1352, 113, 'pending', 39, NULL, NULL, NULL, NULL, '2025-02-07 22:13:11', NULL, NULL),
(1353, 112, 'pending', 39, NULL, NULL, NULL, NULL, '2025-02-07 22:17:44', NULL, NULL),
(1354, 109, 'pending', 39, NULL, NULL, NULL, NULL, '2025-02-07 22:18:24', NULL, NULL),
(1355, 110, 'failed', 40, 'test', NULL, NULL, NULL, '2025-02-07 22:20:02', NULL, NULL),
(1356, 113, 'delivered', 40, 'Force delivered: Photo capture unavailable', NULL, NULL, NULL, '2025-02-07 22:24:46', NULL, NULL),
(1357, 108, 'delivered', 40, 'Force delivered: Photo capture unavailable', NULL, NULL, NULL, '2025-02-07 22:28:34', NULL, NULL),
(1358, 108, 'delivered', 40, NULL, NULL, NULL, NULL, '2025-02-07 22:29:56', NULL, NULL),
(1359, 111, 'delivered', 40, NULL, NULL, NULL, NULL, '2025-02-07 22:29:56', NULL, NULL),
(1360, 113, 'delivered', 40, NULL, NULL, NULL, NULL, '2025-02-07 22:29:56', NULL, NULL),
(1361, 99, 'pending', 32, NULL, NULL, NULL, NULL, '2025-02-21 18:31:13', NULL, NULL),
(1362, 114, 'pending', 25, NULL, NULL, NULL, NULL, '2025-02-24 09:58:48', NULL, NULL),
(1363, 115, 'pending', 25, NULL, NULL, NULL, NULL, '2025-02-24 10:00:27', NULL, NULL),
(1364, 116, 'pending', 25, NULL, NULL, NULL, NULL, '2025-02-24 10:01:34', NULL, NULL),
(1365, 116, 'delivering', 30, NULL, NULL, NULL, NULL, '2025-02-24 10:05:06', NULL, NULL),
(1366, 115, 'delivering', 30, NULL, NULL, NULL, NULL, '2025-02-24 10:05:06', NULL, NULL),
(1367, 114, 'delivering', 30, NULL, NULL, NULL, NULL, '2025-02-24 10:05:06', NULL, NULL),
(1368, 114, 'delivered', 30, 'Force delivered: Location check bypassed', 'images/delivery_1740391576_67bc4498c8a0e.jpg', NULL, NULL, '2025-02-24 10:06:16', NULL, NULL),
(1369, 116, 'delivered', 30, NULL, 'images/delivery_1740391879_67bc45c7aedfb.jpg', NULL, NULL, '2025-02-24 10:11:19', NULL, NULL),
(1370, 115, 'delivered', 30, NULL, 'images/delivery_1740392665_67bc48d94ad06.jpg', NULL, NULL, '2025-02-24 10:24:25', NULL, NULL),
(1371, 77, 'delivered', 30, NULL, 'images/delivery_1740393063_67bc4a67006d6.jpg', NULL, NULL, '2025-02-24 10:31:03', NULL, NULL),
(1372, 117, 'pending', 25, NULL, NULL, NULL, NULL, '2025-02-24 11:01:25', NULL, NULL),
(1373, 118, 'pending', 25, NULL, NULL, NULL, NULL, '2025-02-24 11:03:22', NULL, NULL),
(1374, 119, 'pending', 25, NULL, NULL, NULL, NULL, '2025-02-24 11:04:14', NULL, NULL),
(1375, 119, 'delivering', 30, NULL, NULL, NULL, NULL, '2025-02-24 11:18:07', NULL, NULL),
(1376, 118, 'delivering', 30, NULL, NULL, NULL, NULL, '2025-02-24 11:18:07', NULL, NULL),
(1377, 117, 'delivering', 30, NULL, NULL, NULL, NULL, '2025-02-24 11:18:07', NULL, NULL),
(1378, 119, 'delivered', 30, NULL, 'images/delivery_1740395963_67bc55bb93b97.jpg', NULL, NULL, '2025-02-24 11:19:23', NULL, NULL),
(1379, 117, 'delivered', 30, NULL, 'images/delivery_1740396359_67bc5747a5cff.jpg', NULL, NULL, '2025-02-24 11:25:59', NULL, NULL),
(1380, 118, 'delivered', 30, NULL, 'images/delivery_1740396700_67bc589ce0ac3.jpg', NULL, NULL, '2025-02-24 11:31:40', NULL, NULL),
(1381, 116, 'delivered', 30, NULL, NULL, NULL, NULL, '2025-02-24 12:25:02', NULL, NULL),
(1382, 115, 'delivered', 30, NULL, NULL, NULL, NULL, '2025-02-24 12:25:02', NULL, NULL),
(1383, 114, 'delivered', 30, NULL, NULL, NULL, NULL, '2025-02-24 12:25:02', NULL, NULL),
(1384, 86, 'delivered', 30, NULL, NULL, NULL, NULL, '2025-02-24 12:26:13', NULL, NULL),
(1385, 78, 'delivered', 30, NULL, NULL, NULL, NULL, '2025-02-24 12:27:02', NULL, NULL),
(1386, 77, 'delivered', 30, NULL, NULL, NULL, NULL, '2025-02-24 12:27:02', NULL, NULL),
(1387, 76, 'delivered', 30, NULL, NULL, NULL, NULL, '2025-02-24 12:27:02', NULL, NULL),
(1388, 79, 'delivered', 30, NULL, NULL, NULL, NULL, '2025-02-24 12:27:02', NULL, NULL),
(1389, 120, 'pending', 25, NULL, NULL, NULL, NULL, '2025-02-24 12:32:05', NULL, NULL),
(1390, 121, 'pending', 25, NULL, NULL, NULL, NULL, '2025-02-24 12:33:00', NULL, NULL),
(1391, 122, 'pending', 25, NULL, NULL, NULL, NULL, '2025-02-24 12:33:49', NULL, NULL),
(1392, 122, 'delivering', 30, NULL, NULL, NULL, NULL, '2025-02-24 12:35:36', NULL, NULL),
(1393, 121, 'delivering', 30, NULL, NULL, NULL, NULL, '2025-02-24 12:35:36', NULL, NULL),
(1394, 120, 'delivering', 30, NULL, NULL, NULL, NULL, '2025-02-24 12:35:36', NULL, NULL),
(1395, 120, 'failed', 30, 'failed', NULL, NULL, NULL, '2025-02-24 12:45:46', NULL, NULL),
(1396, 122, 'failed', 30, 't', NULL, NULL, NULL, '2025-02-24 12:50:09', NULL, NULL),
(1397, 121, 'failed', 30, 'for some reason ', NULL, NULL, NULL, '2025-02-24 12:58:08', NULL, NULL),
(1398, 123, 'pending', 25, NULL, NULL, NULL, NULL, '2025-02-25 04:36:39', NULL, NULL),
(1399, 124, 'pending', 25, NULL, NULL, NULL, NULL, '2025-02-25 04:37:33', NULL, NULL),
(1400, 125, 'pending', 25, NULL, NULL, NULL, NULL, '2025-02-25 04:38:30', NULL, NULL),
(1401, 126, 'pending', 25, NULL, NULL, NULL, NULL, '2025-02-25 04:39:54', NULL, NULL),
(1402, 125, 'failed', 30, 'No products were picked for this order', NULL, NULL, NULL, '2025-02-25 04:44:04', NULL, NULL),
(1403, 126, 'delivering', 30, NULL, NULL, NULL, NULL, '2025-02-25 04:44:06', NULL, NULL),
(1404, 124, 'delivering', 30, NULL, NULL, NULL, NULL, '2025-02-25 04:44:06', NULL, NULL),
(1405, 123, 'delivering', 30, NULL, NULL, NULL, NULL, '2025-02-25 04:44:06', NULL, NULL),
(1406, 124, 'delivered', 30, 'Force delivered: Photo capture unavailable. Rider Location: (33.610157, 73.130542)', NULL, NULL, NULL, '2025-02-25 04:50:38', NULL, NULL),
(1407, 123, 'delivered', 30, 'Force delivered: Photo capture unavailable. Rider Location: (33.6100000, 73.1307952)', NULL, NULL, NULL, '2025-02-25 05:03:45', NULL, NULL),
(1408, 126, 'delivered', 30, 'Force delivered: Photo capture unavailable. Rider Location: (33.6101476, 73.1305345)', NULL, NULL, NULL, '2025-02-25 05:09:41', NULL, NULL),
(1409, 126, 'delivered', 30, NULL, NULL, NULL, NULL, '2025-02-25 05:14:37', NULL, NULL),
(1410, 124, 'delivered', 30, NULL, NULL, NULL, NULL, '2025-02-25 05:14:37', NULL, NULL),
(1411, 123, 'delivered', 30, NULL, NULL, NULL, NULL, '2025-02-25 05:14:37', NULL, NULL),
(1412, 127, 'pending', 25, NULL, NULL, NULL, NULL, '2025-02-25 05:19:17', NULL, NULL),
(1413, 128, 'pending', 25, NULL, NULL, NULL, NULL, '2025-02-25 05:20:53', NULL, NULL),
(1414, 129, 'pending', 25, NULL, NULL, NULL, NULL, '2025-02-25 05:22:59', NULL, NULL),
(1415, 130, 'pending', 25, NULL, NULL, NULL, NULL, '2025-02-25 05:28:04', NULL, NULL),
(1416, 131, 'pending', 25, NULL, NULL, NULL, NULL, '2025-02-25 05:28:38', NULL, NULL),
(1417, 132, 'pending', 25, NULL, NULL, NULL, NULL, '2025-02-25 05:29:01', NULL, NULL),
(1418, 132, 'delivering', 30, NULL, NULL, NULL, NULL, '2025-02-25 05:30:43', NULL, NULL),
(1419, 131, 'delivering', 30, NULL, NULL, NULL, NULL, '2025-02-25 05:30:43', NULL, NULL),
(1420, 130, 'delivering', 30, NULL, NULL, NULL, NULL, '2025-02-25 05:30:43', NULL, NULL),
(1421, 129, 'delivering', 30, NULL, NULL, NULL, NULL, '2025-02-25 05:30:43', NULL, NULL),
(1422, 128, 'delivering', 30, NULL, NULL, NULL, NULL, '2025-02-25 05:30:43', NULL, NULL),
(1423, 127, 'delivering', 30, NULL, NULL, NULL, NULL, '2025-02-25 05:30:43', NULL, NULL),
(1424, 128, 'delivered', 30, NULL, 'images/delivery_1740461708_67bd568ca6ead.jpg', NULL, NULL, '2025-02-25 05:35:08', NULL, NULL),
(1425, 129, 'delivered', 30, 'Force delivered: Photo capture unavailable. Rider Location: (33.6102005, 73.1305511)', NULL, NULL, NULL, '2025-02-25 05:38:26', NULL, NULL),
(1426, 130, 'delivered', 30, 'Force delivered: Photo capture unavailable. Rider Location: (33.6101479, 73.1305359)', NULL, NULL, NULL, '2025-02-25 05:42:18', NULL, NULL),
(1427, 131, 'delivered', 30, NULL, 'images/delivery_1740463273_67bd5ca94dd06.jpg', NULL, NULL, '2025-02-25 06:01:13', NULL, NULL),
(1428, 132, 'failed', 30, 'failed', NULL, NULL, NULL, '2025-02-25 06:01:34', NULL, NULL),
(1429, 127, 'delivered', 30, 'Force delivered: Photo capture unavailable. Rider Location: (33.6101638, 73.1305388)', NULL, NULL, NULL, '2025-02-25 06:02:28', NULL, NULL),
(1430, 131, 'delivered', 30, NULL, NULL, NULL, NULL, '2025-02-25 06:03:22', NULL, NULL),
(1431, 130, 'delivered', 30, NULL, NULL, NULL, NULL, '2025-02-25 06:03:22', NULL, NULL),
(1432, 129, 'delivered', 30, NULL, NULL, NULL, NULL, '2025-02-25 06:03:22', NULL, NULL),
(1433, 128, 'delivered', 30, NULL, NULL, NULL, NULL, '2025-02-25 06:03:22', NULL, NULL),
(1434, 127, 'delivered', 30, NULL, NULL, NULL, NULL, '2025-02-25 06:03:22', NULL, NULL),
(1435, 133, 'pending', 25, NULL, NULL, NULL, NULL, '2025-02-25 06:05:17', NULL, NULL),
(1436, 134, 'pending', 25, NULL, NULL, NULL, NULL, '2025-02-25 06:05:41', NULL, NULL),
(1437, 135, 'pending', 25, NULL, NULL, NULL, NULL, '2025-02-25 06:06:17', NULL, NULL),
(1438, 136, 'pending', 25, NULL, NULL, NULL, NULL, '2025-02-25 06:06:59', NULL, NULL),
(1439, 137, 'pending', 25, NULL, NULL, NULL, NULL, '2025-02-25 06:07:24', NULL, NULL),
(1440, 138, 'pending', 25, NULL, NULL, NULL, NULL, '2025-02-25 06:07:47', NULL, NULL),
(1441, 138, 'delivering', 30, NULL, NULL, NULL, NULL, '2025-02-25 06:26:15', NULL, NULL),
(1442, 137, 'delivering', 30, NULL, NULL, NULL, NULL, '2025-02-25 06:26:15', NULL, NULL),
(1443, 136, 'delivering', 30, NULL, NULL, NULL, NULL, '2025-02-25 06:26:15', NULL, NULL),
(1444, 135, 'delivering', 30, NULL, NULL, NULL, NULL, '2025-02-25 06:26:15', NULL, NULL),
(1445, 134, 'delivering', 30, NULL, NULL, NULL, NULL, '2025-02-25 06:26:15', NULL, NULL),
(1446, 133, 'delivering', 30, NULL, NULL, NULL, NULL, '2025-02-25 06:26:15', NULL, NULL),
(1447, 133, 'delivered', 30, NULL, 'images/delivery_1740464935_67bd632713cb8.jpg', NULL, NULL, '2025-02-25 06:28:55', NULL, NULL),
(1448, 134, 'failed', 30, 'fail', NULL, NULL, NULL, '2025-02-25 06:29:09', NULL, NULL),
(1449, 135, 'delivered', 30, 'Force delivered: Photo capture unavailable, Location check bypassed. Rider Location: (33.6101721, 73.1305425)', NULL, NULL, NULL, '2025-02-25 06:32:54', NULL, NULL),
(1450, 136, 'delivered', 30, 'Force delivered: Location check bypassed. Rider Location: (33.6102006, 73.1305418)', 'images/delivery_1740465352_67bd64c81978a.jpg', NULL, NULL, '2025-02-25 06:35:52', NULL, NULL),
(1451, 137, 'delivered', 30, 'Force delivered: Photo capture unavailable, Location check bypassed. Rider Location: (33.6102040, 73.1305525)', NULL, NULL, NULL, '2025-02-25 06:40:51', NULL, NULL),
(1452, 138, 'delivered', 30, NULL, 'images/delivery_1740466078_67bd679ee1d80.jpg', NULL, NULL, '2025-02-25 06:47:58', NULL, NULL),
(1453, 138, 'delivered', 30, NULL, NULL, NULL, NULL, '2025-02-25 06:48:17', NULL, NULL),
(1454, 137, 'delivered', 30, NULL, NULL, NULL, NULL, '2025-02-25 06:48:17', NULL, NULL),
(1455, 136, 'delivered', 30, NULL, NULL, NULL, NULL, '2025-02-25 06:48:17', NULL, NULL),
(1456, 135, 'delivered', 30, NULL, NULL, NULL, NULL, '2025-02-25 06:48:17', NULL, NULL),
(1457, 133, 'delivered', 30, NULL, NULL, NULL, NULL, '2025-02-25 06:48:17', NULL, NULL),
(1458, 139, 'pending', 25, NULL, NULL, NULL, NULL, '2025-02-25 07:09:39', NULL, NULL),
(1459, 119, 'delivered', 30, NULL, NULL, NULL, NULL, '2025-02-25 07:09:48', NULL, NULL),
(1460, 118, 'delivered', 30, NULL, NULL, NULL, NULL, '2025-02-25 07:09:48', NULL, NULL),
(1461, 117, 'delivered', 30, NULL, NULL, NULL, NULL, '2025-02-25 07:09:48', NULL, NULL),
(1462, 140, 'pending', 25, NULL, NULL, NULL, NULL, '2025-02-25 07:10:15', NULL, NULL),
(1463, 140, 'delivering', 30, NULL, NULL, NULL, NULL, '2025-02-25 07:12:53', NULL, NULL),
(1464, 139, 'delivering', 30, NULL, NULL, NULL, NULL, '2025-02-25 07:12:53', NULL, NULL),
(1465, 139, 'delivered', 30, NULL, 'images/delivery_1740467810_67bd6e622694b.jpg', NULL, NULL, '2025-02-25 07:16:50', NULL, NULL),
(1466, 140, 'delivered', 30, 'Force delivered: Photo capture unavailable. Rider Location: (33.6102272, 73.1305844)', NULL, NULL, NULL, '2025-02-25 07:17:22', NULL, NULL),
(1467, 140, 'delivered', 30, NULL, NULL, NULL, NULL, '2025-02-25 07:17:34', NULL, NULL),
(1468, 139, 'delivered', 30, NULL, NULL, NULL, NULL, '2025-02-25 07:17:34', NULL, NULL),
(1469, 141, 'pending', 25, NULL, NULL, NULL, NULL, '2025-02-25 10:10:46', NULL, NULL),
(1470, 142, 'pending', 25, NULL, NULL, NULL, NULL, '2025-02-25 10:11:17', NULL, NULL),
(1471, 143, 'pending', 25, NULL, NULL, NULL, NULL, '2025-02-25 10:13:30', NULL, NULL),
(1472, 144, 'pending', 25, NULL, NULL, NULL, NULL, '2025-02-25 10:14:06', NULL, NULL),
(1473, 145, 'pending', 25, NULL, NULL, NULL, NULL, '2025-02-25 10:14:32', NULL, NULL),
(1474, 146, 'pending', 25, NULL, NULL, NULL, NULL, '2025-02-25 10:15:00', NULL, NULL),
(1475, 147, 'pending', 25, NULL, NULL, NULL, NULL, '2025-02-25 10:15:29', NULL, NULL),
(1476, 148, 'pending', 25, NULL, NULL, NULL, NULL, '2025-02-25 10:15:54', NULL, NULL),
(1477, 149, 'pending', 25, NULL, NULL, NULL, NULL, '2025-02-25 10:16:25', NULL, NULL),
(1478, 150, 'pending', 25, NULL, NULL, NULL, NULL, '2025-02-25 10:16:50', NULL, NULL),
(1479, 151, 'pending', 25, NULL, NULL, NULL, NULL, '2025-02-25 10:17:21', NULL, NULL),
(1480, 152, 'pending', 25, NULL, NULL, NULL, NULL, '2025-02-25 10:17:58', NULL, NULL),
(1481, 146, 'delivering', 30, NULL, NULL, NULL, NULL, '2025-02-25 10:23:25', NULL, NULL),
(1482, 145, 'delivering', 30, NULL, NULL, NULL, NULL, '2025-02-25 10:25:51', NULL, NULL),
(1483, 146, 'delivered', 30, 'Force delivered: Location check bypassed. Rider Location: (33.6102149, 73.1305787)', 'images/delivery_1740479207_67bd9ae716f84.jpg', NULL, NULL, '2025-02-25 10:26:47', NULL, NULL),
(1484, 146, 'delivered', 30, NULL, NULL, NULL, NULL, '2025-02-25 10:27:00', NULL, NULL),
(1485, 149, 'delivering', 30, NULL, NULL, NULL, NULL, '2025-02-25 10:29:54', NULL, NULL),
(1486, 149, 'delivered', 30, 'Force delivered: Location check bypassed. Rider Location: (33.6102277, 73.1305815)', 'images/delivery_1740479443_67bd9bd31e7ac.jpg', NULL, NULL, '2025-02-25 10:30:43', NULL, NULL),
(1487, 149, 'delivered', 30, NULL, NULL, NULL, NULL, '2025-02-25 10:30:56', NULL, NULL),
(1488, 150, 'delivering', 30, NULL, NULL, NULL, NULL, '2025-02-25 10:32:46', NULL, NULL),
(1489, 150, 'delivered', 30, 'Force delivered: Location check bypassed. Rider Location: (33.6102243, 73.1305846)', 'images/delivery_1740479611_67bd9c7bab4f1.jpg', NULL, NULL, '2025-02-25 10:33:31', NULL, NULL),
(1490, 150, 'delivered', 30, NULL, NULL, NULL, NULL, '2025-02-25 10:33:46', NULL, NULL),
(1491, 148, 'delivering', 30, NULL, NULL, NULL, NULL, '2025-02-25 10:36:18', NULL, NULL),
(1492, 147, 'delivering', 30, NULL, NULL, NULL, NULL, '2025-02-25 10:36:18', NULL, NULL),
(1493, 147, 'failed', 30, 'failed', NULL, NULL, NULL, '2025-02-25 10:36:33', NULL, NULL),
(1494, 148, 'delivered', 30, 'Force delivered: Location check bypassed. Rider Location: (33.6102268, 73.1305842)', 'images/delivery_1740479817_67bd9d4962c5e.jpg', NULL, NULL, '2025-02-25 10:36:57', NULL, NULL),
(1495, 148, 'delivered', 30, NULL, NULL, NULL, NULL, '2025-02-25 10:37:05', NULL, NULL),
(1496, 144, 'delivering', 30, NULL, NULL, NULL, NULL, '2025-02-25 10:39:55', NULL, NULL),
(1497, 144, 'delivered', 30, 'Force delivered: Location check bypassed. Rider Location: (33.6101908, 73.1305689)', 'images/delivery_1740480036_67bd9e245f7cc.jpg', NULL, NULL, '2025-02-25 10:40:36', NULL, NULL),
(1498, 144, 'delivered', 30, NULL, NULL, NULL, NULL, '2025-02-25 10:40:46', NULL, NULL),
(1499, 152, 'delivering', 30, NULL, NULL, NULL, NULL, '2025-02-25 10:44:24', NULL, NULL),
(1500, 152, 'delivered', 30, 'Force delivered: Location check bypassed. Rider Location: (33.6101894, 73.1305628)', 'images/delivery_1740480301_67bd9f2d8768c.jpg', NULL, NULL, '2025-02-25 10:45:01', NULL, NULL),
(1501, 152, 'delivered', 30, NULL, NULL, NULL, NULL, '2025-02-25 10:45:06', NULL, NULL),
(1502, 142, 'delivering', 30, NULL, NULL, NULL, NULL, '2025-02-25 10:49:32', NULL, NULL),
(1503, 142, 'delivered', 30, 'Force delivered: Location check bypassed. Rider Location: (33.6101250, 73.1307750)', 'images/delivery_1740480737_67bda0e190d14.jpg', NULL, NULL, '2025-02-25 10:52:17', NULL, NULL),
(1504, 142, 'delivered', 30, NULL, NULL, NULL, NULL, '2025-02-25 10:52:39', NULL, NULL),
(1505, 141, 'delivering', 30, NULL, NULL, NULL, NULL, '2025-02-25 12:05:48', NULL, NULL),
(1506, 141, 'delivered', 30, 'Force delivered: Photo capture unavailable, Location check bypassed. Rider Location: (33.6101952, 73.1305682)', NULL, NULL, NULL, '2025-02-25 12:07:45', NULL, NULL),
(1507, 151, 'delivering', 30, NULL, NULL, NULL, NULL, '2025-02-25 12:08:57', NULL, NULL),
(1508, 99, 'delivering', 30, NULL, NULL, NULL, NULL, '2025-02-25 12:08:57', NULL, NULL),
(1509, 99, 'delivered', 30, 'Force delivered: Photo capture unavailable, Location check bypassed. Rider Location: (33.6101428, 73.1305217)', NULL, NULL, NULL, '2025-02-25 12:09:23', NULL, NULL),
(1510, 153, 'pending', 25, NULL, NULL, NULL, NULL, '2025-02-25 12:10:34', NULL, NULL),
(1511, 154, 'pending', 25, NULL, NULL, NULL, NULL, '2025-02-25 12:11:01', NULL, NULL),
(1512, 155, 'pending', 25, NULL, NULL, NULL, NULL, '2025-02-25 12:11:43', NULL, NULL),
(1513, 156, 'pending', 25, NULL, NULL, NULL, NULL, '2025-02-25 12:12:03', NULL, NULL),
(1514, 143, 'delivering', 30, NULL, NULL, NULL, NULL, '2025-02-25 12:12:55', NULL, NULL),
(1515, 156, 'delivering', 30, NULL, NULL, NULL, NULL, '2025-02-25 12:12:55', NULL, NULL),
(1516, 155, 'delivering', 30, NULL, NULL, NULL, NULL, '2025-02-25 12:12:55', NULL, NULL),
(1517, 154, 'delivering', 30, NULL, NULL, NULL, NULL, '2025-02-25 12:12:55', NULL, NULL),
(1518, 153, 'delivering', 30, NULL, NULL, NULL, NULL, '2025-02-25 12:12:55', NULL, NULL),
(1519, 143, 'delivered', 30, 'Force delivered: Location check bypassed. Rider Location: (33.6101440, 73.1305219)', 'images/delivery_1740485639_67bdb407519b6.jpg', NULL, NULL, '2025-02-25 12:13:59', NULL, NULL),
(1520, 153, 'delivered', 30, NULL, 'images/delivery_1740485713_67bdb4513ad75.jpg', NULL, NULL, '2025-02-25 12:15:13', NULL, NULL),
(1521, 154, 'delivered', 30, 'Force delivered: Photo capture unavailable. Rider Location: (33.6101617, 73.1305419)', NULL, NULL, NULL, '2025-02-25 12:21:30', NULL, NULL),
(1522, 155, 'delivered', 30, 'Force delivered: Photo capture unavailable, Location check bypassed. Rider Location: (33.6101819, 73.1305621)', NULL, NULL, NULL, '2025-02-25 12:37:06', NULL, NULL),
(1523, 156, 'failed', 30, 'for whatever reason', NULL, NULL, NULL, '2025-02-25 12:37:47', NULL, NULL),
(1524, 143, 'delivered', 30, NULL, NULL, NULL, NULL, '2025-02-25 12:38:05', NULL, NULL),
(1525, 155, 'delivered', 30, NULL, NULL, NULL, NULL, '2025-02-25 12:38:05', NULL, NULL),
(1526, 154, 'delivered', 30, NULL, NULL, NULL, NULL, '2025-02-25 12:38:05', NULL, NULL),
(1527, 153, 'delivered', 30, NULL, NULL, NULL, NULL, '2025-02-25 12:38:05', NULL, NULL),
(1528, 151, 'delivered', 30, 'Force delivered: Location check bypassed. Rider Location: (33.6101603, 73.1305589)', 'images/delivery_1740487159_67bdb9f76d637.jpg', NULL, NULL, '2025-02-25 12:39:19', NULL, NULL),
(1529, 157, 'pending', 25, NULL, NULL, NULL, NULL, '2025-03-01 15:51:31', NULL, NULL),
(1530, 158, 'pending', 25, NULL, NULL, NULL, NULL, '2025-03-01 19:09:16', NULL, NULL),
(1531, 157, 'failed', 30, 'No products were picked for this order', NULL, NULL, NULL, '2025-03-01 19:13:18', NULL, NULL),
(1532, 157, 'failed', 30, 'No products were picked for this order', NULL, NULL, NULL, '2025-03-01 19:13:18', NULL, NULL),
(1533, 157, 'failed', 30, 'No products were picked for this order', NULL, NULL, NULL, '2025-03-01 19:13:18', NULL, NULL),
(1534, 158, 'delivering', 30, NULL, NULL, NULL, NULL, '2025-03-01 19:13:18', NULL, NULL),
(1535, 158, 'failed', 30, 'why are you g', NULL, NULL, NULL, '2025-03-01 19:14:49', NULL, NULL),
(1536, 158, 'assigned', 25, NULL, NULL, NULL, NULL, '2025-03-01 19:34:40', NULL, NULL),
(1537, 157, 'assigned', 25, NULL, NULL, NULL, NULL, '2025-03-01 19:34:50', NULL, NULL),
(1538, 158, 'pending', 25, NULL, NULL, NULL, NULL, '2025-03-01 19:35:11', NULL, NULL),
(1539, 157, 'pending', 25, NULL, NULL, NULL, NULL, '2025-03-01 19:35:19', NULL, NULL),
(1540, 157, 'failed', 30, 'No products were picked for this order', NULL, NULL, NULL, '2025-03-01 19:36:40', NULL, NULL),
(1541, 157, 'failed', 30, 'No products were picked for this order', NULL, NULL, NULL, '2025-03-01 19:36:41', NULL, NULL),
(1542, 157, 'failed', 30, 'No products were picked for this order', NULL, NULL, NULL, '2025-03-01 19:36:41', NULL, NULL),
(1543, 158, 'delivering', 30, NULL, NULL, NULL, NULL, '2025-03-01 19:36:42', NULL, NULL),
(1544, 158, 'failed', 30, 'uno reverse ', NULL, NULL, NULL, '2025-03-01 19:37:37', NULL, NULL),
(1545, 158, 'pending', 25, NULL, NULL, NULL, NULL, '2025-03-01 19:46:40', NULL, NULL),
(1546, 157, 'pending', 25, NULL, NULL, NULL, NULL, '2025-03-01 19:46:47', NULL, NULL),
(1547, 158, 'assigned', 25, NULL, NULL, NULL, NULL, '2025-03-01 19:47:22', NULL, NULL),
(1548, 158, 'pending', 25, NULL, NULL, NULL, NULL, '2025-03-01 19:47:28', NULL, NULL),
(1549, 157, 'assigned', 25, NULL, NULL, NULL, NULL, '2025-03-01 19:47:36', NULL, NULL),
(1550, 157, 'pending', 25, NULL, NULL, NULL, NULL, '2025-03-01 19:47:41', NULL, NULL),
(1551, 157, 'failed', 30, 'No products were picked for this order', NULL, NULL, NULL, '2025-03-01 19:50:06', NULL, NULL),
(1552, 158, 'delivering', 30, NULL, NULL, NULL, NULL, '2025-03-01 19:50:07', NULL, NULL),
(1565, 158, 'delivered', 30, 'Force delivered: Location check bypassed. Rider Location: (33.6200597, 73.1440197)', 'images/delivery_1740859553_67c368a152edd.jpg', NULL, NULL, '2025-03-01 20:05:53', NULL, NULL),
(1566, 158, 'delivered', 30, NULL, NULL, NULL, NULL, '2025-03-01 20:06:22', NULL, NULL),
(1567, 159, 'pending', 25, NULL, NULL, NULL, NULL, '2025-03-01 20:07:10', NULL, NULL),
(1568, 160, 'pending', 25, NULL, NULL, NULL, NULL, '2025-03-01 20:08:01', NULL, NULL),
(1569, 159, 'failed', 30, 'No products were picked for this order', NULL, NULL, NULL, '2025-03-01 20:10:53', NULL, NULL),
(1570, 159, 'failed', 30, 'No products were picked for this order', NULL, NULL, NULL, '2025-03-01 20:10:53', NULL, NULL),
(1571, 160, 'delivering', 30, NULL, NULL, NULL, NULL, '2025-03-01 20:10:54', NULL, NULL),
(1572, 160, 'delivered', 30, 'Force delivered: Location check bypassed. Rider Location: (33.6200522, 73.1441319)', 'images/delivery_1740859920_67c36a10898ef.jpg', NULL, NULL, '2025-03-01 20:12:00', NULL, NULL),
(1573, 160, 'delivered', 30, NULL, NULL, NULL, NULL, '2025-03-01 20:12:10', NULL, NULL),
(1574, 161, 'pending', 25, NULL, NULL, NULL, NULL, '2025-03-02 12:43:49', NULL, NULL),
(1575, 162, 'pending', 25, NULL, NULL, NULL, NULL, '2025-03-02 15:56:28', NULL, NULL),
(1576, 163, 'pending', 25, NULL, NULL, NULL, NULL, '2025-03-02 15:58:52', NULL, NULL),
(1577, 162, 'failed', 16, 'No products were picked for this order', NULL, NULL, NULL, '2025-03-02 16:40:20', NULL, NULL),
(1578, 162, 'failed', 16, 'No products were picked for this order', NULL, NULL, NULL, '2025-03-02 16:40:20', NULL, NULL),
(1579, 163, 'delivering', 16, NULL, NULL, NULL, NULL, '2025-03-02 16:40:21', NULL, NULL),
(1580, 161, 'delivering', 16, NULL, NULL, NULL, NULL, '2025-03-02 16:40:21', NULL, NULL),
(1581, 163, 'delivered', 16, 'Force delivered: Location check bypassed. Rider Location: (33.6201475, 73.1440422)', 'images/delivery_1740933721_67c48a598b90b.jpg', NULL, NULL, '2025-03-02 16:42:01', NULL, NULL),
(1582, 161, 'delivered', 16, 'Force delivered: Location check bypassed. Rider Location: (33.6202998, 73.1441068)', 'images/delivery_1740933768_67c48a88461f2.jpg', NULL, NULL, '2025-03-02 16:42:48', NULL, NULL),
(1583, 163, 'delivered', 16, NULL, NULL, NULL, NULL, '2025-03-02 16:43:00', NULL, NULL),
(1584, 161, 'delivered', 16, NULL, NULL, NULL, NULL, '2025-03-02 16:43:00', NULL, NULL),
(1585, 64, 'failed', 16, 'No products were picked for this order', NULL, NULL, NULL, '2025-03-03 07:25:12', NULL, NULL),
(1586, 60, 'delivering', 16, NULL, NULL, NULL, NULL, '2025-03-03 07:25:13', NULL, NULL),
(1587, 63, 'delivering', 16, NULL, NULL, NULL, NULL, '2025-03-03 07:25:13', NULL, NULL),
(1588, 60, 'delivered', 16, 'Force delivered: Location check bypassed. Rider Location: (33.6101899, 73.1305552)', 'images/delivery_1740986769_67c559915d17e.jpg', NULL, NULL, '2025-03-03 07:26:09', NULL, NULL),
(1589, 63, 'delivered', 16, 'Force delivered: Location check bypassed. Rider Location: (33.6102702, 73.1302947)', 'images/delivery_1740986859_67c559ebce0b8.jpg', NULL, NULL, '2025-03-03 07:27:39', NULL, NULL),
(1590, 60, 'delivered', 16, NULL, NULL, NULL, NULL, '2025-03-03 07:27:55', NULL, NULL),
(1591, 63, 'delivered', 16, NULL, NULL, NULL, NULL, '2025-03-03 07:27:55', NULL, NULL),
(1592, 164, 'pending', 49, NULL, NULL, NULL, NULL, '2025-03-06 19:10:58', NULL, NULL),
(1593, 165, 'pending', 49, NULL, NULL, NULL, NULL, '2025-03-06 19:16:24', NULL, NULL),
(1594, 166, 'pending', 49, NULL, NULL, NULL, NULL, '2025-03-06 19:24:07', NULL, NULL),
(1595, 167, 'pending', 49, NULL, NULL, NULL, NULL, '2025-03-06 19:28:10', NULL, NULL),
(1596, 168, 'pending', 49, NULL, NULL, NULL, NULL, '2025-03-06 19:29:22', NULL, NULL),
(1597, 165, 'assigned', 49, NULL, NULL, NULL, NULL, '2025-03-06 19:39:15', NULL, NULL),
(1598, 164, 'assigned', 49, NULL, NULL, NULL, NULL, '2025-03-06 19:39:15', NULL, NULL),
(1599, 166, 'assigned', 49, NULL, NULL, NULL, NULL, '2025-03-06 19:39:15', NULL, NULL),
(1600, 168, 'assigned', 49, NULL, NULL, NULL, NULL, '2025-03-06 19:39:15', NULL, NULL),
(1601, 167, 'assigned', 49, NULL, NULL, NULL, NULL, '2025-03-06 19:39:15', NULL, NULL),
(1602, 165, 'delivering', 51, NULL, NULL, NULL, NULL, '2025-03-06 19:39:28', NULL, NULL),
(1603, 164, 'delivering', 51, NULL, NULL, NULL, NULL, '2025-03-06 19:39:28', NULL, NULL),
(1604, 166, 'delivering', 51, NULL, NULL, NULL, NULL, '2025-03-06 19:39:28', NULL, NULL),
(1605, 168, 'delivering', 51, NULL, NULL, NULL, NULL, '2025-03-06 19:39:28', NULL, NULL),
(1606, 167, 'delivering', 51, NULL, NULL, NULL, NULL, '2025-03-06 19:39:28', NULL, NULL),
(1607, 167, 'delivered', 51, 'Force delivered: Location check bypassed. Rider Location: (51.5503978, -0.3311003)', 'images/delivery_1741290102_67c9fa766ebe0.jpg', NULL, NULL, '2025-03-06 19:41:42', NULL, NULL),
(1608, 166, 'delivered', 51, NULL, 'images/delivery_1742337509_67d9f5e5867a2.jpg', NULL, NULL, '2025-03-18 22:38:29', NULL, NULL),
(1609, 164, 'delivered', 51, 'Force delivered: Photo capture unavailable, Location check bypassed. Rider Location: (51.5395173, -0.3092941)', NULL, NULL, NULL, '2025-03-18 22:39:12', NULL, NULL),
(1610, 168, 'failed', 51, 'hi', NULL, NULL, NULL, '2025-03-18 22:45:07', NULL, NULL),
(1611, 165, 'delivered', 51, 'Force delivered: Photo capture unavailable, Location check bypassed. Rider Location: (51.5394068, -0.3093206)', NULL, NULL, NULL, '2025-03-18 22:48:01', NULL, NULL),
(1612, 165, 'delivered', 51, NULL, NULL, NULL, NULL, '2025-03-18 22:48:11', NULL, NULL),
(1613, 164, 'delivered', 51, NULL, NULL, NULL, NULL, '2025-03-18 22:48:11', NULL, NULL),
(1614, 166, 'delivered', 51, NULL, NULL, NULL, NULL, '2025-03-18 22:48:11', NULL, NULL),
(1615, 167, 'delivered', 51, NULL, NULL, NULL, NULL, '2025-03-18 22:48:11', NULL, NULL),
(1616, 169, 'pending', 48, NULL, NULL, NULL, NULL, '2025-03-19 14:12:45', NULL, NULL),
(1617, 170, 'pending', 48, NULL, NULL, NULL, NULL, '2025-03-19 14:13:59', NULL, NULL),
(1618, 170, 'failed', 16, 'No products were picked for this order', NULL, NULL, NULL, '2025-03-19 14:17:30', NULL, NULL),
(1619, 169, 'delivering', 16, NULL, NULL, NULL, NULL, '2025-03-19 14:17:31', NULL, NULL),
(1620, 169, 'delivered', 16, 'Force delivered: Location check bypassed. Rider Location: (33.6102326, 73.1305798)', 'images/delivery_1742393967_67dad26f588a1.jpg', NULL, NULL, '2025-03-19 14:19:27', NULL, NULL),
(1621, 169, 'delivered', 16, NULL, NULL, NULL, NULL, '2025-03-19 14:20:22', NULL, NULL),
(1622, 171, 'pending', 48, NULL, NULL, NULL, NULL, '2025-03-19 14:30:12', NULL, NULL),
(1623, 172, 'pending', 48, NULL, NULL, NULL, NULL, '2025-03-19 14:31:10', NULL, NULL),
(1624, 172, 'delivering', 16, NULL, NULL, NULL, NULL, '2025-03-19 14:47:37', NULL, NULL),
(1625, 171, 'delivering', 16, NULL, NULL, NULL, NULL, '2025-03-19 14:47:37', NULL, NULL),
(1626, 172, 'assigned', 48, NULL, NULL, NULL, NULL, '2025-03-19 15:04:08', NULL, NULL),
(1627, 171, 'assigned', 48, NULL, NULL, NULL, NULL, '2025-03-19 15:04:08', NULL, NULL),
(1628, 172, 'failed', 16, 'No products were picked for this order', NULL, NULL, NULL, '2025-03-19 15:05:06', NULL, NULL),
(1629, 171, 'delivering', 16, NULL, NULL, NULL, NULL, '2025-03-19 15:05:06', NULL, NULL),
(1630, 171, 'delivered', 16, 'Force delivered: Location check bypassed. Rider Location: (33.6101783, 73.1305388)', 'images/delivery_1742398024_67dae248b5671.jpg', NULL, NULL, '2025-03-19 15:27:04', NULL, NULL),
(1631, 171, 'delivered', 16, NULL, NULL, NULL, NULL, '2025-03-19 15:27:09', NULL, NULL),
(1632, 97, 'pending', 48, NULL, NULL, NULL, NULL, '2025-03-19 15:37:39', NULL, NULL),
(1633, 96, 'pending', 48, NULL, NULL, NULL, NULL, '2025-03-19 15:38:33', NULL, NULL),
(1634, 97, 'delivering', 16, NULL, NULL, NULL, NULL, '2025-03-19 15:39:44', NULL, NULL),
(1635, 96, 'delivering', 16, NULL, NULL, NULL, NULL, '2025-03-19 15:39:44', NULL, NULL),
(1636, 97, 'delivered', 16, 'Force delivered: Location check bypassed. Rider Location: (33.6102176, 73.1305789)', 'images/delivery_1742398834_67dae5722864b.jpg', NULL, NULL, '2025-03-19 15:40:34', NULL, NULL),
(1637, 96, 'failed', 16, 'hkb', NULL, NULL, NULL, '2025-03-19 15:40:46', NULL, NULL),
(1638, 97, 'delivered', 16, NULL, NULL, NULL, NULL, '2025-03-19 15:40:53', NULL, NULL),
(1639, 173, 'pending', 48, NULL, NULL, NULL, NULL, '2025-03-19 16:49:29', NULL, NULL),
(1640, 173, 'delivering', 16, NULL, NULL, NULL, NULL, '2025-03-19 16:50:24', NULL, NULL),
(1641, 173, 'delivered', 16, 'Force delivered: Location check bypassed. Rider Location: (33.6102102, 73.1305720)', 'images/delivery_1742404186_67dafa5a06e9e.jpg', NULL, NULL, '2025-03-19 17:09:46', NULL, NULL),
(1642, 173, 'delivered', 16, NULL, NULL, NULL, NULL, '2025-03-19 17:09:51', NULL, NULL),
(1643, 174, 'pending', 25, NULL, NULL, NULL, NULL, '2025-04-26 18:38:27', NULL, NULL),
(1644, 174, 'delivering', 16, NULL, NULL, NULL, NULL, '2025-04-26 18:40:22', NULL, NULL),
(1645, 174, 'delivered', 16, 'Force delivered: Location check bypassed. Rider Location: (33.6479433, 73.1135883)', 'images/delivery_1745692903_680d28e7c1304.jpg', NULL, NULL, '2025-04-26 18:41:43', NULL, NULL),
(1646, 174, 'delivered', 16, NULL, NULL, NULL, NULL, '2025-04-26 18:47:10', NULL, NULL),
(1647, 175, 'pending', 25, NULL, NULL, NULL, NULL, '2025-04-26 18:53:13', NULL, NULL),
(1648, 175, 'delivering', 16, NULL, NULL, NULL, NULL, '2025-04-26 18:53:42', NULL, NULL),
(1649, 175, 'delivered', 16, 'Force delivered: Photo capture unavailable, Location check bypassed. Rider Location: (33.6480460, 73.1135112)', NULL, NULL, NULL, '2025-04-26 18:54:15', NULL, NULL),
(1650, 175, 'delivered', 16, NULL, NULL, NULL, NULL, '2025-04-26 19:03:18', NULL, NULL),
(1651, 176, 'pending', 25, NULL, NULL, NULL, NULL, '2025-04-26 19:04:29', NULL, NULL),
(1652, 176, 'delivering', 16, NULL, NULL, NULL, NULL, '2025-04-26 19:05:08', NULL, NULL),
(1653, 176, 'delivered', 16, 'Force delivered: Location check bypassed. Rider Location: (33.6479929, 73.1135434)', 'images/delivery_1745694368_680d2ea076166.jpg', NULL, NULL, '2025-04-26 19:06:08', NULL, NULL),
(1654, 176, 'delivered', 16, NULL, NULL, NULL, NULL, '2025-04-26 19:07:07', NULL, NULL),
(1655, 177, 'pending', 25, NULL, NULL, NULL, NULL, '2025-04-26 19:13:33', NULL, NULL),
(1656, 177, 'delivering', 16, NULL, NULL, NULL, NULL, '2025-04-26 19:14:30', NULL, NULL),
(1657, 177, 'delivered', 16, 'Force delivered: Photo capture unavailable, Location check bypassed. Rider Location: (33.6479686, 73.1135418)', NULL, NULL, NULL, '2025-04-26 19:14:53', NULL, NULL),
(1658, 178, 'pending', 25, NULL, NULL, NULL, NULL, '2025-04-26 19:28:30', NULL, NULL),
(1659, 177, 'delivered', 16, NULL, NULL, NULL, NULL, '2025-04-26 19:28:52', NULL, NULL);
INSERT INTO `OrderStatusLogs` (`id`, `order_id`, `status`, `changed_by`, `reason`, `photo_url`, `signature_path`, `delivered_to`, `changed_at`, `latitude`, `longitude`) VALUES
(1660, 178, 'delivering', 16, NULL, NULL, NULL, NULL, '2025-04-26 19:29:12', NULL, NULL),
(1661, 178, 'delivered', 16, 'Force delivered: Photo capture unavailable, Location check bypassed. Rider Location: (33.6480036, 73.1135765)', NULL, NULL, NULL, '2025-04-26 19:29:33', 33.64800360, 73.11357650),
(1662, 179, 'pending', 25, NULL, NULL, NULL, NULL, '2025-04-26 20:18:32', NULL, NULL),
(1663, 178, 'delivered', 16, NULL, NULL, NULL, NULL, '2025-04-26 20:29:23', NULL, NULL),
(1664, 179, 'delivering', 16, NULL, NULL, NULL, NULL, '2025-04-27 18:02:03', NULL, NULL),
(1665, 179, 'assigned', 25, NULL, NULL, NULL, NULL, '2025-04-27 18:06:56', NULL, NULL),
(1666, 179, 'pending', 25, NULL, NULL, NULL, NULL, '2025-04-27 18:07:23', NULL, NULL),
(1667, 179, 'pending', 25, NULL, NULL, NULL, NULL, '2025-04-27 18:11:36', NULL, NULL),
(1668, 179, 'assigned', 25, NULL, NULL, NULL, NULL, '2025-04-27 18:11:47', NULL, NULL),
(1669, 179, 'delivering', 16, NULL, NULL, NULL, NULL, '2025-04-27 18:12:20', NULL, NULL),
(1670, 180, 'pending', 25, NULL, NULL, NULL, NULL, '2025-04-27 18:21:00', NULL, NULL),
(1671, 180, 'delivering', 16, NULL, NULL, NULL, NULL, '2025-04-27 18:21:50', NULL, NULL),
(1672, 180, '', 16, 'Force delivered: Location check bypassed. Rider Location: (33.6479799, 73.1134469)', '0', 'images/signatures/sig_1745781675_680e83ab6dfed.png', NULL, '2025-04-27 19:21:15', 33.64797990, 73.11344690),
(1673, 179, '', 16, 'Force delivered: Location check bypassed. Rider Location: (33.6478967, 73.1135583)', '0', 'images/signatures/sig_1745782134_680e8576ba3c1.png', NULL, '2025-04-27 19:28:54', 33.64789670, 73.11355830),
(1674, 180, 'delivered', 16, NULL, NULL, NULL, NULL, '2025-04-27 20:14:42', NULL, NULL),
(1675, 179, 'delivered', 16, NULL, NULL, NULL, NULL, '2025-04-27 20:14:50', NULL, NULL),
(1676, 181, 'pending', 25, NULL, NULL, NULL, NULL, '2025-04-27 21:03:42', NULL, NULL),
(1677, 181, 'delivering', 16, NULL, NULL, NULL, NULL, '2025-04-27 21:04:16', NULL, NULL),
(1678, 181, '', 16, 'Force delivered: Location check bypassed. Rider Location: (33.6479028, 73.1136739)', '0', 'images/signatures/sig_1745787893_680e9bf5070f0.png', NULL, '2025-04-27 21:04:53', 33.64790280, 73.11367390),
(1679, 181, 'delivered', 16, NULL, NULL, NULL, NULL, '2025-04-27 21:59:21', NULL, NULL),
(1680, 182, 'pending', 25, NULL, NULL, NULL, NULL, '2025-04-27 22:00:25', NULL, NULL),
(1681, 182, 'delivering', 16, NULL, NULL, NULL, NULL, '2025-04-27 22:00:53', NULL, NULL),
(1682, 182, '', 16, 'Force delivered: Location check bypassed. Rider Location: (33.6475582, 73.1129032)', '0', 'images/signatures/sig_1745791290_680ea93a62e36.png', NULL, '2025-04-27 22:01:30', 33.64755820, 73.11290320),
(1683, 182, 'delivered', 16, NULL, NULL, NULL, NULL, '2025-04-27 22:07:14', NULL, NULL),
(1684, 183, 'pending', 25, NULL, NULL, NULL, NULL, '2025-04-27 22:08:09', NULL, NULL),
(1685, 183, 'delivering', 16, NULL, NULL, NULL, NULL, '2025-04-27 22:09:04', NULL, NULL),
(1686, 183, '', 16, 'Force delivered: Location check bypassed. Rider Location: (33.6482534, 73.1136972)', '0', 'images/signatures/sig_1745791792_680eab30e15b5.png', NULL, '2025-04-27 22:09:52', 33.64825340, 73.11369720),
(1687, 183, 'delivered', 16, NULL, NULL, NULL, NULL, '2025-04-27 22:27:48', NULL, NULL),
(1688, 184, 'pending', 25, NULL, NULL, NULL, NULL, '2025-04-27 22:28:36', NULL, NULL),
(1689, 184, 'delivering', 16, NULL, NULL, NULL, NULL, '2025-04-27 22:29:29', NULL, NULL),
(1690, 185, 'pending', 25, NULL, NULL, NULL, NULL, '2025-04-27 22:42:59', NULL, NULL),
(1691, 184, '', 16, 'Force delivered: Location check bypassed. Rider Location: (33.6102254, 73.1305626)', '0', 'images/signatures/sig_1745825142_680f2d768541d.png', NULL, '2025-04-28 07:25:42', 33.61022540, 73.13056260),
(1692, 184, 'delivered', 16, NULL, NULL, NULL, NULL, '2025-04-28 07:48:04', NULL, NULL),
(1693, 185, 'delivering', 16, NULL, NULL, NULL, NULL, '2025-04-28 07:48:20', NULL, NULL),
(1694, 185, '', 16, 'Force delivered: Location check bypassed. Rider Location: (33.6102301, 73.1305768)', '0', 'images/signatures/sig_1745826529_680f32e15eee0.png', NULL, '2025-04-28 07:48:49', 33.61023010, 73.13057680),
(1695, 185, 'delivered', 16, NULL, NULL, NULL, NULL, '2025-04-28 07:51:15', NULL, NULL),
(1696, 186, 'pending', 25, NULL, NULL, NULL, NULL, '2025-04-28 07:51:47', NULL, NULL),
(1697, 186, 'delivering', 16, NULL, NULL, NULL, NULL, '2025-04-28 07:52:15', NULL, NULL),
(1698, 186, '', 16, 'Force delivered: Location check bypassed. Rider Location: (33.6102201, 73.1305771)', '0', 'images/signatures/sig_1745827160_680f355840f4b.png', NULL, '2025-04-28 07:59:20', 33.61022010, 73.13057710),
(1699, 186, 'delivered', 16, NULL, NULL, NULL, NULL, '2025-04-28 08:00:57', NULL, NULL),
(1700, 187, 'pending', 25, NULL, NULL, NULL, NULL, '2025-04-28 08:02:08', NULL, NULL),
(1701, 188, 'pending', 25, NULL, NULL, NULL, NULL, '2025-04-28 08:02:37', NULL, NULL),
(1702, 188, 'delivering', 16, NULL, NULL, NULL, NULL, '2025-04-28 08:07:21', NULL, NULL),
(1703, 188, '', 16, 'Force delivered: Location check bypassed. Rider Location: (33.6102185, 73.1305752)', '0', 'images/signatures/sig_1745827668_680f3754497a3.png', NULL, '2025-04-28 08:07:48', 33.61021850, 73.13057520),
(1704, 188, 'delivered', 16, NULL, NULL, NULL, NULL, '2025-04-28 08:18:46', NULL, NULL),
(1705, 187, 'delivering', 16, NULL, NULL, NULL, NULL, '2025-04-28 08:19:15', NULL, NULL),
(1706, 187, '', 16, 'Force delivered: Location check bypassed. Rider Location: (33.6102280, 73.1305726)', NULL, NULL, NULL, '2025-04-28 08:43:45', 33.61022800, 73.13057260),
(1707, 187, 'delivered', 16, NULL, NULL, NULL, NULL, '2025-04-28 08:43:52', NULL, NULL),
(1708, 189, 'pending', 25, NULL, NULL, NULL, NULL, '2025-04-28 08:46:31', NULL, NULL),
(1709, 189, 'delivering', 16, NULL, NULL, NULL, NULL, '2025-04-28 08:47:18', NULL, NULL),
(1710, 189, '', 16, 'Force delivered: Location check bypassed. Rider Location: (33.6102225, 73.1305757)', NULL, NULL, NULL, '2025-04-28 08:47:58', 33.61022250, 73.13057570),
(1711, 190, 'pending', 25, NULL, NULL, NULL, NULL, '2025-04-28 09:00:03', NULL, NULL),
(1712, 191, 'pending', 25, NULL, NULL, NULL, NULL, '2025-04-28 09:00:08', NULL, NULL),
(1713, 192, 'pending', 25, NULL, NULL, NULL, NULL, '2025-04-28 09:00:12', NULL, NULL),
(1714, 193, 'pending', 25, NULL, NULL, NULL, NULL, '2025-04-28 09:00:13', NULL, NULL),
(1715, 194, 'pending', 25, NULL, NULL, NULL, NULL, '2025-04-28 09:00:14', NULL, NULL),
(1716, 189, 'delivered', 16, NULL, NULL, NULL, NULL, '2025-04-28 09:00:29', NULL, NULL),
(1717, 194, 'delivering', 16, NULL, NULL, NULL, NULL, '2025-04-28 09:01:00', NULL, NULL),
(1718, 194, '', 16, 'Force delivered: Location check bypassed. Rider Location: (33.6102268, 73.1305640)', NULL, NULL, NULL, '2025-04-28 09:01:41', 33.61022680, 73.13056400),
(1719, 194, 'delivered', 16, NULL, NULL, NULL, NULL, '2025-04-28 09:02:04', NULL, NULL),
(1720, 193, 'delivering', 16, NULL, NULL, NULL, NULL, '2025-04-28 09:02:49', NULL, NULL),
(1721, 193, '', 16, 'Force delivered: Location check bypassed. Rider Location: (33.6102327, 73.1305827)', NULL, NULL, NULL, '2025-04-28 09:03:26', 33.61023270, 73.13058270),
(1722, 193, 'delivered', 16, NULL, NULL, NULL, NULL, '2025-04-28 09:04:09', NULL, NULL),
(1723, 192, 'delivering', 16, NULL, NULL, NULL, NULL, '2025-04-28 09:04:58', NULL, NULL),
(1724, 192, '', 16, 'Force delivered: Location check bypassed. Rider Location: (33.6102226, 73.1305702)', NULL, NULL, NULL, '2025-04-28 09:05:51', 33.61022260, 73.13057020),
(1725, 192, 'delivered', 16, NULL, NULL, NULL, NULL, '2025-04-28 09:05:58', NULL, NULL),
(1726, 191, 'delivering', 16, NULL, NULL, NULL, NULL, '2025-04-28 09:21:15', NULL, NULL),
(1727, 191, '', 16, 'Force delivered: Location check bypassed. Rider Location: (33.6102321, 73.1305876)', NULL, NULL, NULL, '2025-04-28 09:21:56', 33.61023210, 73.13058760),
(1728, 191, 'delivered', 16, NULL, NULL, NULL, NULL, '2025-04-28 09:38:36', NULL, NULL),
(1729, 190, 'delivering', 16, NULL, NULL, NULL, NULL, '2025-04-28 09:46:35', NULL, NULL),
(1730, 190, '', 16, 'Force delivered: Location check bypassed. Rider Location: (33.6102274, 73.1305698)', NULL, NULL, NULL, '2025-04-28 09:47:54', 33.61022740, 73.13056980),
(1731, 190, 'delivered', 16, NULL, NULL, NULL, NULL, '2025-04-28 09:49:03', NULL, NULL),
(1732, 195, 'pending', 25, NULL, NULL, NULL, NULL, '2025-04-28 10:44:48', NULL, NULL),
(1733, 196, 'pending', 25, NULL, NULL, NULL, NULL, '2025-04-28 10:58:19', NULL, NULL),
(1734, 197, 'pending', 25, NULL, NULL, NULL, NULL, '2025-04-28 11:23:48', NULL, NULL),
(1735, 198, 'pending', 25, NULL, NULL, NULL, NULL, '2025-04-28 11:26:12', NULL, NULL),
(1736, 197, 'pending', 25, NULL, NULL, NULL, NULL, '2025-04-28 13:37:27', NULL, NULL),
(1737, 197, 'pending', 25, 'Manifest deleted', NULL, NULL, NULL, '2025-04-28 13:38:04', NULL, NULL),
(1738, 198, 'delivering', 16, NULL, NULL, NULL, NULL, '2025-04-28 13:46:37', NULL, NULL),
(1741, 198, '', 16, 'Force delivered: Location check bypassed. Rider Location: (33.6102203, 73.1305708)', NULL, NULL, NULL, '2025-04-28 13:54:01', 33.61022030, 73.13057080),
(1742, 199, 'pending', 25, NULL, NULL, NULL, NULL, '2025-04-28 13:56:55', NULL, NULL),
(1743, 198, 'delivered', 16, NULL, NULL, NULL, NULL, '2025-04-28 14:01:52', NULL, NULL),
(1744, 199, 'delivering', 16, NULL, NULL, NULL, NULL, '2025-04-28 14:03:26', NULL, NULL),
(1745, 199, '', 16, 'Force delivered: Location check bypassed. Rider Location: (33.6102216, 73.1305734)', NULL, NULL, NULL, '2025-04-28 14:05:13', 33.61022160, 73.13057340),
(1746, 199, 'delivered', 16, NULL, NULL, NULL, NULL, '2025-04-28 14:33:25', NULL, NULL),
(1747, 200, 'pending', 48, NULL, NULL, NULL, NULL, '2025-04-29 14:46:45', NULL, NULL),
(1748, 201, 'pending', 48, NULL, NULL, NULL, NULL, '2025-04-29 14:46:46', NULL, NULL),
(1749, 202, 'pending', 48, NULL, NULL, NULL, NULL, '2025-04-29 14:46:46', NULL, NULL),
(1750, 203, 'pending', 48, NULL, NULL, NULL, NULL, '2025-04-29 14:50:04', NULL, NULL),
(1751, 203, 'delivering', 16, NULL, NULL, NULL, NULL, '2025-04-30 10:04:25', NULL, NULL),
(1752, 203, '', 16, 'Force delivered: Location check bypassed. Rider Location: (33.6102118, 73.1305634)', NULL, NULL, NULL, '2025-04-30 10:05:10', 33.61021180, 73.13056340),
(1753, 203, 'delivered', 16, NULL, NULL, NULL, NULL, '2025-04-30 10:07:57', NULL, NULL),
(1754, 200, 'failed', 16, 'No products were picked for this order', NULL, NULL, NULL, '2025-04-30 10:20:11', NULL, NULL),
(1755, 200, 'failed', 16, 'No products were picked for this order', NULL, NULL, NULL, '2025-04-30 10:20:11', NULL, NULL),
(1756, 201, 'delivering', 16, NULL, NULL, NULL, NULL, '2025-04-30 10:20:12', NULL, NULL),
(1757, 202, 'delivering', 16, NULL, NULL, NULL, NULL, '2025-04-30 10:20:12', NULL, NULL),
(1758, 202, '', 16, 'Force delivered: Location check bypassed. Rider Location: (33.6102118, 73.1305639)', NULL, NULL, NULL, '2025-04-30 10:22:13', 33.61021180, 73.13056390),
(1759, 201, '', 16, 'Force delivered: Location check bypassed. Rider Location: (33.6102019, 73.1305596)', NULL, NULL, NULL, '2025-04-30 10:23:57', 33.61020190, 73.13055960),
(1760, 201, 'delivered', 16, NULL, NULL, NULL, NULL, '2025-04-30 10:24:08', NULL, NULL),
(1761, 202, 'delivered', 16, NULL, NULL, NULL, NULL, '2025-04-30 10:24:08', NULL, NULL),
(1762, 197, 'delivering', 16, NULL, NULL, NULL, NULL, '2025-04-30 10:33:46', NULL, NULL),
(1763, 196, 'delivering', 16, NULL, NULL, NULL, NULL, '2025-04-30 10:33:46', NULL, NULL),
(1764, 197, '', 16, 'Force delivered: Location check bypassed. Rider Location: (33.6102228, 73.1305772)', NULL, NULL, NULL, '2025-04-30 10:38:13', 33.61022280, 73.13057720),
(1765, 196, '', 16, 'Force delivered: Location check bypassed. Rider Location: (33.6102108, 73.1305727)', NULL, NULL, NULL, '2025-04-30 10:38:49', 33.61021080, 73.13057270),
(1766, 197, 'delivered', 16, NULL, NULL, NULL, NULL, '2025-04-30 10:38:57', NULL, NULL),
(1767, 196, 'delivered', 16, NULL, NULL, NULL, NULL, '2025-04-30 10:38:57', NULL, NULL),
(1768, 195, 'delivering', 16, NULL, NULL, NULL, NULL, '2025-04-30 11:06:32', NULL, NULL),
(1769, 195, '', 16, 'dhop barish bht hy', NULL, NULL, NULL, '2025-04-30 11:48:26', 33.61021340, 73.13057390),
(1770, 204, 'pending', 48, NULL, NULL, NULL, NULL, '2025-05-01 07:47:52', NULL, NULL),
(1771, 205, 'pending', 48, NULL, NULL, NULL, NULL, '2025-05-01 07:47:52', NULL, NULL),
(1772, 206, 'pending', 48, NULL, NULL, NULL, NULL, '2025-05-01 07:47:52', NULL, NULL),
(1773, 204, 'delivering', 16, NULL, NULL, NULL, NULL, '2025-05-01 09:07:29', NULL, NULL),
(1774, 204, '', 16, 'Force delivered: Location check bypassed. Rider Location: (33.6102163, 73.1305757)', NULL, NULL, NULL, '2025-05-01 09:16:45', 33.61021630, 73.13057570),
(1775, 204, 'delivered', 16, NULL, NULL, NULL, NULL, '2025-05-01 09:25:41', NULL, NULL),
(1776, 206, 'failed', 16, 'No products were picked for this order', NULL, NULL, NULL, '2025-05-01 09:28:17', NULL, NULL),
(1777, 205, 'delivering', 16, NULL, NULL, NULL, NULL, '2025-05-01 09:28:18', NULL, NULL),
(1778, 205, 'delivered', 48, NULL, NULL, NULL, NULL, '2025-05-01 09:32:23', NULL, NULL),
(1779, 207, 'pending', 48, NULL, NULL, NULL, NULL, '2025-05-01 09:33:25', NULL, NULL),
(1780, 208, 'pending', 48, NULL, NULL, NULL, NULL, '2025-05-01 09:33:26', NULL, NULL),
(1781, 209, 'pending', 48, NULL, NULL, NULL, NULL, '2025-05-01 09:33:26', NULL, NULL),
(1782, 209, 'failed', 16, 'No products were picked for this order', NULL, NULL, NULL, '2025-05-01 09:35:05', NULL, NULL),
(1783, 208, 'delivering', 16, NULL, NULL, NULL, NULL, '2025-05-01 09:35:07', NULL, NULL),
(1784, 208, '', 16, 'Force delivered: Location check bypassed. Rider Location: (33.6102114, 73.1305698)', NULL, NULL, NULL, '2025-05-01 09:39:58', 33.61021140, 73.13056980),
(1785, 208, 'delivered', 48, NULL, NULL, NULL, NULL, '2025-05-01 09:55:33', NULL, NULL),
(1786, 210, 'pending', 48, NULL, NULL, NULL, NULL, '2025-05-01 09:56:19', NULL, NULL),
(1787, 211, 'pending', 48, NULL, NULL, NULL, NULL, '2025-05-01 09:56:19', NULL, NULL),
(1788, 212, 'pending', 48, NULL, NULL, NULL, NULL, '2025-05-01 09:56:20', NULL, NULL),
(1789, 212, 'failed', 16, 'No products were picked for this order', NULL, NULL, NULL, '2025-05-01 10:00:29', NULL, NULL),
(1790, 210, 'delivering', 16, NULL, NULL, NULL, NULL, '2025-05-01 10:00:30', NULL, NULL),
(1791, 210, 'delivered', 48, NULL, NULL, NULL, NULL, '2025-05-01 11:41:40', NULL, NULL),
(1792, 213, 'pending', 48, NULL, NULL, NULL, NULL, '2025-05-01 11:42:51', NULL, NULL),
(1793, 214, 'pending', 48, NULL, NULL, NULL, NULL, '2025-05-01 11:42:51', NULL, NULL),
(1794, 215, 'pending', 48, NULL, NULL, NULL, NULL, '2025-05-01 11:42:51', NULL, NULL),
(1795, 213, 'delivering', 16, NULL, NULL, NULL, NULL, '2025-05-01 11:49:26', NULL, NULL),
(1796, 214, 'delivering', 16, NULL, NULL, NULL, NULL, '2025-05-01 11:49:26', NULL, NULL),
(1797, 215, 'delivering', 16, NULL, NULL, NULL, NULL, '2025-05-01 11:49:26', NULL, NULL),
(1798, 215, '', 16, 'Force delivered: Location check bypassed. Rider Location: (33.6102182, 73.1305869)', NULL, NULL, NULL, '2025-05-01 11:59:18', 33.61021820, 73.13058690),
(1799, 214, '', 16, 'Force delivered: Location check bypassed. Rider Location: (33.6102189, 73.1305793)', NULL, NULL, NULL, '2025-05-01 11:59:54', 33.61021890, 73.13057930),
(1800, 213, '', 16, 'Force delivered: Location check bypassed. Rider Location: (33.6102304, 73.1306079)', NULL, NULL, NULL, '2025-05-01 12:00:37', 33.61023040, 73.13060790),
(1801, 213, 'delivered', 16, NULL, NULL, NULL, NULL, '2025-05-01 12:00:54', NULL, NULL),
(1802, 214, 'delivered', 16, NULL, NULL, NULL, NULL, '2025-05-01 12:00:54', NULL, NULL),
(1803, 215, 'delivered', 16, NULL, NULL, NULL, NULL, '2025-05-01 12:00:54', NULL, NULL),
(1804, 216, 'pending', 48, NULL, NULL, NULL, NULL, '2025-05-02 01:08:02', NULL, NULL),
(1805, 217, 'pending', 48, NULL, NULL, NULL, NULL, '2025-05-02 01:08:02', NULL, NULL),
(1806, 218, 'pending', 48, NULL, NULL, NULL, NULL, '2025-05-02 01:08:02', NULL, NULL),
(1807, 216, 'delivering', 16, NULL, NULL, NULL, NULL, '2025-05-02 01:38:42', NULL, NULL),
(1808, 216, 'delivered', 48, NULL, NULL, NULL, NULL, '2025-05-02 07:04:29', NULL, NULL),
(1809, 217, 'delivering', 16, NULL, NULL, NULL, NULL, '2025-05-02 07:07:26', NULL, NULL),
(1812, 217, 'delivered', 16, 'Force delivered: Location check bypassed. Rider Location: (33.6102037, 73.1305615)', NULL, NULL, NULL, '2025-05-02 07:36:40', 33.61020370, 73.13056150),
(1813, 207, 'delivered', 16, 'Force delivered: Location check bypassed. Rider Location: (33.6101997, 73.1305662)', NULL, NULL, NULL, '2025-05-02 07:57:01', 33.61019970, 73.13056620),
(1814, 207, 'delivered', 16, 'Force delivered: Location check bypassed. Rider Location: (33.6102033, 73.1305671)', NULL, NULL, NULL, '2025-05-02 07:57:27', 33.61020330, 73.13056710),
(1815, 207, 'delivered', 16, 'Force delivered: Location check bypassed. Rider Location: (33.6102159, 73.1305833)', NULL, NULL, NULL, '2025-05-02 07:57:47', 33.61021590, 73.13058330),
(1816, 207, 'delivered', 16, 'Force delivered: Location check bypassed. Rider Location: (33.6102100, 73.1305721)', NULL, NULL, NULL, '2025-05-02 08:11:03', 33.61021000, 73.13057210),
(1817, 218, 'failed', 16, 'no itm', NULL, NULL, NULL, '2025-05-02 08:11:28', 33.61021470, 73.13057170),
(1818, 211, 'delivered', 16, 'Force delivered: Location check bypassed. Rider Location: (33.6102005, 73.1305673)', NULL, NULL, NULL, '2025-05-02 08:13:09', 33.61020050, 73.13056730),
(1819, 217, 'delivered', 16, NULL, NULL, NULL, NULL, '2025-05-02 08:13:16', NULL, NULL),
(1820, 211, 'delivered', 16, NULL, NULL, NULL, NULL, '2025-05-02 08:13:16', NULL, NULL),
(1821, 207, 'delivered', 16, NULL, NULL, NULL, NULL, '2025-05-02 08:13:16', NULL, NULL),
(1822, 219, 'pending', 48, NULL, NULL, NULL, NULL, '2025-05-02 08:14:03', NULL, NULL),
(1823, 220, 'pending', 48, NULL, NULL, NULL, NULL, '2025-05-02 08:14:03', NULL, NULL),
(1824, 221, 'pending', 48, NULL, NULL, NULL, NULL, '2025-05-02 08:14:03', NULL, NULL),
(1825, 219, 'delivering', 16, NULL, NULL, NULL, NULL, '2025-05-02 08:16:30', NULL, NULL),
(1826, 219, 'delivered', 16, 'Force delivered: Location check bypassed. Rider Location: (33.6102068, 73.1305682)', NULL, NULL, NULL, '2025-05-02 08:23:50', 33.61020680, 73.13056820),
(1827, 219, 'delivered', 16, NULL, NULL, NULL, NULL, '2025-05-02 08:23:56', NULL, NULL),
(1828, 220, 'delivering', 16, NULL, NULL, NULL, NULL, '2025-05-02 08:32:32', NULL, NULL),
(1829, 220, 'delivered', 16, 'Force delivered: Location check bypassed. Rider Location: (33.6102110, 73.1305683)', NULL, NULL, NULL, '2025-05-02 08:33:22', 33.61021100, 73.13056830),
(1830, 220, 'delivered', 16, NULL, NULL, NULL, NULL, '2025-05-02 08:33:38', NULL, NULL),
(1831, 221, 'delivering', 16, NULL, NULL, NULL, NULL, '2025-05-02 09:18:50', NULL, NULL),
(1832, 221, 'delivered', 16, 'Force delivered: Location check bypassed. Rider Location: (33.6102115, 73.1305738)', NULL, NULL, NULL, '2025-05-02 09:19:35', 33.61021150, 73.13057380),
(1833, 221, 'delivered', 16, NULL, NULL, NULL, NULL, '2025-05-02 09:20:05', NULL, NULL),
(1834, 222, 'pending', 48, NULL, NULL, NULL, NULL, '2025-05-02 09:23:05', NULL, NULL),
(1835, 223, 'pending', 48, NULL, NULL, NULL, NULL, '2025-05-02 09:23:05', NULL, NULL),
(1836, 224, 'pending', 48, NULL, NULL, NULL, NULL, '2025-05-02 09:23:05', NULL, NULL),
(1837, 222, 'delivering', 16, NULL, NULL, NULL, NULL, '2025-05-02 09:24:02', NULL, NULL),
(1838, 222, 'delivered', 16, 'Force delivered: Location check bypassed. Rider Location: (33.6102151, 73.1305835)', NULL, NULL, NULL, '2025-05-02 09:26:47', 33.61021510, 73.13058350),
(1839, 222, 'delivered', 16, NULL, NULL, NULL, NULL, '2025-05-02 09:26:53', NULL, NULL),
(1840, 223, 'delivering', 16, NULL, NULL, NULL, NULL, '2025-05-02 09:28:32', NULL, NULL),
(1841, 223, 'delivered', 16, 'Force delivered: Location check bypassed. Rider Location: (33.6102106, 73.1305780)', NULL, NULL, NULL, '2025-05-02 09:29:58', 33.61021060, 73.13057800),
(1842, 223, 'delivered', 16, NULL, NULL, NULL, NULL, '2025-05-02 09:37:35', NULL, NULL),
(1843, 224, 'delivering', 16, NULL, NULL, NULL, NULL, '2025-05-02 09:38:54', NULL, NULL),
(1844, 224, 'delivered', 16, 'Force delivered: Location check bypassed. Rider Location: (33.6102123, 73.1305614)', NULL, NULL, NULL, '2025-05-02 09:40:32', 33.61021230, 73.13056140),
(1845, 224, 'delivered', 16, NULL, NULL, NULL, NULL, '2025-05-02 09:45:31', NULL, NULL),
(1846, 225, 'pending', 48, NULL, NULL, NULL, NULL, '2025-05-02 09:54:38', NULL, NULL),
(1847, 226, 'pending', 48, NULL, NULL, NULL, NULL, '2025-05-02 09:54:38', NULL, NULL),
(1848, 227, 'pending', 48, NULL, NULL, NULL, NULL, '2025-05-02 09:54:38', NULL, NULL),
(1849, 225, 'delivering', 16, NULL, NULL, NULL, NULL, '2025-05-02 09:55:41', NULL, NULL),
(1850, 225, 'delivered', 16, 'Force delivered: Location check bypassed. Rider Location: (33.6102176, 73.1305791)', NULL, NULL, NULL, '2025-05-02 09:57:04', 33.61021760, 73.13057910),
(1851, 225, 'delivered', 16, NULL, NULL, NULL, NULL, '2025-05-02 09:59:07', NULL, NULL),
(1852, 227, 'pending', 48, NULL, NULL, NULL, NULL, '2025-05-02 10:04:37', NULL, NULL),
(1853, 226, 'delivering', 16, NULL, NULL, NULL, NULL, '2025-05-02 10:05:14', NULL, NULL),
(1854, 226, 'delivered', 16, 'Force delivered: Location check bypassed. Rider Location: (33.6102120, 73.1305740)', NULL, NULL, NULL, '2025-05-02 10:06:00', 33.61021200, 73.13057400),
(1855, 226, 'delivered', 16, NULL, NULL, NULL, NULL, '2025-05-02 10:11:15', NULL, NULL),
(1856, 227, 'delivering', 16, NULL, NULL, NULL, NULL, '2025-05-02 10:11:59', NULL, NULL),
(1857, 227, 'delivered', 16, 'Force delivered: Location check bypassed. Rider Location: (33.6102100, 73.1305701)', NULL, NULL, NULL, '2025-05-02 10:12:35', 33.61021000, 73.13057010),
(1858, 227, 'delivered', 16, NULL, NULL, NULL, NULL, '2025-05-02 10:16:33', NULL, NULL),
(1859, 228, 'pending', 48, NULL, NULL, NULL, NULL, '2025-05-02 10:17:33', NULL, NULL),
(1860, 229, 'pending', 48, NULL, NULL, NULL, NULL, '2025-05-02 10:17:33', NULL, NULL),
(1861, 230, 'pending', 48, NULL, NULL, NULL, NULL, '2025-05-02 10:17:33', NULL, NULL),
(1862, 228, 'delivering', 16, NULL, NULL, NULL, NULL, '2025-05-02 10:18:41', NULL, NULL),
(1863, 228, 'delivered', 16, 'Force delivered: Location check bypassed. Rider Location: (33.6102105, 73.1305701)', NULL, NULL, NULL, '2025-05-02 10:19:16', 33.61021050, 73.13057010),
(1864, 228, 'delivered', 16, NULL, NULL, NULL, NULL, '2025-05-02 10:24:02', NULL, NULL),
(1865, 229, 'delivering', 16, NULL, NULL, NULL, NULL, '2025-05-02 10:33:40', NULL, NULL),
(1866, 229, 'delivered', 16, 'Force delivered: Location check bypassed. Rider Location: (33.6102135, 73.1305640)', NULL, NULL, NULL, '2025-05-02 10:34:35', 33.61021350, 73.13056400),
(1867, 229, 'delivered', 16, NULL, NULL, NULL, NULL, '2025-05-02 10:41:01', NULL, NULL),
(1868, 230, 'delivering', 16, NULL, NULL, NULL, NULL, '2025-05-02 10:42:46', NULL, NULL),
(1869, 230, 'delivered', 16, 'Force delivered: Location check bypassed. Rider Location: (33.6102194, 73.1305766)', NULL, NULL, NULL, '2025-05-02 10:43:24', 33.61021940, 73.13057660),
(1870, 230, 'delivered', 16, NULL, NULL, NULL, NULL, '2025-05-02 10:47:00', NULL, NULL),
(1871, 231, 'pending', 48, NULL, NULL, NULL, NULL, '2025-05-02 10:47:41', NULL, NULL),
(1872, 232, 'pending', 48, NULL, NULL, NULL, NULL, '2025-05-02 10:47:41', NULL, NULL),
(1873, 233, 'pending', 48, NULL, NULL, NULL, NULL, '2025-05-02 10:47:41', NULL, NULL),
(1874, 231, 'delivering', 16, NULL, NULL, NULL, NULL, '2025-05-02 10:48:28', NULL, NULL),
(1875, 231, 'delivered', 16, 'Force delivered: Location check bypassed. Rider Location: (33.6102052, 73.1305582)', NULL, NULL, NULL, '2025-05-02 10:49:02', 33.61020520, 73.13055820),
(1876, 231, 'delivered', 16, NULL, NULL, NULL, NULL, '2025-05-02 10:51:10', NULL, NULL),
(1877, 232, 'delivering', 16, NULL, NULL, NULL, NULL, '2025-05-02 10:54:35', NULL, NULL),
(1878, 232, 'delivered', 48, NULL, NULL, NULL, NULL, '2025-05-02 10:55:29', NULL, NULL),
(1879, 233, 'delivering', 16, NULL, NULL, NULL, NULL, '2025-05-02 10:59:59', NULL, NULL),
(1880, 233, 'failed', 16, 'hj', NULL, NULL, NULL, '2025-05-02 11:42:19', 33.61020910, 73.13057630),
(1881, 234, 'pending', 48, NULL, NULL, NULL, NULL, '2025-05-02 12:14:02', NULL, NULL),
(1882, 235, 'pending', 48, NULL, NULL, NULL, NULL, '2025-05-02 12:14:03', NULL, NULL),
(1883, 236, 'pending', 48, NULL, NULL, NULL, NULL, '2025-05-02 12:14:03', NULL, NULL),
(1884, 235, 'delivering', 16, NULL, NULL, NULL, NULL, '2025-05-02 12:17:11', NULL, NULL),
(1885, 236, 'delivering', 16, NULL, NULL, NULL, NULL, '2025-05-02 12:17:11', NULL, NULL),
(1886, 236, 'failed', 16, '67', NULL, NULL, NULL, '2025-05-02 12:18:02', 33.61020700, 73.13057200),
(1887, 235, 'delivered', 16, 'Force delivered: Location check bypassed. Rider Location: (33.6102044, 73.1305670)', NULL, NULL, NULL, '2025-05-02 12:18:45', 33.61020440, 73.13056700),
(1888, 235, 'delivered', 16, NULL, NULL, NULL, NULL, '2025-05-02 12:19:17', NULL, NULL),
(1889, 237, 'pending', 25, NULL, NULL, NULL, NULL, '2025-05-05 09:24:51', NULL, NULL),
(1890, 237, 'delivering', 16, NULL, NULL, NULL, NULL, '2025-05-05 09:29:38', NULL, NULL),
(1891, 237, 'delivered', 16, 'Force delivered: Location check bypassed. Rider Location: (33.6138135, 73.1328119)', NULL, NULL, NULL, '2025-05-05 09:31:45', 33.61381350, 73.13281190),
(1892, 237, 'delivered', 16, NULL, NULL, NULL, NULL, '2025-05-05 09:32:09', NULL, NULL),
(1893, 238, 'pending', 25, NULL, NULL, NULL, NULL, '2025-05-05 09:36:52', NULL, NULL),
(1894, 238, 'delivering', 16, NULL, NULL, NULL, NULL, '2025-05-05 10:04:39', NULL, NULL),
(1895, 238, 'delivered', 16, 'Force delivered: Location check bypassed. Rider Location: (33.6138350, 73.1328502)', NULL, NULL, NULL, '2025-05-05 10:06:38', 33.61383500, 73.13285020),
(1896, 238, 'delivered', 16, NULL, NULL, NULL, NULL, '2025-05-05 10:07:17', NULL, NULL),
(1897, 239, 'pending', 25, NULL, NULL, NULL, NULL, '2025-06-01 13:07:49', NULL, NULL),
(1898, 240, 'pending', 25, NULL, NULL, NULL, NULL, '2025-06-01 13:11:31', NULL, NULL),
(1899, 240, 'delivering', 30, NULL, NULL, NULL, NULL, '2025-06-01 13:19:30', NULL, NULL),
(1900, 239, 'delivering', 30, NULL, NULL, NULL, NULL, '2025-06-01 13:19:30', NULL, NULL),
(1901, 240, 'delivered', 30, 'Force delivered: Location check bypassed. Rider Location: (51.5254928, -0.2802725)', NULL, NULL, NULL, '2025-06-01 13:26:33', 51.52549280, -0.28027250),
(1902, 239, 'delivered', 30, 'Force delivered: Location check bypassed, Signature capture unavailable. Rider Location: (51.5254774, -0.2803199)', NULL, NULL, NULL, '2025-06-01 13:31:33', 51.52547740, -0.28031990),
(1903, 240, 'delivered', 30, NULL, NULL, NULL, NULL, '2025-06-01 13:36:47', NULL, NULL),
(1904, 239, 'delivered', 30, NULL, NULL, NULL, NULL, '2025-06-01 13:36:47', NULL, NULL),
(1905, 241, 'pending', 25, NULL, NULL, NULL, NULL, '2025-06-01 13:52:04', NULL, NULL),
(1906, 242, 'pending', 25, NULL, NULL, NULL, NULL, '2025-06-01 13:53:45', NULL, NULL),
(1907, 242, 'delivering', 30, NULL, NULL, NULL, NULL, '2025-06-01 13:55:34', NULL, NULL),
(1908, 241, 'delivering', 30, NULL, NULL, NULL, NULL, '2025-06-01 13:55:34', NULL, NULL),
(1909, 241, 'delivered', 30, 'Force delivered: Location check bypassed. Rider Location: (51.5255025, -0.2802709)', NULL, NULL, NULL, '2025-06-01 13:56:48', 51.52550250, -0.28027090),
(1910, 243, 'pending', 25, NULL, NULL, NULL, NULL, '2025-06-01 14:01:13', NULL, NULL),
(1911, 241, 'pending', 25, NULL, NULL, NULL, NULL, '2025-06-01 14:03:04', NULL, NULL),
(1912, 244, 'pending', 25, NULL, NULL, NULL, NULL, '2025-06-01 14:04:11', NULL, NULL),
(1913, 243, 'delivered', 30, 'Force delivered: Location check bypassed. Rider Location: (51.5254909, -0.2802698)', NULL, NULL, NULL, '2025-06-01 14:07:23', 51.52549090, -0.28026980),
(1914, 242, 'delivered', 30, 'Force delivered: Location check bypassed. Rider Location: (51.5254575, -0.2802535)', NULL, NULL, NULL, '2025-06-01 14:09:26', 51.52545750, -0.28025350),
(1915, 242, 'delivered', 30, NULL, NULL, NULL, NULL, '2025-06-01 14:09:33', NULL, NULL),
(1916, 243, 'delivered', 30, NULL, NULL, NULL, NULL, '2025-06-01 14:09:33', NULL, NULL),
(1917, 244, 'delivered', 30, NULL, NULL, NULL, NULL, '2025-06-01 14:09:33', NULL, NULL),
(1918, 245, 'pending', 25, NULL, NULL, NULL, NULL, '2025-06-01 14:10:43', NULL, NULL),
(1919, 245, 'delivering', 30, NULL, NULL, NULL, NULL, '2025-06-01 14:12:45', NULL, NULL),
(1920, 246, 'pending', 25, NULL, NULL, NULL, NULL, '2025-06-01 14:28:27', NULL, NULL),
(1921, 247, 'pending', 25, NULL, NULL, NULL, NULL, '2025-06-12 15:39:15', NULL, NULL),
(1922, 247, 'delivering', 30, NULL, NULL, NULL, NULL, '2025-06-12 15:45:36', NULL, NULL),
(1923, 247, 'delivered', 30, 'Force delivered: Location check bypassed. Rider Location: (31.4143733, 74.2597600)', NULL, NULL, NULL, '2025-06-12 15:51:18', 31.41437330, 74.25976000);

-- --------------------------------------------------------

--
-- Table structure for table `Organizations`
--

CREATE TABLE `Organizations` (
  `id` int(11) NOT NULL,
  `name` varchar(255) NOT NULL,
  `company_id` int(11) NOT NULL,
  `address` text DEFAULT NULL,
  `phone` varchar(20) DEFAULT NULL,
  `email` varchar(255) DEFAULT NULL,
  `logo_url` varchar(255) DEFAULT NULL,
  `is_active` tinyint(1) NOT NULL DEFAULT 1,
  `created_at` timestamp NOT NULL DEFAULT current_timestamp(),
  `updated_at` timestamp NOT NULL DEFAULT current_timestamp() ON UPDATE current_timestamp()
) ENGINE=InnoDB DEFAULT CHARSET=utf8mb4 COLLATE=utf8mb4_general_ci;

--
-- Dumping data for table `Organizations`
--

INSERT INTO `Organizations` (`id`, `name`, `company_id`, `address`, `phone`, `email`, `logo_url`, `is_active`, `created_at`, `updated_at`) VALUES
(1, 'Age', 2, 'Alqaim Town, Pindorian, Khanna Kak', '7911123456', 'mnaveedpaki@gmail.com', '0', 1, '2025-04-26 20:07:32', '2025-04-26 20:07:32');

-- --------------------------------------------------------

--
-- Table structure for table `PasswordResetTokens`
--

CREATE TABLE `PasswordResetTokens` (
  `id` int(11) NOT NULL,
  `user_id` int(11) NOT NULL,
  `token` varchar(255) NOT NULL,
  `expires_at` timestamp NOT NULL,
  `is_used` tinyint(1) DEFAULT 0,
  `created_at` timestamp NULL DEFAULT current_timestamp()
) ENGINE=InnoDB DEFAULT CHARSET=utf8mb4 COLLATE=utf8mb4_unicode_ci;

--
-- Dumping data for table `PasswordResetTokens`
--

INSERT INTO `PasswordResetTokens` (`id`, `user_id`, `token`, `expires_at`, `is_used`, `created_at`) VALUES
(1, 36, '$2y$10$9pXO96CeAEjCIEqHvYXOXuLvu7VLRaaj51vapOieDBYGoVIgZEQn2', '2025-01-23 23:38:45', 1, '2025-01-23 23:23:45'),
(2, 1, '$2y$10$uVHCpXEC3TdQlxzxm/fz0uiFqhRsaFAIzf4XNk8ezPzHQZqGRT4fm', '2025-01-23 23:53:59', 1, '2025-01-23 23:38:59'),
(3, 1, '$2y$10$xxLKJeHhcBhORMbdzKs.AuQd8Z9gAAlA32Fs8KaxDigTVByNcn/QW', '2025-01-24 00:04:10', 1, '2025-01-23 23:49:10'),
(4, 15, '$2y$10$/r6LvF47lRnNxGe8t.D1QO0EqN7IwR1z68A/HrtlAEi.WyIUyo7Gq', '2025-01-24 09:53:09', 1, '2025-01-24 09:38:09'),
(5, 1, '$2y$10$YvdYpJ0knwVNDtWZAPE0M.mFEVr/AkDMhDnUAM7JoV7D8ILRlNtT2', '2025-01-28 19:26:58', 1, '2025-01-28 19:11:58'),
(6, 1, '$2y$10$vZzVdtoHVgoV9hk5qaGED.bfdjrHpuWr4QBHYX.Yxw3TTTm0xII7e', '2025-01-28 20:01:09', 1, '2025-01-28 19:46:09'),
(7, 25, '$2y$10$NtSA7jurLwdKmW6ayUGDcOievbivzWEIiG2FpWE933DKX3I7ImkE6', '2025-01-28 20:02:35', 1, '2025-01-28 19:47:35'),
(8, 36, '$2y$10$EPsA/oqQyE4Cj4bhJ/SdrO5v4.iGN5TRratAVIonwQlbipp6VyEVa', '2025-01-28 20:05:28', 1, '2025-01-28 19:50:28'),
(9, 36, '$2y$10$ANkpWcK3bI9CKqJpEEsl6ONbwJACyI8mLqPC8q7yCoedmLcQZCTKq', '2025-02-21 18:24:19', 0, '2025-02-21 18:09:19');

-- --------------------------------------------------------

--
-- Table structure for table `ProductOrders`
--

CREATE TABLE `ProductOrders` (
  `id` int(11) NOT NULL,
  `order_id` int(11) NOT NULL,
  `product_id` int(11) NOT NULL,
  `quantity` int(11) NOT NULL DEFAULT 1,
  `price` decimal(10,2) NOT NULL,
  `picked_quantity` int(11) DEFAULT 0,
  `missing_quantity` int(11) DEFAULT NULL,
  `created_at` timestamp NOT NULL DEFAULT current_timestamp(),
  `delivered_quantity` int(11) DEFAULT 0,
  `delivery_missing_quantity` int(11) DEFAULT 0,
  `rejected_quantity` int(11) DEFAULT 0,
  `warehouse_missing_quantity` int(11) DEFAULT 0
) ENGINE=InnoDB DEFAULT CHARSET=utf8mb4 COLLATE=utf8mb4_general_ci;

--
-- Dumping data for table `ProductOrders`
--

INSERT INTO `ProductOrders` (`id`, `order_id`, `product_id`, `quantity`, `price`, `picked_quantity`, `missing_quantity`, `created_at`, `delivered_quantity`, `delivery_missing_quantity`, `rejected_quantity`, `warehouse_missing_quantity`) VALUES
(214, 61, 3, 3, 7.00, 1, 2, '2025-01-27 13:48:22', 0, 0, 0, 0),
(215, 61, 25, 2, 2.00, 1, 1, '2025-01-27 13:48:22', 0, 0, 0, 0),
(216, 62, 23, 2, 3.00, 1, 1, '2025-01-27 13:49:17', 0, 0, 0, 0),
(217, 62, 2, 1, 3.00, 1, 0, '2025-01-27 13:49:17', 0, 0, 0, 0),
(218, 60, 3, 3, 3.00, 1, 2, '2025-01-28 10:58:47', 0, 0, 0, 0),
(219, 60, 2, 1, 3.00, 1, 0, '2025-01-28 10:58:47', 0, 0, 0, 0),
(220, 60, 23, 5, 3.00, 0, 5, '2025-01-28 10:58:47', 0, 0, 0, 0),
(221, 63, 3, 1, 2.00, 1, 0, '2025-01-28 12:49:26', 0, 0, 0, 0),
(222, 64, 3, 1, 3.00, 0, 1, '2025-01-28 12:50:07', 0, 0, 0, 0),
(231, 70, 3, 1, 2.00, 1, 0, '2025-01-28 19:05:10', 0, 0, 0, 0),
(232, 69, 22, 1, 3.00, 1, 0, '2025-01-28 19:06:23', 0, 0, 0, 0),
(233, 68, 2, 1, 45.00, 1, 0, '2025-01-28 19:06:59', 0, 0, 0, 0),
(234, 67, 3, 1, 23.00, 1, 0, '2025-01-28 19:07:34', 0, 0, 0, 0),
(235, 66, 3, 1, 32.00, 1, 0, '2025-01-28 19:08:19', 0, 0, 0, 0),
(236, 71, 3, 1, 1.98, 1, 0, '2025-01-28 19:57:03', 0, 0, 0, 0),
(237, 72, 3, 1, 2.00, 0, NULL, '2025-01-28 20:32:38', 0, 0, 0, 0),
(238, 73, 25, 1, 12.00, 1, 0, '2025-01-29 05:24:16', 0, 0, 0, 0),
(239, 74, 23, 1, 234.00, 1, 0, '2025-01-29 05:25:12', 0, 0, 0, 0),
(240, 75, 2, 1, 3.00, 1, 0, '2025-01-29 06:08:40', 0, 0, 0, 0),
(241, 76, 2, 2, 3.00, 1, 1, '2025-01-29 06:45:43', 0, 0, 0, 0),
(242, 76, 3, 1, 2.99, 1, 0, '2025-01-29 06:45:43', 0, 0, 0, 0),
(243, 77, 2, 1, 3.00, 1, 0, '2025-01-29 06:50:21', 0, 0, 0, 0),
(244, 78, 3, 1, 3.00, 1, 0, '2025-01-29 06:53:55', 0, 0, 0, 0),
(245, 79, 25, 1, 32.00, 0, NULL, '2025-01-29 09:38:18', 0, 0, 0, 0),
(246, 80, 25, 1, 3233.00, 1, 0, '2025-01-29 09:47:57', 0, 0, 0, 0),
(247, 81, 23, 1, 323.00, 1, 0, '2025-01-29 09:48:54', 0, 0, 0, 0),
(248, 82, 3, 1, 32.00, 1, 0, '2025-01-29 09:49:32', 0, 0, 0, 0),
(249, 83, 3, 1, 23.00, 1, 0, '2025-01-29 09:51:07', 0, 0, 0, 0),
(250, 84, 2, 1, 32.00, 1, 0, '2025-01-29 09:51:52', 0, 0, 0, 0),
(251, 85, 23, 1, 3.00, 1, 0, '2025-01-29 09:52:32', 0, 0, 0, 0),
(252, 86, 25, 1, 5.00, 1, 0, '2025-01-30 04:57:03', 0, 0, 0, 0),
(253, 87, 2, 1, 1.00, 1, 0, '2025-01-30 04:57:57', 0, 0, 0, 0),
(254, 88, 3, 1, 3.00, 1, 0, '2025-01-30 04:58:45', 0, 0, 0, 0),
(255, 89, 22, 1, 4.00, 1, 0, '2025-01-30 04:59:31', 0, 0, 0, 0),
(256, 90, 3, 1, 3.00, 1, 0, '2025-01-30 05:00:22', 0, 0, 0, 0),
(257, 91, 25, 1, 5.00, 1, 0, '2025-01-30 05:01:12', 0, 0, 0, 0),
(259, 93, 3, 1, 3.00, 1, 0, '2025-01-31 17:54:47', 0, 0, 0, 0),
(260, 94, 3, 1, 2.00, 1, 0, '2025-01-31 18:04:14', 0, 0, 0, 0),
(261, 95, 3, 1, 2.00, 1, 0, '2025-01-31 18:16:18', 0, 0, 0, 0),
(264, 98, 3, 1, 2.00, 1, 0, '2025-02-01 13:36:57', 0, 0, 0, 0),
(265, 99, 3, 1, 2.00, 1, 0, '2025-02-01 13:39:08', 0, 0, 0, 0),
(266, 100, 25, 1, 2.00, 1, 0, '2025-02-01 13:41:27', 0, 0, 0, 0),
(267, 101, 3, 1, 24.00, 1, 0, '2025-02-03 10:37:17', 0, 0, 0, 0),
(268, 102, 23, 1, 4.00, 1, 0, '2025-02-03 10:38:25', 0, 0, 0, 0),
(269, 103, 25, 1, 45.00, 1, 0, '2025-02-03 10:46:40', 0, 0, 0, 0),
(270, 104, 22, 1, 34.00, 1, 0, '2025-02-03 10:52:53', 0, 0, 0, 0),
(271, 105, 3, 1, 234.00, 1, 0, '2025-02-03 10:54:46', 0, 0, 0, 0),
(272, 106, 22, 1, 5345.00, 1, 0, '2025-02-03 10:59:26', 0, 0, 0, 0),
(273, 107, 26, 1, 0.00, 0, 1, '2025-02-07 21:15:41', 0, 0, 0, 0),
(274, 108, 27, 3, 1.00, 3, 0, '2025-02-07 21:24:22', 0, 0, 0, 0),
(275, 109, 27, 2, 1.00, 2, 0, '2025-02-07 21:28:30', 0, 0, 0, 0),
(276, 110, 26, 3, 1.00, 3, 0, '2025-02-07 21:29:26', 0, 0, 0, 0),
(277, 111, 26, 1, 1.00, 1, 0, '2025-02-07 21:53:07', 0, 0, 0, 0),
(278, 112, 27, 1, 1.00, 0, NULL, '2025-02-07 22:11:33', 0, 0, 0, 0),
(279, 113, 26, 1, 0.00, 0, NULL, '2025-02-07 22:13:11', 0, 0, 0, 0),
(280, 114, 3, 4, 3.00, 1, 3, '2025-02-24 09:58:48', 0, 0, 0, 0),
(281, 115, 25, 1, 500.00, 1, 0, '2025-02-24 10:00:27', 0, 0, 0, 0),
(282, 116, 2, 2, 6.00, 1, 1, '2025-02-24 10:01:34', 0, 0, 0, 0),
(283, 117, 25, 1, 345345.00, 1, 0, '2025-02-24 11:01:25', 0, 0, 0, 0),
(284, 118, 2, 1, 4353.00, 1, 0, '2025-02-24 11:03:22', 0, 0, 0, 0),
(285, 119, 22, 1, 452.99, 1, 0, '2025-02-24 11:04:14', 0, 0, 0, 0),
(286, 120, 25, 1, 31.99, 1, 0, '2025-02-24 12:32:05', 0, 0, 0, 0),
(287, 121, 3, 1, 234.00, 1, 0, '2025-02-24 12:33:00', 0, 0, 0, 0),
(288, 122, 23, 1, 34.00, 1, 0, '2025-02-24 12:33:49', 0, 0, 0, 0),
(289, 123, 3, 4, 234.00, 3, 1, '2025-02-25 04:36:39', 0, 0, 0, 0),
(290, 124, 25, 2, 324.00, 2, 0, '2025-02-25 04:37:33', 0, 0, 0, 0),
(291, 125, 2, 1, 234.00, 0, 1, '2025-02-25 04:38:30', 0, 0, 0, 0),
(292, 126, 23, 2, 324.00, 2, 0, '2025-02-25 04:39:54', 0, 0, 0, 0),
(293, 127, 25, 1, 5.00, 1, 0, '2025-02-25 05:19:17', 0, 0, 0, 0),
(294, 128, 3, 1, 7.00, 1, 0, '2025-02-25 05:20:53', 0, 0, 0, 0),
(295, 129, 25, 1, 234.00, 1, 0, '2025-02-25 05:22:59', 0, 0, 0, 0),
(296, 130, 25, 1, 32.00, 1, 0, '2025-02-25 05:28:04', 0, 0, 0, 0),
(297, 131, 25, 1, 3.00, 1, 0, '2025-02-25 05:28:38', 0, 0, 0, 0),
(298, 132, 2, 1, 3.00, 1, 0, '2025-02-25 05:29:01', 0, 0, 0, 0),
(299, 133, 3, 1, 2.00, 1, 0, '2025-02-25 06:05:17', 0, 0, 0, 0),
(300, 134, 3, 1, 2.00, 1, 0, '2025-02-25 06:05:41', 0, 0, 0, 0),
(301, 135, 25, 1, 2.00, 1, 0, '2025-02-25 06:06:17', 0, 0, 0, 0),
(302, 136, 25, 1, 2.00, 1, 0, '2025-02-25 06:06:59', 0, 0, 0, 0),
(303, 137, 23, 1, 2.00, 1, 0, '2025-02-25 06:07:24', 0, 0, 0, 0),
(304, 138, 3, 1, 2.00, 1, 0, '2025-02-25 06:07:47', 0, 0, 0, 0),
(305, 139, 25, 1, 2.00, 1, 0, '2025-02-25 07:09:39', 0, 0, 0, 0),
(306, 140, 3, 1, 2.00, 1, 0, '2025-02-25 07:10:15', 0, 0, 0, 0),
(307, 141, 25, 1, 5000.00, 1, 0, '2025-02-25 10:10:46', 0, 0, 0, 0),
(308, 142, 2, 1, 23.00, 1, 0, '2025-02-25 10:11:17', 0, 0, 0, 0),
(309, 143, 3, 1, 32.00, 1, 0, '2025-02-25 10:13:30', 0, 0, 0, 0),
(310, 144, 25, 1, 342.00, 1, 0, '2025-02-25 10:14:06', 0, 0, 0, 0),
(311, 145, 25, 1, 23.00, 1, 0, '2025-02-25 10:14:32', 0, 0, 0, 0),
(312, 146, 23, 1, 2.00, 1, 0, '2025-02-25 10:15:00', 0, 0, 0, 0),
(313, 147, 3, 1, 2.00, 1, 0, '2025-02-25 10:15:29', 0, 0, 0, 0),
(314, 148, 2, 1, 22.99, 1, 0, '2025-02-25 10:15:54', 0, 0, 0, 0),
(315, 149, 3, 1, 2.00, 1, 0, '2025-02-25 10:16:25', 0, 0, 0, 0),
(316, 150, 2, 1, 3.00, 1, 0, '2025-02-25 10:16:50', 0, 0, 0, 0),
(317, 151, 3, 1, 23.00, 1, 0, '2025-02-25 10:17:21', 0, 0, 0, 0),
(318, 152, 23, 1, 3.00, 1, 0, '2025-02-25 10:17:58', 0, 0, 0, 0),
(319, 153, 3, 1, 23.00, 1, 0, '2025-02-25 12:10:34', 0, 0, 0, 0),
(320, 154, 25, 1, 23.00, 1, 0, '2025-02-25 12:11:01', 0, 0, 0, 0),
(321, 155, 25, 1, 23.00, 1, 0, '2025-02-25 12:11:43', 0, 0, 0, 0),
(322, 156, 23, 1, 32.00, 1, 0, '2025-02-25 12:12:03', 0, 0, 0, 0),
(347, 158, 3, 1, 0.00, 1, 0, '2025-03-01 19:47:28', 0, 0, 0, 0),
(348, 158, 2, 1, 0.00, 1, 0, '2025-03-01 19:47:28', 0, 0, 0, 0),
(352, 157, 25, 2, 0.00, 0, 2, '2025-03-01 19:47:41', 0, 0, 0, 0),
(353, 157, 3, 3, 0.00, 1, 2, '2025-03-01 19:47:41', 0, 0, 0, 0),
(354, 157, 2, 1, 0.00, 1, 0, '2025-03-01 19:47:41', 0, 0, 0, 0),
(355, 159, 25, 1, 0.00, 0, 1, '2025-03-01 20:07:10', 0, 0, 0, 0),
(356, 159, 3, 2, 0.00, 0, 2, '2025-03-01 20:07:10', 0, 0, 0, 0),
(357, 160, 25, 3, 0.00, 2, 1, '2025-03-01 20:08:01', 0, 0, 0, 0),
(358, 160, 28, 2, 0.00, 1, 1, '2025-03-01 20:08:01', 0, 0, 0, 0),
(361, 161, 3, 1, 0.00, 1, 0, '2025-03-02 12:45:42', 0, 0, 0, 0),
(362, 161, 2, 2, 0.00, 0, 2, '2025-03-02 12:45:42', 0, 0, 0, 0),
(366, 162, 3, 2, 0.00, 0, 2, '2025-03-02 15:56:28', 0, 0, 0, 0),
(367, 162, 25, 4, 0.00, 0, 4, '2025-03-02 15:56:28', 0, 0, 0, 0),
(368, 163, 3, 4, 0.00, 4, 0, '2025-03-02 15:58:52', 0, 0, 0, 0),
(369, 163, 2, 3, 0.00, 2, 1, '2025-03-02 15:58:52', 0, 0, 0, 0),
(370, 164, 30, 3, 0.00, 3, 0, '2025-03-06 19:10:58', 0, 0, 0, 0),
(371, 164, 29, 2, 0.00, 2, 0, '2025-03-06 19:10:58', 0, 0, 0, 0),
(375, 165, 30, 1, 0.00, 1, 0, '2025-03-06 19:18:24', 0, 0, 0, 0),
(376, 166, 30, 2, 0.00, 2, 0, '2025-03-06 19:24:07', 0, 0, 0, 0),
(377, 167, 29, 3, 0.00, 3, 0, '2025-03-06 19:28:10', 0, 0, 0, 0),
(378, 168, 30, 2, 0.00, 2, 0, '2025-03-06 19:29:22', 0, 0, 0, 0),
(379, 169, 3, 4, 0.00, 1, 3, '2025-03-19 14:12:45', 0, 0, 0, 0),
(380, 169, 25, 3, 0.00, 1, 2, '2025-03-19 14:12:45', 0, 0, 0, 0),
(381, 169, 2, 1, 0.00, 1, 0, '2025-03-19 14:12:45', 0, 0, 0, 0),
(382, 170, 3, 1, 0.00, 0, 1, '2025-03-19 14:13:59', 0, 0, 0, 0),
(383, 171, 3, 4, 0.00, 1, 3, '2025-03-19 14:30:12', 0, 0, 0, 0),
(384, 171, 2, 1, 0.00, 1, 0, '2025-03-19 14:30:12', 0, 0, 0, 0),
(385, 171, 25, 2, 0.00, 1, 1, '2025-03-19 14:30:12', 0, 0, 0, 0),
(386, 172, 28, 1, 0.00, 0, 1, '2025-03-19 14:31:10', 0, 0, 0, 0),
(387, 97, 3, 1, 0.00, 1, 0, '2025-03-19 15:37:39', 0, 0, 0, 0),
(388, 97, 28, 3, 0.00, 0, 3, '2025-03-19 15:37:39', 0, 0, 0, 0),
(389, 96, 3, 1, 0.00, 1, 0, '2025-03-19 15:38:33', 0, 0, 0, 0),
(390, 173, 3, 3, 0.00, 1, 2, '2025-03-19 16:49:29', 0, 0, 0, 0),
(391, 173, 25, 2, 0.00, 1, 1, '2025-03-19 16:49:29', 0, 0, 0, 0),
(392, 174, 28, 1, 0.00, 1, 0, '2025-04-26 18:38:27', 0, 0, 0, 0),
(393, 174, 3, 1, 0.00, 1, 0, '2025-04-26 18:38:27', 0, 0, 0, 0),
(394, 175, 3, 1, 0.00, 1, 0, '2025-04-26 18:53:13', 0, 0, 0, 0),
(395, 175, 25, 1, 0.00, 1, 0, '2025-04-26 18:53:13', 0, 0, 0, 0),
(396, 176, 28, 1, 0.00, 1, 0, '2025-04-26 19:04:29', 0, 0, 0, 0),
(397, 176, 25, 1, 0.00, 1, 0, '2025-04-26 19:04:29', 0, 0, 0, 0),
(398, 177, 3, 1, 0.00, 1, 0, '2025-04-26 19:13:33', 0, 0, 0, 0),
(399, 177, 2, 1, 0.00, 1, 0, '2025-04-26 19:13:33', 0, 0, 0, 0),
(400, 178, 3, 1, 0.00, 1, 0, '2025-04-26 19:28:30', 0, 0, 0, 0),
(401, 178, 2, 1, 0.00, 1, 0, '2025-04-26 19:28:30', 0, 0, 0, 0),
(410, 179, 3, 1, 0.00, 1, 0, '2025-04-27 18:07:23', 0, 0, 0, 0),
(411, 179, 23, 3, 0.00, 3, 0, '2025-04-27 18:07:23', 0, 0, 0, 0),
(418, 180, 3, 2, 0.00, 0, NULL, '2025-04-27 18:59:43', 0, 0, 0, 0),
(419, 180, 25, 1, 0.00, 0, NULL, '2025-04-27 18:59:43', 0, 0, 0, 0),
(420, 181, 3, 2, 0.00, 2, 0, '2025-04-27 21:03:42', 0, 0, 0, 0),
(421, 181, 25, 1, 0.00, 1, 0, '2025-04-27 21:03:42', 0, 0, 0, 0),
(422, 182, 3, 1, 0.00, 1, 0, '2025-04-27 22:00:25', 0, 0, 0, 0),
(423, 182, 25, 1, 0.00, 1, 0, '2025-04-27 22:00:25', 0, 0, 0, 0),
(424, 183, 3, 2, 0.00, 2, 0, '2025-04-27 22:08:09', 0, 0, 0, 0),
(425, 183, 2, 1, 0.00, 1, 0, '2025-04-27 22:08:09', 0, 0, 0, 0),
(426, 184, 2, 1, 0.00, 1, 0, '2025-04-27 22:28:36', 0, 0, 0, 0),
(427, 184, 3, 1, 0.00, 1, 0, '2025-04-27 22:28:36', 0, 0, 0, 0),
(428, 185, 3, 1, 0.00, 1, 0, '2025-04-27 22:42:59', 0, 0, 0, 0),
(429, 185, 2, 1, 0.00, 1, 0, '2025-04-27 22:42:59', 0, 0, 0, 0),
(430, 186, 3, 1, 0.00, 1, 0, '2025-04-28 07:51:47', 0, 0, 0, 0),
(431, 187, 3, 1, 0.00, 1, 0, '2025-04-28 08:02:08', 0, 0, 0, 0),
(432, 188, 25, 1, 0.00, 1, 0, '2025-04-28 08:02:37', 0, 0, 0, 0),
(433, 189, 3, 1, 0.00, 1, 0, '2025-04-28 08:46:31', 0, 0, 0, 0),
(434, 190, 3, 1, 0.00, 1, 0, '2025-04-28 09:00:03', 0, 0, 0, 0),
(435, 191, 3, 1, 0.00, 1, 0, '2025-04-28 09:00:08', 0, 0, 0, 0),
(436, 192, 3, 1, 0.00, 1, 0, '2025-04-28 09:00:12', 0, 0, 0, 0),
(438, 194, 3, 1, 0.00, 1, 0, '2025-04-28 09:00:14', 0, 0, 0, 0),
(439, 193, 3, 1, 0.00, 1, 0, '2025-04-28 09:02:18', 0, 0, 0, 0),
(440, 195, 3, 1, 0.00, 1, 0, '2025-04-28 10:44:48', 0, 0, 0, 0),
(441, 195, 2, 1, 0.00, 1, 0, '2025-04-28 10:44:48', 0, 0, 0, 0),
(443, 196, 3, 1, 0.00, 1, 0, '2025-04-28 11:16:48', 0, 0, 0, 0),
(444, 197, 3, 1, 0.00, 1, 0, '2025-04-28 11:23:48', 0, 0, 0, 0),
(445, 197, 2, 1, 0.00, 1, 0, '2025-04-28 11:23:48', 0, 0, 0, 0),
(464, 198, 3, 1, 0.00, 1, 0, '2025-04-28 13:03:44', 0, 0, 0, 0),
(465, 198, 2, 1, 0.00, 1, 0, '2025-04-28 13:03:44', 0, 0, 0, 0),
(466, 198, 23, 1, 0.00, 1, 0, '2025-04-28 13:03:44', 0, 0, 0, 0),
(468, 199, 3, 1, 0.00, 1, 0, '2025-04-28 13:57:12', 0, 0, 0, 0),
(469, 199, 2, 1, 0.00, 1, 0, '2025-04-28 13:57:12', 0, 0, 0, 0),
(470, 200, 31, 2, 4.50, 0, 2, '2025-04-29 14:46:45', 0, 0, 0, 0),
(471, 200, 32, 1, 8.00, 0, 1, '2025-04-29 14:46:45', 0, 0, 0, 0),
(472, 201, 33, 1, 15.99, 1, 0, '2025-04-29 14:46:46', 0, 0, 0, 0),
(473, 201, 34, 3, 5.50, 3, 0, '2025-04-29 14:46:46', 0, 0, 0, 0),
(474, 201, 35, 1, 7.25, 1, 0, '2025-04-29 14:46:46', 0, 0, 0, 0),
(475, 202, 36, 1, 25.00, 1, 0, '2025-04-29 14:46:46', 0, 0, 0, 0),
(476, 202, 37, 1, 18.50, 1, 0, '2025-04-29 14:46:46', 0, 0, 0, 0),
(477, 203, 3, 1, 0.00, 1, 0, '2025-04-29 14:50:04', 0, 0, 0, 0),
(478, 204, 31, 2, 4.50, 2, 0, '2025-05-01 07:47:52', 0, 0, 0, 0),
(479, 204, 32, 1, 8.00, 1, 0, '2025-05-01 07:47:52', 0, 0, 0, 0),
(480, 205, 33, 1, 15.99, 1, 0, '2025-05-01 07:47:52', 0, 0, 0, 0),
(481, 205, 34, 3, 5.50, 1, 2, '2025-05-01 07:47:52', 0, 0, 0, 0),
(482, 205, 35, 1, 7.25, 0, 1, '2025-05-01 07:47:52', 0, 0, 0, 0),
(483, 206, 36, 1, 25.00, 0, 1, '2025-05-01 07:47:52', 0, 0, 0, 0),
(484, 206, 37, 1, 18.50, 1, 0, '2025-05-01 07:47:52', 0, 0, 0, 0),
(487, 208, 33, 1, 15.99, 1, 0, '2025-05-01 09:33:26', 0, 0, 0, 0),
(488, 208, 34, 3, 5.50, 2, 1, '2025-05-01 09:33:26', 0, 0, 0, 0),
(489, 208, 35, 1, 7.25, 0, 1, '2025-05-01 09:33:26', 0, 0, 0, 0),
(490, 209, 36, 1, 25.00, 0, 1, '2025-05-01 09:33:26', 0, 0, 0, 0),
(491, 209, 37, 1, 18.50, 1, 0, '2025-05-01 09:33:26', 0, 0, 0, 0),
(492, 210, 31, 2, 4.50, 1, 1, '2025-05-01 09:56:19', 0, 0, 0, 0),
(493, 210, 32, 1, 8.00, 1, 0, '2025-05-01 09:56:19', 0, 0, 0, 0),
(494, 211, 33, 1, 15.99, 1, NULL, '2025-05-01 09:56:19', 1, 0, 0, 0),
(495, 211, 34, 3, 5.50, 1, NULL, '2025-05-01 09:56:19', 1, 0, 0, 2),
(496, 211, 35, 1, 7.25, 1, NULL, '2025-05-01 09:56:19', 1, 0, 0, 0),
(497, 212, 36, 1, 25.00, 0, 1, '2025-05-01 09:56:20', 0, 0, 0, 0),
(498, 212, 37, 1, 18.50, 1, 0, '2025-05-01 09:56:20', 0, 0, 0, 0),
(499, 213, 31, 2, 4.50, 2, 0, '2025-05-01 11:42:51', 0, 0, 0, 0),
(500, 213, 32, 1, 8.00, 0, 1, '2025-05-01 11:42:51', 0, 0, 0, 0),
(501, 214, 33, 1, 15.99, 1, 0, '2025-05-01 11:42:51', 0, 0, 0, 0),
(502, 214, 34, 3, 5.50, 2, 1, '2025-05-01 11:42:51', 0, 0, 0, 0),
(503, 214, 35, 1, 7.25, 0, 1, '2025-05-01 11:42:51', 0, 0, 0, 0),
(504, 215, 36, 1, 25.00, 1, 0, '2025-05-01 11:42:51', 0, 0, 0, 0),
(505, 215, 37, 1, 18.50, 0, 1, '2025-05-01 11:42:51', 0, 0, 0, 0),
(506, 216, 31, 2, 4.50, 2, NULL, '2025-05-02 01:08:02', 0, 0, 0, 0),
(507, 216, 32, 1, 8.00, 1, NULL, '2025-05-02 01:08:02', 0, 0, 0, 0),
(508, 217, 33, 1, 15.99, 1, NULL, '2025-05-02 01:08:02', 1, 0, 0, 0),
(509, 217, 34, 3, 5.50, 3, NULL, '2025-05-02 01:08:02', 3, 0, 0, 0),
(510, 217, 35, 1, 7.25, 1, NULL, '2025-05-02 01:08:02', 1, 0, 0, 0),
(513, 218, 36, 1, 0.00, 0, NULL, '2025-05-02 07:11:15', 0, 0, 0, 0),
(514, 218, 37, 1, 0.00, 0, NULL, '2025-05-02 07:11:15', 0, 0, 0, 0),
(515, 218, 33, 1, 0.00, 0, NULL, '2025-05-02 07:11:15', 0, 0, 0, 0),
(516, 218, 34, 1, 0.00, 0, NULL, '2025-05-02 07:11:15', 0, 0, 0, 0),
(517, 207, 35, 2, 0.00, 2, NULL, '2025-05-02 07:54:20', 2, 0, 0, 0),
(518, 219, 31, 2, 4.50, 2, NULL, '2025-05-02 08:14:03', 2, 0, 0, 0),
(519, 219, 32, 1, 8.00, 1, NULL, '2025-05-02 08:14:03', 1, 0, 0, 0),
(520, 220, 33, 1, 15.99, 1, NULL, '2025-05-02 08:14:03', 1, 0, 0, 0),
(521, 220, 34, 3, 5.50, 3, NULL, '2025-05-02 08:14:03', 3, 0, 0, 0),
(522, 220, 35, 1, 7.25, 1, NULL, '2025-05-02 08:14:03', 1, 0, 0, 0),
(523, 221, 36, 1, 25.00, 1, NULL, '2025-05-02 08:14:03', 1, 0, 0, 0),
(524, 221, 37, 1, 18.50, 1, NULL, '2025-05-02 08:14:03', 1, 0, 0, 0),
(525, 222, 31, 2, 4.50, 2, NULL, '2025-05-02 09:23:05', 2, 0, 0, 0),
(526, 222, 32, 1, 8.00, 1, NULL, '2025-05-02 09:23:05', 1, 0, 0, 0),
(530, 224, 36, 1, 25.00, 1, NULL, '2025-05-02 09:23:05', 1, 0, 0, 0),
(531, 224, 37, 1, 18.50, 1, NULL, '2025-05-02 09:23:05', 1, 0, 0, 0),
(535, 223, 33, 1, 0.00, 1, NULL, '2025-05-02 09:27:14', 1, 0, 0, 0),
(536, 223, 34, 3, 0.00, 3, NULL, '2025-05-02 09:27:14', 3, 0, 0, 0),
(537, 223, 35, 1, 0.00, 1, NULL, '2025-05-02 09:27:14', 1, 0, 0, 0),
(543, 227, 36, 1, 25.00, 1, NULL, '2025-05-02 09:54:38', 1, 0, 0, 0),
(544, 227, 37, 1, 18.50, 1, NULL, '2025-05-02 09:54:38', 1, 0, 0, 0),
(545, 225, 31, 2, 0.00, 2, NULL, '2025-05-02 09:54:51', 2, 0, 0, 0),
(546, 225, 32, 1, 0.00, 1, NULL, '2025-05-02 09:54:51', 1, 0, 0, 0),
(547, 226, 33, 1, 0.00, 1, NULL, '2025-05-02 10:03:53', 1, 0, 0, 0),
(548, 226, 34, 3, 0.00, 3, NULL, '2025-05-02 10:03:53', 3, 0, 0, 0),
(549, 226, 35, 1, 0.00, 1, NULL, '2025-05-02 10:03:53', 1, 0, 0, 0),
(555, 230, 36, 1, 25.00, 1, NULL, '2025-05-02 10:17:33', 1, 0, 0, 0),
(556, 230, 37, 1, 18.50, 1, NULL, '2025-05-02 10:17:33', 1, 0, 0, 0),
(557, 228, 31, 2, 0.00, 2, NULL, '2025-05-02 10:17:48', 2, 0, 0, 0),
(558, 228, 32, 1, 0.00, 1, NULL, '2025-05-02 10:17:48', 1, 0, 0, 0),
(559, 229, 33, 1, 0.00, 1, NULL, '2025-05-02 10:32:53', 1, 0, 0, 0),
(560, 229, 34, 3, 0.00, 3, NULL, '2025-05-02 10:32:53', 3, 0, 0, 0),
(561, 229, 35, 1, 0.00, 1, NULL, '2025-05-02 10:32:53', 1, 0, 0, 0),
(567, 233, 36, 1, 25.00, 1, NULL, '2025-05-02 10:47:41', 0, 0, 0, 0),
(568, 233, 37, 1, 18.50, 1, NULL, '2025-05-02 10:47:41', 0, 0, 0, 0),
(569, 231, 31, 2, 0.00, 2, NULL, '2025-05-02 10:47:51', 2, 0, 0, 0),
(570, 231, 32, 1, 0.00, 1, NULL, '2025-05-02 10:47:51', 1, 0, 0, 0),
(586, 232, 33, 1, 0.00, 1, NULL, '2025-05-02 10:51:36', 0, 0, 0, 0),
(587, 232, 34, 3, 0.00, 3, NULL, '2025-05-02 10:51:36', 0, 0, 0, 0),
(588, 232, 35, 1, 0.00, 1, NULL, '2025-05-02 10:51:36', 0, 0, 0, 0),
(589, 234, 31, 2, 4.50, 0, NULL, '2025-05-02 12:14:02', 0, 0, 0, 0),
(590, 234, 32, 1, 8.00, 0, NULL, '2025-05-02 12:14:02', 0, 0, 0, 0),
(596, 235, 33, 1, 0.00, 1, NULL, '2025-05-02 12:14:16', 1, 0, 0, 0),
(597, 235, 34, 3, 0.00, 3, NULL, '2025-05-02 12:14:16', 3, 0, 0, 0),
(598, 235, 35, 1, 0.00, 1, NULL, '2025-05-02 12:14:16', 1, 0, 0, 0),
(599, 236, 36, 1, 0.00, 1, NULL, '2025-05-02 12:14:46', 0, 0, 0, 0),
(600, 236, 37, 1, 0.00, 1, NULL, '2025-05-02 12:14:46', 0, 0, 0, 0),
(601, 237, 2, 2, 0.00, 2, NULL, '2025-05-05 09:24:51', 2, 0, 0, 0),
(602, 237, 23, 1, 0.00, 1, NULL, '2025-05-05 09:24:51', 1, 0, 0, 0),
(603, 238, 33, 2, 0.00, 2, NULL, '2025-05-05 09:36:52', 2, 0, 0, 0),
(604, 238, 37, 1, 0.00, 1, NULL, '2025-05-05 09:36:52', 1, 0, 0, 0),
(605, 239, 31, 2, 0.00, 2, NULL, '2025-06-01 13:07:49', 2, 0, 0, 0),
(606, 239, 33, 1, 0.00, 1, NULL, '2025-06-01 13:07:49', 1, 0, 0, 0),
(607, 240, 25, 1, 0.00, 1, NULL, '2025-06-01 13:11:31', 1, 0, 0, 0),
(608, 240, 28, 2, 0.00, 2, NULL, '2025-06-01 13:11:31', 2, 0, 0, 0),
(609, 241, 31, 1, 0.00, 1, NULL, '2025-06-01 13:52:04', 1, 0, 0, 0),
(610, 242, 33, 1, 0.00, 1, NULL, '2025-06-01 13:53:45', 1, 0, 0, 0),
(611, 243, 31, 1, 0.00, 1, NULL, '2025-06-01 14:01:13', 1, 0, 0, 0),
(612, 244, 34, 1, 0.00, 0, NULL, '2025-06-01 14:04:11', 0, 0, 0, 1),
(613, 245, 25, 1, 0.00, 1, NULL, '2025-06-01 14:10:43', 0, 0, 0, 0),
(614, 245, 36, 1, 0.00, 1, NULL, '2025-06-01 14:10:43', 0, 0, 0, 0),
(615, 246, 25, 3, 0.00, 0, NULL, '2025-06-01 14:28:27', 0, 0, 0, 3),
(616, 247, 25, 1, 0.00, 1, NULL, '2025-06-12 15:39:15', 1, 0, 0, 0),
(617, 247, 33, 1, 0.00, 1, NULL, '2025-06-12 15:39:15', 1, 0, 0, 0);

-- --------------------------------------------------------

--
-- Table structure for table `Products`
--

CREATE TABLE `Products` (
  `id` int(11) NOT NULL,
  `name` varchar(255) NOT NULL,
  `description` text DEFAULT NULL,
  `qrcode_number` varchar(100) DEFAULT NULL,
  `company_id` int(11) NOT NULL,
  `created_at` timestamp NOT NULL DEFAULT current_timestamp(),
  `updated_at` timestamp NOT NULL DEFAULT current_timestamp() ON UPDATE current_timestamp()
) ENGINE=InnoDB DEFAULT CHARSET=utf8mb4 COLLATE=utf8mb4_general_ci;

--
-- Dumping data for table `Products`
--

INSERT INTO `Products` (`id`, `name`, `description`, `qrcode_number`, `company_id`, `created_at`, `updated_at`) VALUES
(2, 'ice 1kg', 'ice 1kg', '22', 2, '2024-12-20 20:06:21', '2025-01-22 16:22:57'),
(3, '3kg ice', 'sds', '11', 2, '2024-12-20 20:16:45', '2025-01-22 16:22:46'),
(15, 'Ice 10 kg', '10 kg ice', '290384029348', 4, '2024-12-23 02:13:23', '2024-12-23 02:13:23'),
(16, '5 kg Ice', '5 kg ice', '23094820394', 4, '2024-12-23 02:13:41', '2024-12-23 02:13:41'),
(17, '15 kg Ice', '15 kg ice', '2093482093', 4, '2024-12-23 02:13:58', '2024-12-23 02:13:58'),
(18, 'Nokia 3310', 'Nokia 3310', '89484839300', 5, '2024-12-25 19:22:45', '2024-12-25 19:22:45'),
(19, 'Iphone 11', 'Iphone 11', '3894878749', 5, '2024-12-25 19:24:08', '2024-12-25 19:24:08'),
(20, 'Xiaomi', 'Xiaomi', '98387238', 5, '2024-12-25 19:24:24', '2024-12-25 19:24:24'),
(22, 'aoishjd', 'isjdcsd', '2093482093', 2, '2024-12-26 10:27:00', '2024-12-26 10:27:00'),
(23, 'p1', 'p1', '123', 2, '2024-12-26 16:51:48', '2024-12-26 16:51:48'),
(24, 'p1', 'p1', '123', 4, '2024-12-26 16:52:33', '2024-12-26 16:52:33'),
(25, 'iphone', 'iphone', '12', 2, '2025-01-22 16:16:05', '2025-01-22 16:16:05'),
(26, 'Flower 1', '', '123123', 7, '2025-02-07 21:07:12', '2025-02-07 21:07:12'),
(27, 'Flower 2', '', '123456789', 7, '2025-02-07 21:08:55', '2025-02-07 21:08:55'),
(28, 'kuch b', 'kuch b', '2983742', 2, '2025-03-01 10:56:18', '2025-03-01 10:56:18'),
(29, 'Plates 6 set', '', '123', 10, '2025-03-06 19:08:20', '2025-03-06 19:08:20'),
(30, 'Glass 6 set', '', '1234', 10, '2025-03-06 19:08:34', '2025-03-06 19:08:34'),
(31, 'Carrot Cake Slice', 'Carrot Cake Slice', 'QR-BUNNY001', 2, '2025-04-29 14:46:45', '2025-04-29 14:46:45'),
(32, 'Mad Hatter Tea Bags (Box)', 'Mad Hatter Tea Bags (Box)', 'QR-TEA005', 2, '2025-04-29 14:46:45', '2025-04-29 14:46:45'),
(33, 'Hammer', 'Hammer', 'QR-TOOL010', 2, '2025-04-29 14:46:46', '2025-04-29 14:46:46'),
(34, 'Nails (1kg Box)', 'Nails (1kg Box)', 'QR-NAIL002', 2, '2025-04-29 14:46:46', '2025-04-29 14:46:46'),
(35, 'Measuring Tape', 'Measuring Tape', 'QR-TAPE001', 2, '2025-04-29 14:46:46', '2025-04-29 14:46:46'),
(36, 'Bowler Hat', 'Bowler Hat', 'QR-HAT001', 2, '2025-04-29 14:46:46', '2025-04-29 14:46:46'),
(37, 'Walking Cane', 'Walking Cane', 'QR-CANE001', 2, '2025-04-29 14:46:46', '2025-04-29 14:46:46');

-- --------------------------------------------------------

--
-- Table structure for table `ProductTracking`
--

CREATE TABLE `ProductTracking` (
  `id` int(11) NOT NULL,
  `product_id` int(11) NOT NULL,
  `rider_id` int(11) NOT NULL,
  `company_id` int(11) NOT NULL,
  `picked_quantity` int(11) DEFAULT 0,
  `missing_quantity` int(11) NOT NULL,
  `delivered_quantity` int(11) DEFAULT 0,
  `picked_at` timestamp NULL DEFAULT NULL,
  `delivered_at` timestamp NULL DEFAULT NULL,
  `created_at` timestamp NULL DEFAULT current_timestamp(),
  `updated_at` timestamp NULL DEFAULT current_timestamp() ON UPDATE current_timestamp()
) ENGINE=InnoDB DEFAULT CHARSET=utf8mb4 COLLATE=utf8mb4_unicode_ci;

--
-- Dumping data for table `ProductTracking`
--

INSERT INTO `ProductTracking` (`id`, `product_id`, `rider_id`, `company_id`, `picked_quantity`, `missing_quantity`, `delivered_quantity`, `picked_at`, `delivered_at`, `created_at`, `updated_at`) VALUES
(76, 3, 15, 2, 1, 0, NULL, '2025-01-13 14:29:18', NULL, '2025-01-13 14:29:18', '2025-01-13 14:29:18'),
(77, 22, 15, 2, 1, 1, NULL, '2025-01-13 14:29:18', NULL, '2025-01-13 14:29:18', '2025-01-13 14:29:18'),
(78, 3, 15, 2, 0, 4, NULL, '2025-01-14 13:04:20', NULL, '2025-01-14 13:04:20', '2025-01-14 13:04:20'),
(79, 2, 15, 2, 0, 2, NULL, '2025-01-14 13:04:20', NULL, '2025-01-14 13:04:20', '2025-01-14 13:04:20'),
(80, 22, 15, 2, 1, 2, NULL, '2025-01-14 13:04:20', NULL, '2025-01-14 13:04:20', '2025-01-14 13:04:20'),
(81, 23, 15, 2, 17, 0, NULL, '2025-01-14 13:04:20', NULL, '2025-01-14 13:04:20', '2025-01-14 13:04:20'),
(82, 3, 15, 2, 0, 4, NULL, '2025-01-16 10:19:34', NULL, '2025-01-16 10:19:34', '2025-01-16 10:19:34'),
(83, 22, 15, 2, 0, 3, NULL, '2025-01-16 10:19:34', NULL, '2025-01-16 10:19:34', '2025-01-16 10:19:34'),
(84, 23, 15, 2, 1, 16, NULL, '2025-01-16 10:19:34', NULL, '2025-01-16 10:19:34', '2025-01-16 10:19:34'),
(85, 2, 15, 2, 0, 2, NULL, '2025-01-16 10:19:34', NULL, '2025-01-16 10:19:34', '2025-01-16 10:19:34'),
(86, 3, 15, 2, 0, 4, NULL, '2025-01-16 10:45:33', NULL, '2025-01-16 10:45:33', '2025-01-16 10:45:33'),
(87, 2, 15, 2, 0, 2, NULL, '2025-01-16 10:45:33', NULL, '2025-01-16 10:45:33', '2025-01-16 10:45:33'),
(88, 22, 15, 2, 0, 3, NULL, '2025-01-16 10:45:33', NULL, '2025-01-16 10:45:33', '2025-01-16 10:45:33'),
(89, 23, 15, 2, 1, 16, NULL, '2025-01-16 10:45:33', NULL, '2025-01-16 10:45:33', '2025-01-16 10:45:33'),
(90, 3, 15, 2, 0, 4, NULL, '2025-01-16 10:46:50', NULL, '2025-01-16 10:46:50', '2025-01-16 10:46:50'),
(91, 2, 15, 2, 0, 2, NULL, '2025-01-16 10:46:50', NULL, '2025-01-16 10:46:50', '2025-01-16 10:46:50'),
(92, 22, 15, 2, 0, 3, NULL, '2025-01-16 10:46:50', NULL, '2025-01-16 10:46:50', '2025-01-16 10:46:50'),
(93, 23, 15, 2, 1, 16, NULL, '2025-01-16 10:46:50', NULL, '2025-01-16 10:46:50', '2025-01-16 10:46:50'),
(94, 3, 15, 2, 0, 4, NULL, '2025-01-16 10:54:08', NULL, '2025-01-16 10:54:08', '2025-01-16 10:54:08'),
(95, 2, 15, 2, 0, 2, NULL, '2025-01-16 10:54:08', NULL, '2025-01-16 10:54:08', '2025-01-16 10:54:08'),
(96, 22, 15, 2, 0, 3, NULL, '2025-01-16 10:54:08', NULL, '2025-01-16 10:54:08', '2025-01-16 10:54:08'),
(97, 23, 15, 2, 1, 16, NULL, '2025-01-16 10:54:08', NULL, '2025-01-16 10:54:08', '2025-01-16 10:54:08'),
(98, 3, 15, 2, 0, 4, NULL, '2025-01-16 10:59:04', NULL, '2025-01-16 10:59:04', '2025-01-16 10:59:04'),
(99, 2, 15, 2, 0, 2, NULL, '2025-01-16 10:59:04', NULL, '2025-01-16 10:59:04', '2025-01-16 10:59:04'),
(100, 22, 15, 2, 0, 3, NULL, '2025-01-16 10:59:04', NULL, '2025-01-16 10:59:04', '2025-01-16 10:59:04'),
(101, 23, 15, 2, 1, 16, NULL, '2025-01-16 10:59:04', NULL, '2025-01-16 10:59:04', '2025-01-16 10:59:04'),
(102, 3, 15, 2, 0, 4, NULL, '2025-01-16 11:03:19', NULL, '2025-01-16 11:03:19', '2025-01-16 11:03:19'),
(103, 2, 15, 2, 0, 2, NULL, '2025-01-16 11:03:19', NULL, '2025-01-16 11:03:19', '2025-01-16 11:03:19'),
(104, 22, 15, 2, 0, 3, NULL, '2025-01-16 11:03:19', NULL, '2025-01-16 11:03:19', '2025-01-16 11:03:19'),
(105, 23, 15, 2, 5, 12, NULL, '2025-01-16 11:03:19', NULL, '2025-01-16 11:03:19', '2025-01-16 11:03:19'),
(106, 3, 15, 2, 0, 1, NULL, '2025-01-16 15:19:17', NULL, '2025-01-16 15:19:17', '2025-01-16 15:19:17'),
(107, 22, 15, 2, 0, 3, NULL, '2025-01-16 15:19:17', NULL, '2025-01-16 15:19:17', '2025-01-16 15:19:17'),
(108, 23, 15, 2, 1, 0, NULL, '2025-01-16 15:19:17', NULL, '2025-01-16 15:19:17', '2025-01-16 15:19:17'),
(109, 3, 15, 2, 0, 1, NULL, '2025-01-16 15:20:19', NULL, '2025-01-16 15:20:19', '2025-01-16 15:20:19'),
(110, 22, 15, 2, 0, 3, NULL, '2025-01-16 15:20:19', NULL, '2025-01-16 15:20:19', '2025-01-16 15:20:19'),
(111, 23, 15, 2, 0, 17, NULL, '2025-01-16 15:20:19', NULL, '2025-01-16 15:20:19', '2025-01-16 15:20:19'),
(112, 3, 15, 2, 0, 1, NULL, '2025-01-16 15:21:47', NULL, '2025-01-16 15:21:47', '2025-01-16 15:21:47'),
(113, 22, 15, 2, 0, 3, NULL, '2025-01-16 15:21:47', NULL, '2025-01-16 15:21:47', '2025-01-16 15:21:47'),
(114, 23, 15, 2, 0, 0, NULL, '2025-01-16 15:21:47', NULL, '2025-01-16 15:21:47', '2025-01-16 15:21:47'),
(115, 3, 15, 2, 0, 1, NULL, '2025-01-16 15:23:45', NULL, '2025-01-16 15:23:45', '2025-01-16 15:23:45'),
(116, 22, 15, 2, 0, 3, NULL, '2025-01-16 15:23:45', NULL, '2025-01-16 15:23:45', '2025-01-16 15:23:45'),
(117, 23, 15, 2, 0, 0, NULL, '2025-01-16 15:23:45', NULL, '2025-01-16 15:23:45', '2025-01-16 15:23:45'),
(118, 3, 15, 2, 0, 1, NULL, '2025-01-16 15:32:11', NULL, '2025-01-16 15:32:11', '2025-01-16 15:32:11'),
(119, 22, 15, 2, 0, 3, NULL, '2025-01-16 15:32:11', NULL, '2025-01-16 15:32:11', '2025-01-16 15:32:11'),
(120, 23, 15, 2, 0, 0, NULL, '2025-01-16 15:32:11', NULL, '2025-01-16 15:32:11', '2025-01-16 15:32:11'),
(121, 3, 15, 2, 0, 1, NULL, '2025-01-16 15:40:30', NULL, '2025-01-16 15:40:30', '2025-01-16 15:40:30'),
(122, 22, 15, 2, 0, 3, NULL, '2025-01-16 15:40:30', NULL, '2025-01-16 15:40:30', '2025-01-16 15:40:30'),
(123, 23, 15, 2, 0, 0, NULL, '2025-01-16 15:40:30', NULL, '2025-01-16 15:40:30', '2025-01-16 15:40:30'),
(124, 3, 15, 2, 0, 1, NULL, '2025-01-16 15:43:47', NULL, '2025-01-16 15:43:47', '2025-01-16 15:43:47'),
(125, 22, 15, 2, 0, 3, NULL, '2025-01-16 15:43:47', NULL, '2025-01-16 15:43:47', '2025-01-16 15:43:47'),
(126, 23, 15, 2, 0, 0, NULL, '2025-01-16 15:43:47', NULL, '2025-01-16 15:43:47', '2025-01-16 15:43:47'),
(127, 3, 15, 2, 0, 1, NULL, '2025-01-16 15:52:02', NULL, '2025-01-16 15:52:02', '2025-01-16 15:52:02'),
(128, 22, 15, 2, 0, 0, NULL, '2025-01-16 15:52:02', NULL, '2025-01-16 15:52:02', '2025-01-16 15:52:02'),
(129, 23, 15, 2, 0, 0, NULL, '2025-01-17 10:07:08', NULL, '2025-01-17 10:07:08', '2025-01-17 10:07:08'),
(130, 3, 15, 2, 0, 2, NULL, '2025-01-17 10:07:08', NULL, '2025-01-17 10:07:08', '2025-01-17 10:07:08'),
(131, 3, 15, 2, 0, 1, NULL, '2025-01-17 11:12:05', NULL, '2025-01-17 11:12:05', '2025-01-17 11:12:05'),
(132, 23, 15, 2, 3, 0, NULL, '2025-01-17 11:22:13', NULL, '2025-01-17 11:22:13', '2025-01-17 11:22:13'),
(133, 3, 15, 2, 0, 2, NULL, '2025-01-17 11:22:13', NULL, '2025-01-17 11:22:13', '2025-01-17 11:22:13'),
(134, 23, 15, 2, 3, 0, NULL, '2025-01-17 11:29:57', NULL, '2025-01-17 11:29:57', '2025-01-17 11:29:57'),
(135, 3, 15, 2, 2, 0, NULL, '2025-01-17 11:29:57', NULL, '2025-01-17 11:29:57', '2025-01-17 11:29:57'),
(136, 23, 15, 2, 0, 0, NULL, '2025-01-17 11:34:41', NULL, '2025-01-17 11:34:41', '2025-01-17 11:34:41'),
(137, 3, 15, 2, 0, 0, NULL, '2025-01-17 11:34:41', NULL, '2025-01-17 11:34:41', '2025-01-17 11:34:41'),
(138, 23, 15, 2, 2, 0, NULL, '2025-01-17 11:36:11', NULL, '2025-01-17 11:36:11', '2025-01-17 11:36:11'),
(139, 3, 15, 2, 0, 2, NULL, '2025-01-17 11:36:11', NULL, '2025-01-17 11:36:11', '2025-01-17 11:36:11'),
(140, 23, 15, 2, 1, 0, NULL, '2025-01-17 11:40:23', NULL, '2025-01-17 11:40:23', '2025-01-17 11:40:23'),
(141, 3, 15, 2, 0, 2, NULL, '2025-01-17 11:40:23', NULL, '2025-01-17 11:40:23', '2025-01-17 11:40:23'),
(142, 23, 15, 2, 1, 0, NULL, '2025-01-17 11:44:53', NULL, '2025-01-17 11:44:53', '2025-01-17 11:44:53'),
(143, 3, 15, 2, 0, 2, NULL, '2025-01-17 11:44:53', NULL, '2025-01-17 11:44:53', '2025-01-17 11:44:53'),
(144, 23, 15, 2, 1, 0, NULL, '2025-01-17 11:48:37', NULL, '2025-01-17 11:48:37', '2025-01-17 11:48:37'),
(145, 3, 15, 2, 0, 2, NULL, '2025-01-17 11:48:37', NULL, '2025-01-17 11:48:37', '2025-01-17 11:48:37'),
(146, 3, 15, 2, 0, 1, NULL, '2025-01-17 11:50:22', NULL, '2025-01-17 11:50:22', '2025-01-17 11:50:22'),
(147, 22, 15, 2, 0, 3, NULL, '2025-01-17 11:50:22', NULL, '2025-01-17 11:50:22', '2025-01-17 11:50:22'),
(148, 23, 15, 2, 1, 0, NULL, '2025-01-17 11:50:22', NULL, '2025-01-17 11:50:22', '2025-01-17 11:50:22'),
(149, 23, 15, 2, 1, 0, NULL, '2025-01-17 11:58:13', NULL, '2025-01-17 11:58:13', '2025-01-17 11:58:13'),
(150, 3, 15, 2, 0, 2, NULL, '2025-01-17 11:58:13', NULL, '2025-01-17 11:58:13', '2025-01-17 11:58:13'),
(151, 23, 15, 2, 1, 0, NULL, '2025-01-17 12:29:02', NULL, '2025-01-17 12:29:02', '2025-01-17 12:29:02'),
(152, 3, 15, 2, 0, 2, NULL, '2025-01-17 12:29:02', NULL, '2025-01-17 12:29:02', '2025-01-17 12:29:02'),
(153, 23, 15, 2, 1, 0, NULL, '2025-01-17 12:53:01', NULL, '2025-01-17 12:53:01', '2025-01-17 12:53:01'),
(154, 3, 15, 2, 0, 2, NULL, '2025-01-17 12:53:01', NULL, '2025-01-17 12:53:01', '2025-01-17 12:53:01'),
(155, 3, 15, 2, 1, 0, NULL, '2025-01-17 12:59:16', NULL, '2025-01-17 12:59:16', '2025-01-17 12:59:16'),
(156, 3, 15, 2, 0, 1, NULL, '2025-01-17 13:41:17', NULL, '2025-01-17 13:41:17', '2025-01-17 13:41:17'),
(157, 22, 15, 2, 0, 3, NULL, '2025-01-17 13:41:17', NULL, '2025-01-17 13:41:17', '2025-01-17 13:41:17'),
(158, 23, 15, 2, 1, 0, NULL, '2025-01-17 13:41:17', NULL, '2025-01-17 13:41:17', '2025-01-17 13:41:17'),
(159, 3, 15, 2, 1, 0, NULL, '2025-01-17 13:41:42', NULL, '2025-01-17 13:41:42', '2025-01-17 13:41:42'),
(160, 22, 15, 2, 0, 3, NULL, '2025-01-17 13:41:42', NULL, '2025-01-17 13:41:42', '2025-01-17 13:41:42'),
(161, 23, 15, 2, 17, 0, NULL, '2025-01-17 13:41:42', NULL, '2025-01-17 13:41:42', '2025-01-17 13:41:42'),
(162, 3, 15, 2, 1, 0, NULL, '2025-01-18 06:27:52', NULL, '2025-01-18 06:27:52', '2025-01-18 06:27:52'),
(163, 3, 15, 2, 1, 0, NULL, '2025-01-18 06:37:26', NULL, '2025-01-18 06:37:26', '2025-01-18 06:37:26'),
(164, 22, 15, 2, 2, 0, NULL, '2025-01-18 06:37:26', NULL, '2025-01-18 06:37:26', '2025-01-18 06:37:26'),
(165, 3, 15, 2, 0, 0, NULL, '2025-01-18 07:07:54', NULL, '2025-01-18 07:07:54', '2025-01-18 07:07:54'),
(166, 22, 15, 2, 0, 0, NULL, '2025-01-18 07:07:54', NULL, '2025-01-18 07:07:54', '2025-01-18 07:07:54'),
(167, 3, 15, 2, 1, 0, NULL, '2025-01-18 07:23:39', NULL, '2025-01-18 07:23:39', '2025-01-18 07:23:39'),
(168, 22, 15, 2, 2, 0, NULL, '2025-01-18 07:23:39', NULL, '2025-01-18 07:23:39', '2025-01-18 07:23:39'),
(169, 3, 15, 2, 0, 0, NULL, '2025-01-18 18:51:02', NULL, '2025-01-18 18:51:02', '2025-01-18 18:51:02'),
(170, 2, 15, 2, 1, 0, NULL, '2025-01-18 18:51:02', NULL, '2025-01-18 18:51:02', '2025-01-18 18:51:02'),
(171, 3, 15, 2, 1, 0, NULL, '2025-01-18 19:14:33', NULL, '2025-01-18 19:14:33', '2025-01-18 19:14:33'),
(172, 23, 15, 2, 1, 0, NULL, '2025-01-18 19:14:33', NULL, '2025-01-18 19:14:33', '2025-01-18 19:14:33'),
(173, 3, 15, 2, 1, 0, NULL, '2025-01-18 19:23:13', NULL, '2025-01-18 19:23:13', '2025-01-18 19:23:13'),
(174, 23, 15, 2, 1, 0, NULL, '2025-01-18 19:23:13', NULL, '2025-01-18 19:23:13', '2025-01-18 19:23:13'),
(175, 3, 15, 2, 1, 0, NULL, '2025-01-18 19:34:12', NULL, '2025-01-18 19:34:12', '2025-01-18 19:34:12'),
(176, 23, 15, 2, 1, 0, NULL, '2025-01-18 19:34:12', NULL, '2025-01-18 19:34:12', '2025-01-18 19:34:12'),
(177, 3, 15, 2, 1, 0, NULL, '2025-01-18 19:44:55', NULL, '2025-01-18 19:44:55', '2025-01-18 19:44:55'),
(178, 23, 15, 2, 1, 0, NULL, '2025-01-18 19:44:55', NULL, '2025-01-18 19:44:55', '2025-01-18 19:44:55'),
(179, 3, 15, 2, 0, 1, NULL, '2025-01-18 19:57:01', NULL, '2025-01-18 19:57:01', '2025-01-18 19:57:01'),
(180, 23, 15, 2, 1, 0, NULL, '2025-01-18 19:57:01', NULL, '2025-01-18 19:57:01', '2025-01-18 19:57:01'),
(181, 3, 16, 2, 0, 1, NULL, '2025-01-18 20:02:00', NULL, '2025-01-18 20:02:00', '2025-01-18 20:02:00'),
(182, 23, 16, 2, 1, 0, NULL, '2025-01-18 20:02:00', NULL, '2025-01-18 20:02:00', '2025-01-18 20:02:00'),
(183, 3, 16, 2, 0, 1, NULL, '2025-01-18 20:11:11', NULL, '2025-01-18 20:11:11', '2025-01-18 20:11:11'),
(184, 23, 16, 2, 1, 0, NULL, '2025-01-18 20:11:11', NULL, '2025-01-18 20:11:11', '2025-01-18 20:11:11'),
(185, 3, 16, 2, 0, 1, NULL, '2025-01-18 20:13:50', NULL, '2025-01-18 20:13:50', '2025-01-18 20:13:50'),
(186, 23, 16, 2, 1, 0, NULL, '2025-01-18 20:13:50', NULL, '2025-01-18 20:13:50', '2025-01-18 20:13:50'),
(187, 23, 15, 2, 0, 0, NULL, '2025-01-18 20:25:01', NULL, '2025-01-18 20:25:01', '2025-01-18 20:25:01'),
(188, 3, 15, 2, 0, 1, NULL, '2025-01-18 20:25:01', NULL, '2025-01-18 20:25:01', '2025-01-18 20:25:01'),
(189, 3, 15, 2, 0, 1, NULL, '2025-01-18 20:38:45', NULL, '2025-01-18 20:38:45', '2025-01-18 20:38:45'),
(190, 23, 15, 2, 1, 0, NULL, '2025-01-18 20:38:45', NULL, '2025-01-18 20:38:45', '2025-01-18 20:38:45'),
(191, 3, 15, 2, 0, 1, NULL, '2025-01-18 20:45:02', NULL, '2025-01-18 20:45:02', '2025-01-18 20:45:02'),
(192, 23, 15, 2, 1, 0, NULL, '2025-01-18 20:45:02', NULL, '2025-01-18 20:45:02', '2025-01-18 20:45:02'),
(193, 3, 15, 2, 0, 1, NULL, '2025-01-18 21:01:10', NULL, '2025-01-18 21:01:10', '2025-01-18 21:01:10'),
(194, 23, 15, 2, 1, 0, NULL, '2025-01-18 21:01:10', NULL, '2025-01-18 21:01:10', '2025-01-18 21:01:10'),
(195, 3, 15, 2, 0, 1, NULL, '2025-01-18 21:04:09', NULL, '2025-01-18 21:04:09', '2025-01-18 21:04:09'),
(196, 23, 15, 2, 1, 0, NULL, '2025-01-18 21:04:09', NULL, '2025-01-18 21:04:09', '2025-01-18 21:04:09'),
(197, 3, 15, 2, 0, 1, NULL, '2025-01-18 21:11:24', NULL, '2025-01-18 21:11:24', '2025-01-18 21:11:24'),
(198, 23, 15, 2, 1, 0, NULL, '2025-01-18 21:11:24', NULL, '2025-01-18 21:11:24', '2025-01-18 21:11:24'),
(199, 3, 15, 2, 0, 1, NULL, '2025-01-19 07:54:54', NULL, '2025-01-19 07:54:54', '2025-01-19 07:54:54'),
(200, 23, 15, 2, 1, 0, NULL, '2025-01-19 07:54:54', NULL, '2025-01-19 07:54:54', '2025-01-19 07:54:54'),
(201, 3, 15, 2, 0, 2, NULL, '2025-01-19 08:41:03', NULL, '2025-01-19 08:41:03', '2025-01-19 08:41:03'),
(202, 23, 15, 2, 1, 0, NULL, '2025-01-19 08:41:03', NULL, '2025-01-19 08:41:03', '2025-01-19 08:41:03'),
(203, 3, 15, 2, 0, 2, NULL, '2025-01-19 09:19:30', NULL, '2025-01-19 09:19:30', '2025-01-19 09:19:30'),
(204, 23, 15, 2, 1, 0, NULL, '2025-01-19 09:19:30', NULL, '2025-01-19 09:19:30', '2025-01-19 09:19:30'),
(205, 3, 16, 2, 0, 2, NULL, '2025-01-19 14:02:05', NULL, '2025-01-19 14:02:05', '2025-01-19 14:02:05'),
(206, 23, 16, 2, 1, 0, NULL, '2025-01-19 14:02:05', NULL, '2025-01-19 14:02:05', '2025-01-19 14:02:05'),
(207, 3, 16, 2, 0, 2, NULL, '2025-01-19 14:34:15', NULL, '2025-01-19 14:34:15', '2025-01-19 14:34:15'),
(208, 23, 16, 2, 1, 0, NULL, '2025-01-19 14:34:15', NULL, '2025-01-19 14:34:15', '2025-01-19 14:34:15'),
(209, 3, 16, 2, 0, 2, NULL, '2025-01-19 21:39:50', NULL, '2025-01-19 21:39:50', '2025-01-19 21:39:50'),
(210, 23, 16, 2, 1, 0, NULL, '2025-01-19 21:39:50', NULL, '2025-01-19 21:39:50', '2025-01-19 21:39:50'),
(211, 23, 16, 2, 0, 0, NULL, '2025-01-19 22:14:56', NULL, '2025-01-19 22:14:56', '2025-01-19 22:14:56'),
(212, 3, 16, 2, 0, 2, NULL, '2025-01-19 22:14:56', NULL, '2025-01-19 22:14:56', '2025-01-19 22:14:56'),
(213, 23, 16, 2, 3, 0, NULL, '2025-01-19 22:16:28', NULL, '2025-01-19 22:16:28', '2025-01-19 22:16:28'),
(214, 3, 16, 2, 0, 0, NULL, '2025-01-19 22:16:28', NULL, '2025-01-19 22:16:28', '2025-01-19 22:16:28'),
(215, 3, 16, 2, 2, 0, NULL, '2025-01-19 22:29:58', NULL, '2025-01-19 22:29:58', '2025-01-19 22:29:58'),
(216, 23, 16, 2, 3, 0, NULL, '2025-01-19 22:29:58', NULL, '2025-01-19 22:29:58', '2025-01-19 22:29:58'),
(217, 23, 16, 2, 1, 2, NULL, '2025-01-19 22:37:43', NULL, '2025-01-19 22:37:43', '2025-01-19 22:37:43'),
(218, 3, 16, 2, 0, 2, NULL, '2025-01-19 22:37:43', NULL, '2025-01-19 22:37:43', '2025-01-19 22:37:43'),
(219, 23, 16, 2, 3, 0, NULL, '2025-01-19 22:39:17', NULL, '2025-01-19 22:39:17', '2025-01-19 22:39:17'),
(220, 3, 16, 2, 2, 0, NULL, '2025-01-19 22:39:17', NULL, '2025-01-19 22:39:17', '2025-01-19 22:39:17'),
(221, 23, 16, 2, 3, 0, NULL, '2025-01-19 22:50:51', NULL, '2025-01-19 22:50:51', '2025-01-19 22:50:51'),
(222, 3, 16, 2, 2, 0, NULL, '2025-01-19 22:50:51', NULL, '2025-01-19 22:50:51', '2025-01-19 22:50:51'),
(223, 23, 16, 2, 3, 0, NULL, '2025-01-19 22:53:06', NULL, '2025-01-19 22:53:06', '2025-01-19 22:53:06'),
(224, 3, 16, 2, 2, 0, NULL, '2025-01-19 22:53:06', NULL, '2025-01-19 22:53:06', '2025-01-19 22:53:06'),
(225, 3, 16, 2, 2, 0, NULL, '2025-01-19 23:22:11', NULL, '2025-01-19 23:22:11', '2025-01-19 23:22:11'),
(226, 23, 16, 2, 3, 0, NULL, '2025-01-19 23:22:11', NULL, '2025-01-19 23:22:11', '2025-01-19 23:22:11'),
(227, 3, 16, 2, 1, 0, NULL, '2025-01-19 23:37:25', NULL, '2025-01-19 23:37:25', '2025-01-19 23:37:25'),
(228, 3, 16, 2, 1, 0, NULL, '2025-01-19 23:42:02', NULL, '2025-01-19 23:42:02', '2025-01-19 23:42:02'),
(229, 3, 15, 2, 2, 0, NULL, '2025-01-20 09:45:30', NULL, '2025-01-20 09:45:30', '2025-01-20 09:45:30'),
(230, 23, 15, 2, 2, 2, NULL, '2025-01-20 09:45:30', NULL, '2025-01-20 09:45:30', '2025-01-20 09:45:30'),
(231, 3, 15, 2, 1, 2, NULL, '2025-01-20 09:45:30', NULL, '2025-01-20 09:45:30', '2025-01-20 09:45:30'),
(232, 3, 15, 2, 2, 0, NULL, '2025-01-20 09:47:42', NULL, '2025-01-20 09:47:42', '2025-01-20 09:47:42'),
(233, 23, 15, 2, 1, 3, NULL, '2025-01-20 09:47:42', NULL, '2025-01-20 09:47:42', '2025-01-20 09:47:42'),
(234, 3, 15, 2, 0, 3, NULL, '2025-01-20 09:47:42', NULL, '2025-01-20 09:47:42', '2025-01-20 09:47:42'),
(235, 3, 15, 2, 0, 1, NULL, '2025-01-20 10:05:38', NULL, '2025-01-20 10:05:38', '2025-01-20 10:05:38'),
(236, 23, 15, 2, 2, 0, NULL, '2025-01-20 10:05:38', NULL, '2025-01-20 10:05:38', '2025-01-20 10:05:38'),
(237, 3, 15, 2, 0, 1, NULL, '2025-01-20 10:09:00', NULL, '2025-01-20 10:09:00', '2025-01-20 10:09:00'),
(238, 23, 15, 2, 1, 1, NULL, '2025-01-20 10:09:00', NULL, '2025-01-20 10:09:00', '2025-01-20 10:09:00'),
(239, 3, 15, 2, 0, 1, NULL, '2025-01-20 10:11:30', NULL, '2025-01-20 10:11:30', '2025-01-20 10:11:30'),
(240, 23, 15, 2, 2, 0, NULL, '2025-01-20 10:11:30', NULL, '2025-01-20 10:11:30', '2025-01-20 10:11:30'),
(241, 3, 15, 2, 0, 1, NULL, '2025-01-20 11:37:54', NULL, '2025-01-20 11:37:54', '2025-01-20 11:37:54'),
(242, 23, 15, 2, 2, 0, NULL, '2025-01-20 11:37:55', NULL, '2025-01-20 11:37:55', '2025-01-20 11:37:55'),
(243, 2, 15, 2, 3, 0, NULL, '2025-01-20 23:37:05', NULL, '2025-01-20 23:37:05', '2025-01-20 23:37:05'),
(244, 22, 15, 2, 1, 0, NULL, '2025-01-20 23:37:05', NULL, '2025-01-20 23:37:05', '2025-01-20 23:37:05'),
(245, 23, 15, 2, 1, 0, NULL, '2025-01-20 23:37:05', NULL, '2025-01-20 23:37:05', '2025-01-20 23:37:05'),
(246, 2, 15, 2, 0, 3, NULL, '2025-01-21 06:26:19', NULL, '2025-01-21 06:26:19', '2025-01-21 06:26:19'),
(247, 22, 15, 2, 1, 0, NULL, '2025-01-21 06:26:19', NULL, '2025-01-21 06:26:19', '2025-01-21 06:26:19'),
(248, 23, 15, 2, 1, 0, NULL, '2025-01-21 06:26:19', NULL, '2025-01-21 06:26:19', '2025-01-21 06:26:19'),
(249, 22, 15, 2, 1, 0, NULL, '2025-01-21 13:04:06', NULL, '2025-01-21 13:04:06', '2025-01-21 13:04:06'),
(250, 22, 15, 2, 3, 0, NULL, '2025-01-21 13:04:06', NULL, '2025-01-21 13:04:06', '2025-01-21 13:04:06'),
(251, 23, 15, 2, 8, 9, NULL, '2025-01-21 13:04:06', NULL, '2025-01-21 13:04:06', '2025-01-21 13:04:06'),
(252, 22, 15, 2, 1, 0, NULL, '2025-01-21 13:30:24', NULL, '2025-01-21 13:30:24', '2025-01-21 13:30:24'),
(253, 22, 15, 2, 2, 1, NULL, '2025-01-21 13:30:24', NULL, '2025-01-21 13:30:24', '2025-01-21 13:30:24'),
(254, 23, 15, 2, 7, 10, NULL, '2025-01-21 13:30:24', NULL, '2025-01-21 13:30:24', '2025-01-21 13:30:24'),
(255, 22, 15, 2, 3, 0, NULL, '2025-01-21 13:33:57', NULL, '2025-01-21 13:33:57', '2025-01-21 13:33:57'),
(256, 23, 15, 2, 1, 16, NULL, '2025-01-21 13:33:57', NULL, '2025-01-21 13:33:57', '2025-01-21 13:33:57'),
(257, 22, 15, 2, 1, 0, NULL, '2025-01-21 13:33:57', NULL, '2025-01-21 13:33:57', '2025-01-21 13:33:57'),
(258, 22, 15, 2, 1, 0, NULL, '2025-01-21 13:38:46', NULL, '2025-01-21 13:38:46', '2025-01-21 13:38:46'),
(259, 22, 15, 2, 1, 2, NULL, '2025-01-21 13:38:46', NULL, '2025-01-21 13:38:46', '2025-01-21 13:38:46'),
(260, 23, 15, 2, 5, 12, NULL, '2025-01-21 13:38:46', NULL, '2025-01-21 13:38:46', '2025-01-21 13:38:46'),
(261, 22, 15, 2, 1, 0, NULL, '2025-01-21 14:00:39', NULL, '2025-01-21 14:00:39', '2025-01-21 14:00:39'),
(262, 22, 15, 2, 1, 2, NULL, '2025-01-21 14:00:39', NULL, '2025-01-21 14:00:39', '2025-01-21 14:00:39'),
(263, 23, 15, 2, 1, 16, NULL, '2025-01-21 14:00:39', NULL, '2025-01-21 14:00:39', '2025-01-21 14:00:39'),
(264, 22, 15, 2, 1, 0, NULL, '2025-01-21 14:05:48', NULL, '2025-01-21 14:05:48', '2025-01-21 14:05:48'),
(265, 22, 15, 2, 1, 2, NULL, '2025-01-21 14:05:48', NULL, '2025-01-21 14:05:48', '2025-01-21 14:05:48'),
(266, 23, 15, 2, 1, 16, NULL, '2025-01-21 14:05:48', NULL, '2025-01-21 14:05:48', '2025-01-21 14:05:48'),
(267, 22, 15, 2, 1, 2, NULL, '2025-01-21 14:26:50', NULL, '2025-01-21 14:26:50', '2025-01-21 14:26:50'),
(268, 23, 15, 2, 1, 16, NULL, '2025-01-21 14:26:50', NULL, '2025-01-21 14:26:50', '2025-01-21 14:26:50'),
(269, 22, 15, 2, 0, 1, NULL, '2025-01-21 14:26:50', NULL, '2025-01-21 14:26:50', '2025-01-21 14:26:50'),
(270, 22, 15, 2, 1, 0, NULL, '2025-01-21 14:32:47', NULL, '2025-01-21 14:32:47', '2025-01-21 14:32:47'),
(271, 22, 15, 2, 1, 2, NULL, '2025-01-21 14:32:47', NULL, '2025-01-21 14:32:47', '2025-01-21 14:32:47'),
(272, 23, 15, 2, 1, 16, NULL, '2025-01-21 14:32:47', NULL, '2025-01-21 14:32:47', '2025-01-21 14:32:47'),
(273, 22, 15, 2, 1, 0, NULL, '2025-01-21 14:45:52', NULL, '2025-01-21 14:45:52', '2025-01-21 14:45:52'),
(274, 22, 15, 2, 1, 2, NULL, '2025-01-21 14:45:52', NULL, '2025-01-21 14:45:52', '2025-01-21 14:45:52'),
(275, 23, 15, 2, 1, 16, NULL, '2025-01-21 14:45:52', NULL, '2025-01-21 14:45:52', '2025-01-21 14:45:52'),
(276, 22, 15, 2, 3, 0, NULL, '2025-01-21 15:08:57', NULL, '2025-01-21 15:08:57', '2025-01-21 15:08:57'),
(277, 2, 15, 2, 0, 2, NULL, '2025-01-21 15:08:57', NULL, '2025-01-21 15:08:57', '2025-01-21 15:08:57'),
(278, 2, 15, 2, 0, 5, NULL, '2025-01-21 15:08:57', NULL, '2025-01-21 15:08:57', '2025-01-21 15:08:57'),
(279, 23, 15, 2, 2, 0, NULL, '2025-01-21 15:08:57', NULL, '2025-01-21 15:08:57', '2025-01-21 15:08:57'),
(280, 2, 15, 2, 0, 5, NULL, '2025-01-21 15:20:59', NULL, '2025-01-21 15:20:59', '2025-01-21 15:20:59'),
(281, 23, 15, 2, 2, 0, NULL, '2025-01-21 15:20:59', NULL, '2025-01-21 15:20:59', '2025-01-21 15:20:59'),
(282, 22, 15, 2, 3, 0, NULL, '2025-01-21 15:20:59', NULL, '2025-01-21 15:20:59', '2025-01-21 15:20:59'),
(283, 2, 15, 2, 0, 2, NULL, '2025-01-21 15:20:59', NULL, '2025-01-21 15:20:59', '2025-01-21 15:20:59'),
(284, 2, 15, 2, 0, 5, NULL, '2025-01-21 15:39:37', NULL, '2025-01-21 15:39:37', '2025-01-21 15:39:37'),
(285, 23, 15, 2, 0, 0, NULL, '2025-01-21 15:39:37', NULL, '2025-01-21 15:39:37', '2025-01-21 15:39:37'),
(286, 22, 15, 2, 0, 3, NULL, '2025-01-21 15:39:37', NULL, '2025-01-21 15:39:37', '2025-01-21 15:39:37'),
(287, 2, 15, 2, 0, 2, NULL, '2025-01-21 15:39:37', NULL, '2025-01-21 15:39:37', '2025-01-21 15:39:37'),
(288, 22, 15, 2, 0, 3, NULL, '2025-01-21 15:47:20', NULL, '2025-01-21 15:47:20', '2025-01-21 15:47:20'),
(289, 2, 15, 2, 0, 2, NULL, '2025-01-21 15:47:20', NULL, '2025-01-21 15:47:20', '2025-01-21 15:47:20'),
(290, 2, 15, 2, 0, 5, NULL, '2025-01-21 15:47:20', NULL, '2025-01-21 15:47:20', '2025-01-21 15:47:20'),
(291, 23, 15, 2, 1, 1, NULL, '2025-01-21 15:47:20', NULL, '2025-01-21 15:47:20', '2025-01-21 15:47:20'),
(292, 22, 15, 2, 1, 2, NULL, '2025-01-22 05:10:04', NULL, '2025-01-22 05:10:04', '2025-01-22 05:10:04'),
(293, 2, 15, 2, 0, 2, NULL, '2025-01-22 05:10:04', NULL, '2025-01-22 05:10:04', '2025-01-22 05:10:04'),
(294, 2, 15, 2, 0, 5, NULL, '2025-01-22 05:10:04', NULL, '2025-01-22 05:10:04', '2025-01-22 05:10:04'),
(295, 23, 15, 2, 1, 1, NULL, '2025-01-22 05:10:04', NULL, '2025-01-22 05:10:04', '2025-01-22 05:10:04'),
(296, 3, 15, 2, 4, 0, NULL, '2025-01-22 06:08:41', NULL, '2025-01-22 06:08:41', '2025-01-22 06:08:41'),
(297, 2, 15, 2, 0, 2, NULL, '2025-01-22 06:08:41', NULL, '2025-01-22 06:08:41', '2025-01-22 06:08:41'),
(298, 23, 15, 2, 2, 0, NULL, '2025-01-22 06:08:41', NULL, '2025-01-22 06:08:41', '2025-01-22 06:08:41'),
(299, 3, 15, 2, 1, 4, NULL, '2025-01-22 06:08:41', NULL, '2025-01-22 06:08:41', '2025-01-22 06:08:41'),
(300, 3, 15, 2, 4, 0, NULL, '2025-01-22 06:15:07', NULL, '2025-01-22 06:15:07', '2025-01-22 06:15:07'),
(301, 2, 15, 2, 0, 2, NULL, '2025-01-22 06:15:07', NULL, '2025-01-22 06:15:07', '2025-01-22 06:15:07'),
(302, 23, 15, 2, 1, 1, NULL, '2025-01-22 06:15:07', NULL, '2025-01-22 06:15:07', '2025-01-22 06:15:07'),
(303, 3, 15, 2, 5, 0, NULL, '2025-01-22 06:15:07', NULL, '2025-01-22 06:15:07', '2025-01-22 06:15:07'),
(304, 3, 15, 2, 4, 0, NULL, '2025-01-22 06:24:36', NULL, '2025-01-22 06:24:36', '2025-01-22 06:24:36'),
(305, 2, 15, 2, 0, 2, NULL, '2025-01-22 06:24:36', NULL, '2025-01-22 06:24:36', '2025-01-22 06:24:36'),
(306, 23, 15, 2, 1, 1, NULL, '2025-01-22 06:24:36', NULL, '2025-01-22 06:24:36', '2025-01-22 06:24:36'),
(307, 3, 15, 2, 5, 0, NULL, '2025-01-22 06:24:36', NULL, '2025-01-22 06:24:36', '2025-01-22 06:24:36'),
(308, 3, 15, 2, 4, 0, NULL, '2025-01-22 06:31:25', NULL, '2025-01-22 06:31:25', '2025-01-22 06:31:25'),
(309, 2, 15, 2, 0, 2, NULL, '2025-01-22 06:31:25', NULL, '2025-01-22 06:31:25', '2025-01-22 06:31:25'),
(310, 23, 15, 2, 1, 1, NULL, '2025-01-22 06:31:25', NULL, '2025-01-22 06:31:25', '2025-01-22 06:31:25'),
(311, 3, 15, 2, 5, 0, NULL, '2025-01-22 06:31:25', NULL, '2025-01-22 06:31:25', '2025-01-22 06:31:25'),
(312, 3, 15, 2, 4, 0, NULL, '2025-01-22 06:39:01', NULL, '2025-01-22 06:39:01', '2025-01-22 06:39:01'),
(313, 2, 15, 2, 0, 2, NULL, '2025-01-22 06:39:01', NULL, '2025-01-22 06:39:01', '2025-01-22 06:39:01'),
(314, 23, 15, 2, 1, 1, NULL, '2025-01-22 06:39:01', NULL, '2025-01-22 06:39:01', '2025-01-22 06:39:01'),
(315, 3, 15, 2, 5, 0, NULL, '2025-01-22 06:39:01', NULL, '2025-01-22 06:39:01', '2025-01-22 06:39:01'),
(316, 3, 15, 2, 4, 0, NULL, '2025-01-22 06:44:30', NULL, '2025-01-22 06:44:30', '2025-01-22 06:44:30'),
(317, 2, 15, 2, 0, 2, NULL, '2025-01-22 06:44:30', NULL, '2025-01-22 06:44:30', '2025-01-22 06:44:30'),
(318, 23, 15, 2, 1, 1, NULL, '2025-01-22 06:44:30', NULL, '2025-01-22 06:44:30', '2025-01-22 06:44:30'),
(319, 3, 15, 2, 5, 0, NULL, '2025-01-22 06:44:30', NULL, '2025-01-22 06:44:30', '2025-01-22 06:44:30'),
(320, 3, 15, 2, 4, 0, NULL, '2025-01-22 06:55:48', NULL, '2025-01-22 06:55:48', '2025-01-22 06:55:48'),
(321, 2, 15, 2, 0, 2, NULL, '2025-01-22 06:55:48', NULL, '2025-01-22 06:55:48', '2025-01-22 06:55:48'),
(322, 23, 15, 2, 1, 1, NULL, '2025-01-22 06:55:48', NULL, '2025-01-22 06:55:48', '2025-01-22 06:55:48'),
(323, 3, 15, 2, 5, 0, NULL, '2025-01-22 06:55:48', NULL, '2025-01-22 06:55:48', '2025-01-22 06:55:48');

-- --------------------------------------------------------

--
-- Table structure for table `RiderCompanies`
--

CREATE TABLE `RiderCompanies` (
  `id` int(11) NOT NULL,
  `rider_id` int(11) NOT NULL,
  `company_id` int(11) NOT NULL,
  `is_active` tinyint(1) NOT NULL DEFAULT 1
) ENGINE=InnoDB DEFAULT CHARSET=utf8mb4 COLLATE=utf8mb4_general_ci;

--
-- Dumping data for table `RiderCompanies`
--

INSERT INTO `RiderCompanies` (`id`, `rider_id`, `company_id`, `is_active`) VALUES
(21, 28, 4, 1),
(24, 30, 5, 1),
(25, 28, 5, 1),
(26, 15, 5, 1),
(28, 15, 4, 1),
(30, 36, 2, 1),
(31, 30, 2, 1),
(32, 37, 2, 1),
(34, 15, 7, 1),
(35, 44, 5, 1),
(37, 47, 2, 1),
(38, 50, 10, 1),
(39, 51, 10, 1),
(40, 53, 12, 1);

-- --------------------------------------------------------

--
-- Table structure for table `RidersLocations`
--

CREATE TABLE `RidersLocations` (
  `id` int(11) NOT NULL,
  `rider_id` int(11) NOT NULL,
  `lat` decimal(9,6) NOT NULL,
  `lng` decimal(9,6) NOT NULL,
  `created_at` timestamp NOT NULL DEFAULT current_timestamp(),
  `updated_at` timestamp NOT NULL DEFAULT current_timestamp() ON UPDATE current_timestamp()
) ENGINE=InnoDB DEFAULT CHARSET=utf8mb4 COLLATE=utf8mb4_general_ci;

--
-- Dumping data for table `RidersLocations`
--

INSERT INTO `RidersLocations` (`id`, `rider_id`, `lat`, `lng`, `created_at`, `updated_at`) VALUES
(26, 16, 54.752906, -3.444868, '2024-12-23 09:01:49', '2024-12-23 09:01:49'),
(27, 18, 50.963523, -4.279269, '2024-12-23 09:01:49', '2024-12-23 09:01:49'),
(28, 15, 50.280308, 1.432249, '2024-12-23 09:01:52', '2024-12-23 09:01:52'),
(29, 16, 58.624755, -0.746216, '2024-12-23 09:01:52', '2024-12-23 09:01:52'),
(30, 18, 52.710795, -0.422613, '2024-12-23 09:01:52', '2024-12-23 09:01:52'),
(31, 15, 50.280308, 1.432249, '2024-12-23 09:01:52', '2024-12-23 09:01:52'),
(32, 16, 58.624755, -0.746216, '2024-12-23 09:01:52', '2024-12-23 09:01:52'),
(33, 18, 52.710795, -0.422613, '2024-12-23 09:01:52', '2024-12-23 09:01:52'),
(34, 15, 55.513478, -5.171171, '2024-12-23 09:01:55', '2024-12-23 09:01:55'),
(35, 16, 59.294637, -2.844400, '2024-12-23 09:01:55', '2024-12-23 09:01:55'),
(36, 18, 58.106261, -3.407516, '2024-12-23 09:01:55', '2024-12-23 09:01:55'),
(37, 15, 55.513478, -5.171171, '2024-12-23 09:01:55', '2024-12-23 09:01:55'),
(38, 16, 59.294637, -2.844400, '2024-12-23 09:01:55', '2024-12-23 09:01:55'),
(39, 18, 58.106261, -3.407516, '2024-12-23 09:01:55', '2024-12-23 09:01:55'),
(40, 15, 52.573065, -0.766469, '2024-12-23 09:01:58', '2024-12-23 09:01:58'),
(41, 16, 53.787963, 1.916385, '2024-12-23 09:01:58', '2024-12-23 09:01:58'),
(42, 18, 50.213416, -1.651183, '2024-12-23 09:01:58', '2024-12-23 09:01:58'),
(43, 15, 52.573065, -0.766469, '2024-12-23 09:01:58', '2024-12-23 09:01:58'),
(44, 16, 53.787963, 1.916385, '2024-12-23 09:01:58', '2024-12-23 09:01:58'),
(45, 18, 50.213416, -1.651183, '2024-12-23 09:01:58', '2024-12-23 09:01:58'),
(46, 15, 53.449273, -7.143033, '2024-12-23 09:02:09', '2024-12-23 09:02:09'),
(47, 16, 59.410225, -0.836573, '2024-12-23 09:02:09', '2024-12-23 09:02:09'),
(48, 18, 56.518972, -7.338492, '2024-12-23 09:02:09', '2024-12-23 09:02:09'),
(49, 15, 53.449273, -7.143033, '2024-12-23 09:02:09', '2024-12-23 09:02:09'),
(50, 16, 59.410225, -0.836573, '2024-12-23 09:02:09', '2024-12-23 09:02:09'),
(51, 18, 56.518972, -7.338492, '2024-12-23 09:02:09', '2024-12-23 09:02:09'),
(52, 15, 58.554005, 1.591671, '2024-12-23 09:02:12', '2024-12-23 09:02:12'),
(53, 16, 56.203104, -3.130178, '2024-12-23 09:02:12', '2024-12-23 09:02:12'),
(54, 18, 54.658730, -0.104349, '2024-12-23 09:02:12', '2024-12-23 09:02:12'),
(55, 15, 58.554005, 1.591671, '2024-12-23 09:02:12', '2024-12-23 09:02:12'),
(56, 16, 56.203104, -3.130178, '2024-12-23 09:02:12', '2024-12-23 09:02:12'),
(57, 18, 54.658730, -0.104349, '2024-12-23 09:02:12', '2024-12-23 09:02:12'),
(58, 15, 54.813987, -5.187898, '2024-12-23 09:02:29', '2024-12-23 09:02:29'),
(59, 16, 55.383082, -6.629418, '2024-12-23 09:02:29', '2024-12-23 09:02:29'),
(60, 18, 57.358597, -4.671257, '2024-12-23 09:02:29', '2024-12-23 09:02:29'),
(61, 15, 54.813987, -5.187898, '2024-12-23 09:02:29', '2024-12-23 09:02:29'),
(62, 16, 55.383082, -6.629418, '2024-12-23 09:02:29', '2024-12-23 09:02:29'),
(63, 18, 57.358597, -4.671257, '2024-12-23 09:02:29', '2024-12-23 09:02:29'),
(64, 15, 51.599154, -2.666618, '2024-12-23 09:02:33', '2024-12-23 09:02:33'),
(65, 16, 54.138896, 1.492288, '2024-12-23 09:02:33', '2024-12-23 09:02:33'),
(66, 18, 51.426350, -6.954337, '2024-12-23 09:02:33', '2024-12-23 09:02:33'),
(67, 15, 51.599154, -2.666618, '2024-12-23 09:02:33', '2024-12-23 09:02:33'),
(68, 16, 54.138896, 1.492288, '2024-12-23 09:02:33', '2024-12-23 09:02:33'),
(69, 18, 51.426350, -6.954337, '2024-12-23 09:02:33', '2024-12-23 09:02:33'),
(70, 15, 59.250719, -2.882594, '2024-12-23 09:03:06', '2024-12-23 09:03:06'),
(71, 16, 51.884337, -5.136326, '2024-12-23 09:03:06', '2024-12-23 09:03:06'),
(72, 18, 58.856355, -1.315188, '2024-12-23 09:03:06', '2024-12-23 09:03:06'),
(73, 15, 59.250719, -2.882594, '2024-12-23 09:03:06', '2024-12-23 09:03:06'),
(74, 16, 51.884337, -5.136326, '2024-12-23 09:03:06', '2024-12-23 09:03:06'),
(75, 18, 58.856355, -1.315188, '2024-12-23 09:03:06', '2024-12-23 09:03:06'),
(76, 15, 53.428273, -1.142762, '2024-12-23 09:03:35', '2024-12-23 09:03:35'),
(77, 16, 55.913122, -4.475331, '2024-12-23 09:03:35', '2024-12-23 09:03:35'),
(78, 18, 55.673855, -2.818412, '2024-12-23 09:03:35', '2024-12-23 09:03:35'),
(79, 15, 53.428273, -1.142762, '2024-12-23 09:03:35', '2024-12-23 09:03:35'),
(80, 16, 55.913122, -4.475331, '2024-12-23 09:03:35', '2024-12-23 09:03:35'),
(81, 18, 55.673855, -2.818412, '2024-12-23 09:03:35', '2024-12-23 09:03:35'),
(82, 15, 57.345402, -6.092329, '2024-12-23 09:04:42', '2024-12-23 09:04:42'),
(83, 16, 57.452100, -1.637585, '2024-12-23 09:04:42', '2024-12-23 09:04:42'),
(84, 18, 50.770118, -4.781677, '2024-12-23 09:04:42', '2024-12-23 09:04:42'),
(85, 15, 57.345402, -6.092329, '2024-12-23 09:04:42', '2024-12-23 09:04:42'),
(86, 16, 57.452100, -1.637585, '2024-12-23 09:04:43', '2024-12-23 09:04:43'),
(87, 18, 50.770118, -4.781677, '2024-12-23 09:04:43', '2024-12-23 09:04:43'),
(88, 15, 56.066947, -1.986285, '2024-12-23 09:04:47', '2024-12-23 09:04:47'),
(89, 16, 59.058456, -4.650363, '2024-12-23 09:04:47', '2024-12-23 09:04:47'),
(90, 18, 50.220214, -1.495901, '2024-12-23 09:04:47', '2024-12-23 09:04:47'),
(91, 15, 56.066947, -1.986285, '2024-12-23 09:04:47', '2024-12-23 09:04:47'),
(92, 16, 59.058456, -4.650363, '2024-12-23 09:04:47', '2024-12-23 09:04:47'),
(93, 18, 50.220214, -1.495901, '2024-12-23 09:04:47', '2024-12-23 09:04:47'),
(94, 15, 58.746367, -3.995561, '2024-12-23 09:06:33', '2024-12-23 09:06:33'),
(95, 16, 50.492207, -1.601492, '2024-12-23 09:06:33', '2024-12-23 09:06:33'),
(96, 18, 53.285500, 0.644140, '2024-12-23 09:06:33', '2024-12-23 09:06:33'),
(97, 15, 58.746367, -3.995561, '2024-12-23 09:06:33', '2024-12-23 09:06:33'),
(98, 16, 50.492207, -1.601492, '2024-12-23 09:06:33', '2024-12-23 09:06:33'),
(99, 18, 53.285500, 0.644140, '2024-12-23 09:06:33', '2024-12-23 09:06:33'),
(100, 15, 57.922756, -4.875392, '2024-12-23 09:06:36', '2024-12-23 09:06:36'),
(101, 16, 58.507721, -1.869623, '2024-12-23 09:06:36', '2024-12-23 09:06:36'),
(102, 18, 53.966113, -7.721003, '2024-12-23 09:06:36', '2024-12-23 09:06:36'),
(103, 15, 57.922756, -4.875392, '2024-12-23 09:06:36', '2024-12-23 09:06:36'),
(104, 16, 58.507721, -1.869623, '2024-12-23 09:06:36', '2024-12-23 09:06:36'),
(105, 18, 53.966113, -7.721003, '2024-12-23 09:06:36', '2024-12-23 09:06:36'),
(106, 15, 53.174744, 0.159181, '2024-12-23 09:06:39', '2024-12-23 09:06:39'),
(107, 16, 57.164018, -1.251163, '2024-12-23 09:06:39', '2024-12-23 09:06:39'),
(108, 18, 58.030174, -5.493381, '2024-12-23 09:06:39', '2024-12-23 09:06:39'),
(109, 15, 53.174744, 0.159181, '2024-12-23 09:06:39', '2024-12-23 09:06:39'),
(110, 16, 57.164018, -1.251163, '2024-12-23 09:06:39', '2024-12-23 09:06:39'),
(111, 18, 58.030174, -5.493381, '2024-12-23 09:06:39', '2024-12-23 09:06:39'),
(112, 15, 55.050122, -7.796205, '2024-12-23 09:06:42', '2024-12-23 09:06:42'),
(113, 16, 53.087720, 0.914784, '2024-12-23 09:06:42', '2024-12-23 09:06:42'),
(114, 18, 58.552121, -1.238435, '2024-12-23 09:06:42', '2024-12-23 09:06:42'),
(115, 15, 55.050122, -7.796205, '2024-12-23 09:06:42', '2024-12-23 09:06:42'),
(116, 16, 53.087720, 0.914784, '2024-12-23 09:06:42', '2024-12-23 09:06:42'),
(117, 18, 58.552121, -1.238435, '2024-12-23 09:06:42', '2024-12-23 09:06:42'),
(118, 15, 53.349875, -0.293799, '2024-12-23 09:06:45', '2024-12-23 09:06:45'),
(119, 16, 53.671060, -6.731401, '2024-12-23 09:06:45', '2024-12-23 09:06:45'),
(120, 18, 54.075140, 1.591125, '2024-12-23 09:06:45', '2024-12-23 09:06:45'),
(121, 15, 53.349875, -0.293799, '2024-12-23 09:06:45', '2024-12-23 09:06:45'),
(122, 16, 53.671060, -6.731401, '2024-12-23 09:06:45', '2024-12-23 09:06:45'),
(123, 18, 54.075140, 1.591125, '2024-12-23 09:06:45', '2024-12-23 09:06:45'),
(124, 15, 59.260873, -2.877151, '2024-12-23 09:06:50', '2024-12-23 09:06:50'),
(125, 16, 53.220095, -2.084211, '2024-12-23 09:06:50', '2024-12-23 09:06:50'),
(126, 18, 50.217956, -1.915573, '2024-12-23 09:06:50', '2024-12-23 09:06:50'),
(127, 15, 59.260873, -2.877151, '2024-12-23 09:06:50', '2024-12-23 09:06:50'),
(128, 16, 53.220095, -2.084211, '2024-12-23 09:06:50', '2024-12-23 09:06:50'),
(129, 18, 50.217956, -1.915573, '2024-12-23 09:06:50', '2024-12-23 09:06:50'),
(130, 15, 55.829945, -3.132532, '2024-12-23 09:06:54', '2024-12-23 09:06:54'),
(131, 16, 51.520130, -5.977596, '2024-12-23 09:06:54', '2024-12-23 09:06:54'),
(132, 18, 55.764721, -6.876394, '2024-12-23 09:06:54', '2024-12-23 09:06:54'),
(133, 15, 55.829945, -3.132532, '2024-12-23 09:06:54', '2024-12-23 09:06:54'),
(134, 16, 51.520130, -5.977596, '2024-12-23 09:06:54', '2024-12-23 09:06:54'),
(135, 18, 55.764721, -6.876394, '2024-12-23 09:06:54', '2024-12-23 09:06:54'),
(136, 15, 53.742930, -0.327697, '2024-12-23 09:07:03', '2024-12-23 09:07:03'),
(137, 16, 59.931578, -4.844672, '2024-12-23 09:07:03', '2024-12-23 09:07:03'),
(138, 18, 59.146954, 1.663530, '2024-12-23 09:07:03', '2024-12-23 09:07:03'),
(139, 15, 53.742930, -0.327697, '2024-12-23 09:07:03', '2024-12-23 09:07:03'),
(140, 16, 59.931578, -4.844672, '2024-12-23 09:07:03', '2024-12-23 09:07:03'),
(141, 18, 59.146954, 1.663530, '2024-12-23 09:07:03', '2024-12-23 09:07:03'),
(142, 15, 59.583778, -4.291623, '2024-12-23 09:07:22', '2024-12-23 09:07:22'),
(143, 16, 59.685634, -3.919484, '2024-12-23 09:07:22', '2024-12-23 09:07:22'),
(144, 18, 58.263813, 0.902218, '2024-12-23 09:07:22', '2024-12-23 09:07:22'),
(145, 15, 59.583778, -4.291623, '2024-12-23 09:07:22', '2024-12-23 09:07:22'),
(146, 16, 59.685634, -3.919484, '2024-12-23 09:07:22', '2024-12-23 09:07:22'),
(147, 18, 58.263813, 0.902218, '2024-12-23 09:07:22', '2024-12-23 09:07:22'),
(148, 15, 58.372828, -0.626236, '2024-12-23 09:07:34', '2024-12-23 09:07:34'),
(149, 16, 55.466822, -7.046633, '2024-12-23 09:07:34', '2024-12-23 09:07:34'),
(150, 18, 53.731277, 0.887002, '2024-12-23 09:07:34', '2024-12-23 09:07:34'),
(151, 15, 58.372828, -0.626236, '2024-12-23 09:07:34', '2024-12-23 09:07:34'),
(152, 16, 55.466822, -7.046633, '2024-12-23 09:07:34', '2024-12-23 09:07:34'),
(153, 18, 53.731277, 0.887002, '2024-12-23 09:07:34', '2024-12-23 09:07:34'),
(154, 15, 59.612004, -1.110543, '2024-12-23 09:08:07', '2024-12-23 09:08:07'),
(155, 16, 52.157352, -3.567835, '2024-12-23 09:08:07', '2024-12-23 09:08:07'),
(156, 18, 50.893190, -3.879304, '2024-12-23 09:08:07', '2024-12-23 09:08:07'),
(157, 15, 59.612004, -1.110543, '2024-12-23 09:08:07', '2024-12-23 09:08:07'),
(158, 16, 52.157352, -3.567835, '2024-12-23 09:08:07', '2024-12-23 09:08:07'),
(159, 18, 50.893190, -3.879304, '2024-12-23 09:08:07', '2024-12-23 09:08:07'),
(160, 15, 56.123267, -5.875107, '2024-12-23 09:08:36', '2024-12-23 09:08:36'),
(161, 16, 55.432601, -7.994439, '2024-12-23 09:08:36', '2024-12-23 09:08:36'),
(162, 18, 51.543111, -7.921435, '2024-12-23 09:08:36', '2024-12-23 09:08:36'),
(163, 15, 56.123267, -5.875107, '2024-12-23 09:08:36', '2024-12-23 09:08:36'),
(164, 16, 55.432601, -7.994439, '2024-12-23 09:08:36', '2024-12-23 09:08:36'),
(165, 18, 51.543111, -7.921435, '2024-12-23 09:08:36', '2024-12-23 09:08:36'),
(166, 15, 53.414015, -3.854129, '2024-12-23 09:09:44', '2024-12-23 09:09:44'),
(167, 16, 55.766464, -3.163292, '2024-12-23 09:09:44', '2024-12-23 09:09:44'),
(168, 18, 52.147507, 1.047913, '2024-12-23 09:09:44', '2024-12-23 09:09:44'),
(169, 15, 53.414015, -3.854129, '2024-12-23 09:09:44', '2024-12-23 09:09:44'),
(170, 16, 55.766464, -3.163292, '2024-12-23 09:09:44', '2024-12-23 09:09:44'),
(171, 18, 52.147507, 1.047913, '2024-12-23 09:09:44', '2024-12-23 09:09:44'),
(172, 15, 52.592047, -0.838650, '2024-12-23 09:10:58', '2024-12-23 09:10:58'),
(173, 16, 51.698796, -4.878017, '2024-12-23 09:10:58', '2024-12-23 09:10:58'),
(174, 18, 51.456862, 1.754006, '2024-12-23 09:10:58', '2024-12-23 09:10:58'),
(175, 15, 52.592047, -0.838650, '2024-12-23 09:10:58', '2024-12-23 09:10:58'),
(176, 16, 51.698796, -4.878017, '2024-12-23 09:10:58', '2024-12-23 09:10:58'),
(177, 18, 51.456862, 1.754006, '2024-12-23 09:10:58', '2024-12-23 09:10:58'),
(178, 15, 54.577893, -1.961417, '2024-12-23 09:13:13', '2024-12-23 09:13:13'),
(179, 16, 58.152889, -6.215177, '2024-12-23 09:13:13', '2024-12-23 09:13:13'),
(180, 18, 50.242302, -7.274397, '2024-12-23 09:13:13', '2024-12-23 09:13:13'),
(181, 15, 54.577893, -1.961417, '2024-12-23 09:13:13', '2024-12-23 09:13:13'),
(182, 16, 58.152889, -6.215177, '2024-12-23 09:13:13', '2024-12-23 09:13:13'),
(183, 18, 50.242302, -7.274397, '2024-12-23 09:13:13', '2024-12-23 09:13:13'),
(184, 15, 50.694184, 1.586724, '2024-12-23 09:14:26', '2024-12-23 09:14:26'),
(185, 16, 53.821550, -5.035312, '2024-12-23 09:14:26', '2024-12-23 09:14:26'),
(186, 18, 54.441537, -4.465097, '2024-12-23 09:14:26', '2024-12-23 09:14:26'),
(187, 15, 50.694184, 1.586724, '2024-12-23 09:14:26', '2024-12-23 09:14:26'),
(188, 16, 53.821550, -5.035312, '2024-12-23 09:14:26', '2024-12-23 09:14:26'),
(189, 18, 54.441537, -4.465097, '2024-12-23 09:14:26', '2024-12-23 09:14:26'),
(190, 15, 55.010921, -4.926192, '2024-12-23 09:14:29', '2024-12-23 09:14:29'),
(191, 16, 53.472367, -3.021176, '2024-12-23 09:14:29', '2024-12-23 09:14:29'),
(192, 18, 56.224666, 1.361971, '2024-12-23 09:14:29', '2024-12-23 09:14:29'),
(193, 15, 55.010921, -4.926192, '2024-12-23 09:14:29', '2024-12-23 09:14:29'),
(194, 16, 53.472367, -3.021176, '2024-12-23 09:14:29', '2024-12-23 09:14:29'),
(195, 18, 56.224666, 1.361971, '2024-12-23 09:14:29', '2024-12-23 09:14:29'),
(196, 15, 51.440036, -0.817886, '2024-12-23 09:14:32', '2024-12-23 09:14:32'),
(197, 16, 57.448284, -7.575338, '2024-12-23 09:14:32', '2024-12-23 09:14:32'),
(198, 18, 50.183372, -0.061246, '2024-12-23 09:14:32', '2024-12-23 09:14:32'),
(199, 15, 51.440036, -0.817886, '2024-12-23 09:14:32', '2024-12-23 09:14:32'),
(200, 16, 57.448284, -7.575338, '2024-12-23 09:14:32', '2024-12-23 09:14:32'),
(201, 18, 50.183372, -0.061246, '2024-12-23 09:14:32', '2024-12-23 09:14:32'),
(202, 15, 56.870732, -4.048057, '2024-12-23 09:14:35', '2024-12-23 09:14:35'),
(203, 16, 57.211078, -4.501105, '2024-12-23 09:14:35', '2024-12-23 09:14:35'),
(204, 18, 54.739664, -2.791105, '2024-12-23 09:14:35', '2024-12-23 09:14:35'),
(205, 15, 56.870732, -4.048057, '2024-12-23 09:14:35', '2024-12-23 09:14:35'),
(206, 16, 57.211078, -4.501105, '2024-12-23 09:14:35', '2024-12-23 09:14:35'),
(207, 18, 54.739664, -2.791105, '2024-12-23 09:14:35', '2024-12-23 09:14:35'),
(208, 15, 53.870660, 0.706620, '2024-12-23 09:14:38', '2024-12-23 09:14:38'),
(209, 16, 51.360434, -2.773180, '2024-12-23 09:14:38', '2024-12-23 09:14:38'),
(210, 18, 57.702486, -3.092569, '2024-12-23 09:14:38', '2024-12-23 09:14:38'),
(211, 15, 53.870660, 0.706620, '2024-12-23 09:14:38', '2024-12-23 09:14:38'),
(212, 16, 51.360434, -2.773180, '2024-12-23 09:14:38', '2024-12-23 09:14:38'),
(213, 18, 57.702486, -3.092569, '2024-12-23 09:14:38', '2024-12-23 09:14:38'),
(214, 15, 56.796092, -5.881189, '2024-12-23 09:14:42', '2024-12-23 09:14:42'),
(215, 16, 54.372306, -6.980179, '2024-12-23 09:14:42', '2024-12-23 09:14:42'),
(216, 18, 52.904784, -6.566952, '2024-12-23 09:14:42', '2024-12-23 09:14:42'),
(217, 15, 56.796092, -5.881189, '2024-12-23 09:14:42', '2024-12-23 09:14:42'),
(218, 16, 54.372306, -6.980179, '2024-12-23 09:14:42', '2024-12-23 09:14:42'),
(219, 18, 52.904784, -6.566952, '2024-12-23 09:14:42', '2024-12-23 09:14:42'),
(220, 15, 50.273273, 0.508313, '2024-12-23 09:14:45', '2024-12-23 09:14:45'),
(221, 16, 53.002235, -3.414678, '2024-12-23 09:14:45', '2024-12-23 09:14:45'),
(222, 18, 53.258054, -0.341997, '2024-12-23 09:14:45', '2024-12-23 09:14:45'),
(223, 15, 50.273273, 0.508313, '2024-12-23 09:14:45', '2024-12-23 09:14:45'),
(224, 16, 53.002235, -3.414678, '2024-12-23 09:14:45', '2024-12-23 09:14:45'),
(225, 18, 53.258054, -0.341997, '2024-12-23 09:14:45', '2024-12-23 09:14:45'),
(226, 15, 56.104063, -1.182997, '2024-12-23 09:14:48', '2024-12-23 09:14:48'),
(227, 16, 54.589348, -4.618944, '2024-12-23 09:14:48', '2024-12-23 09:14:48'),
(228, 18, 53.554600, -6.671715, '2024-12-23 09:14:48', '2024-12-23 09:14:48'),
(229, 15, 56.104063, -1.182997, '2024-12-23 09:14:48', '2024-12-23 09:14:48'),
(230, 16, 54.589348, -4.618944, '2024-12-23 09:14:48', '2024-12-23 09:14:48'),
(231, 18, 53.554600, -6.671715, '2024-12-23 09:14:48', '2024-12-23 09:14:48'),
(232, 15, 56.437025, -3.741900, '2024-12-23 09:14:59', '2024-12-23 09:14:59'),
(233, 16, 51.405092, -0.018285, '2024-12-23 09:14:59', '2024-12-23 09:14:59'),
(234, 18, 54.203033, 0.256394, '2024-12-23 09:14:59', '2024-12-23 09:14:59'),
(235, 15, 56.437025, -3.741900, '2024-12-23 09:14:59', '2024-12-23 09:14:59'),
(236, 16, 51.405092, -0.018285, '2024-12-23 09:14:59', '2024-12-23 09:14:59'),
(237, 18, 54.203033, 0.256394, '2024-12-23 09:14:59', '2024-12-23 09:14:59'),
(238, 15, 54.732915, -5.560631, '2024-12-23 09:15:15', '2024-12-23 09:15:15'),
(239, 16, 51.479265, -5.298517, '2024-12-23 09:15:15', '2024-12-23 09:15:15'),
(240, 18, 58.478735, -1.798572, '2024-12-23 09:15:15', '2024-12-23 09:15:15'),
(241, 15, 54.732915, -5.560631, '2024-12-23 09:15:15', '2024-12-23 09:15:15'),
(242, 16, 51.479265, -5.298517, '2024-12-23 09:15:15', '2024-12-23 09:15:15'),
(243, 18, 58.478735, -1.798572, '2024-12-23 09:15:15', '2024-12-23 09:15:15'),
(244, 15, 52.593170, 0.968475, '2024-12-23 09:15:27', '2024-12-23 09:15:27'),
(245, 16, 53.575853, -3.684784, '2024-12-23 09:15:27', '2024-12-23 09:15:27'),
(246, 18, 55.753556, 1.936633, '2024-12-23 09:15:27', '2024-12-23 09:15:27'),
(247, 15, 52.593170, 0.968475, '2024-12-23 09:15:27', '2024-12-23 09:15:27'),
(248, 16, 53.575853, -3.684784, '2024-12-23 09:15:27', '2024-12-23 09:15:27'),
(249, 18, 55.753556, 1.936633, '2024-12-23 09:15:27', '2024-12-23 09:15:27'),
(250, 15, 54.216178, -6.614531, '2024-12-23 09:16:01', '2024-12-23 09:16:01'),
(251, 16, 57.887576, -7.946951, '2024-12-23 09:16:01', '2024-12-23 09:16:01'),
(252, 18, 58.759560, -6.562856, '2024-12-23 09:16:01', '2024-12-23 09:16:01'),
(253, 15, 54.216178, -6.614531, '2024-12-23 09:16:01', '2024-12-23 09:16:01'),
(254, 16, 57.887576, -7.946951, '2024-12-23 09:16:01', '2024-12-23 09:16:01'),
(255, 18, 58.759560, -6.562856, '2024-12-23 09:16:01', '2024-12-23 09:16:01'),
(256, 15, 50.898637, -4.206287, '2024-12-23 09:16:53', '2024-12-23 09:16:53'),
(257, 16, 57.558465, -7.542997, '2024-12-23 09:16:53', '2024-12-23 09:16:53'),
(258, 18, 59.602615, -0.291274, '2024-12-23 09:16:53', '2024-12-23 09:16:53'),
(259, 15, 50.898637, -4.206287, '2024-12-23 09:16:53', '2024-12-23 09:16:53'),
(260, 16, 57.558465, -7.542997, '2024-12-23 09:16:53', '2024-12-23 09:16:53'),
(261, 18, 59.602615, -0.291274, '2024-12-23 09:16:53', '2024-12-23 09:16:53'),
(262, 15, 55.849465, -7.584405, '2024-12-23 09:19:07', '2024-12-23 09:19:07'),
(263, 16, 55.167154, -1.345387, '2024-12-23 09:19:07', '2024-12-23 09:19:07'),
(264, 18, 56.695816, -1.671699, '2024-12-23 09:19:07', '2024-12-23 09:19:07'),
(265, 15, 55.849465, -7.584405, '2024-12-23 09:19:07', '2024-12-23 09:19:07'),
(266, 16, 55.167154, -1.345387, '2024-12-23 09:19:07', '2024-12-23 09:19:07'),
(267, 18, 56.695816, -1.671699, '2024-12-23 09:19:07', '2024-12-23 09:19:07'),
(268, 15, 57.602623, -6.576745, '2024-12-23 09:19:27', '2024-12-23 09:19:27'),
(269, 16, 58.048119, -3.256654, '2024-12-23 09:19:27', '2024-12-23 09:19:27'),
(270, 18, 59.839158, -6.490737, '2024-12-23 09:19:27', '2024-12-23 09:19:27'),
(271, 15, 57.602623, -6.576745, '2024-12-23 09:19:27', '2024-12-23 09:19:27'),
(272, 16, 58.048119, -3.256654, '2024-12-23 09:19:27', '2024-12-23 09:19:27'),
(273, 18, 59.839158, -6.490737, '2024-12-23 09:19:27', '2024-12-23 09:19:27'),
(274, 15, 58.742839, -3.187072, '2024-12-23 09:20:15', '2024-12-23 09:20:15'),
(275, 16, 57.112641, -0.641421, '2024-12-23 09:20:15', '2024-12-23 09:20:15'),
(276, 18, 52.514604, -3.511712, '2024-12-23 09:20:15', '2024-12-23 09:20:15'),
(277, 15, 58.742839, -3.187072, '2024-12-23 09:20:15', '2024-12-23 09:20:15'),
(278, 16, 57.112641, -0.641421, '2024-12-23 09:20:15', '2024-12-23 09:20:15'),
(279, 18, 52.514604, -3.511712, '2024-12-23 09:20:15', '2024-12-23 09:20:15'),
(280, 15, 50.178847, -0.305594, '2024-12-23 09:20:18', '2024-12-23 09:20:18'),
(281, 16, 51.012940, -7.898274, '2024-12-23 09:20:18', '2024-12-23 09:20:18'),
(282, 18, 51.032300, 1.170280, '2024-12-23 09:20:18', '2024-12-23 09:20:18'),
(283, 15, 50.178847, -0.305594, '2024-12-23 09:20:18', '2024-12-23 09:20:18'),
(284, 16, 51.012940, -7.898274, '2024-12-23 09:20:18', '2024-12-23 09:20:18'),
(285, 18, 51.032300, 1.170280, '2024-12-23 09:20:18', '2024-12-23 09:20:18'),
(286, 15, 58.697255, -1.888815, '2024-12-23 09:20:21', '2024-12-23 09:20:21'),
(287, 16, 54.149881, -4.345580, '2024-12-23 09:20:21', '2024-12-23 09:20:21'),
(288, 18, 56.405843, -4.270865, '2024-12-23 09:20:21', '2024-12-23 09:20:21'),
(289, 15, 58.697255, -1.888815, '2024-12-23 09:20:21', '2024-12-23 09:20:21'),
(290, 16, 54.149881, -4.345580, '2024-12-23 09:20:21', '2024-12-23 09:20:21'),
(291, 18, 56.405843, -4.270865, '2024-12-23 09:20:21', '2024-12-23 09:20:21'),
(292, 15, 54.492276, -0.206667, '2024-12-23 09:20:26', '2024-12-23 09:20:26'),
(293, 16, 50.776701, -5.387712, '2024-12-23 09:20:26', '2024-12-23 09:20:26'),
(294, 18, 51.295811, -2.051140, '2024-12-23 09:20:26', '2024-12-23 09:20:26'),
(295, 15, 54.492276, -0.206667, '2024-12-23 09:20:26', '2024-12-23 09:20:26'),
(296, 16, 50.776701, -5.387712, '2024-12-23 09:20:26', '2024-12-23 09:20:26'),
(297, 18, 51.295811, -2.051140, '2024-12-23 09:20:26', '2024-12-23 09:20:26'),
(298, 15, 57.221327, -1.861401, '2024-12-23 09:20:32', '2024-12-23 09:20:32'),
(299, 16, 54.476060, -4.822892, '2024-12-23 09:20:32', '2024-12-23 09:20:32'),
(300, 18, 58.345334, -2.656324, '2024-12-23 09:20:32', '2024-12-23 09:20:32'),
(301, 15, 57.221327, -1.861401, '2024-12-23 09:20:32', '2024-12-23 09:20:32'),
(302, 16, 54.476060, -4.822892, '2024-12-23 09:20:32', '2024-12-23 09:20:32'),
(303, 18, 58.345334, -2.656324, '2024-12-23 09:20:32', '2024-12-23 09:20:32'),
(304, 15, 55.160307, -1.502209, '2024-12-23 09:20:36', '2024-12-23 09:20:36'),
(305, 16, 54.540029, -7.271409, '2024-12-23 09:20:36', '2024-12-23 09:20:36'),
(306, 18, 55.960962, 1.569772, '2024-12-23 09:20:36', '2024-12-23 09:20:36'),
(307, 15, 55.160307, -1.502209, '2024-12-23 09:20:36', '2024-12-23 09:20:36'),
(308, 16, 54.540029, -7.271409, '2024-12-23 09:20:36', '2024-12-23 09:20:36'),
(309, 18, 55.960962, 1.569772, '2024-12-23 09:20:36', '2024-12-23 09:20:36'),
(310, 15, 53.833161, -5.924691, '2024-12-23 09:20:44', '2024-12-23 09:20:44'),
(311, 16, 50.002975, -7.654204, '2024-12-23 09:20:44', '2024-12-23 09:20:44'),
(312, 18, 50.902097, -0.333696, '2024-12-23 09:20:44', '2024-12-23 09:20:44'),
(313, 15, 53.833161, -5.924691, '2024-12-23 09:20:44', '2024-12-23 09:20:44'),
(314, 16, 50.002975, -7.654204, '2024-12-23 09:20:44', '2024-12-23 09:20:44'),
(315, 18, 50.902097, -0.333696, '2024-12-23 09:20:44', '2024-12-23 09:20:44'),
(316, 15, 58.699455, -7.792655, '2024-12-23 09:21:00', '2024-12-23 09:21:00'),
(317, 16, 50.898086, 1.616075, '2024-12-23 09:21:00', '2024-12-23 09:21:00'),
(318, 18, 59.296538, -3.888429, '2024-12-23 09:21:00', '2024-12-23 09:21:00'),
(319, 15, 58.699455, -7.792655, '2024-12-23 09:21:00', '2024-12-23 09:21:00'),
(320, 16, 50.898086, 1.616075, '2024-12-23 09:21:00', '2024-12-23 09:21:00'),
(321, 18, 59.296538, -3.888429, '2024-12-23 09:21:00', '2024-12-23 09:21:00'),
(322, 15, 57.605996, 1.085577, '2024-12-23 09:21:16', '2024-12-23 09:21:16'),
(323, 16, 56.422034, -2.571332, '2024-12-23 09:21:16', '2024-12-23 09:21:16'),
(324, 18, 54.892699, -6.607986, '2024-12-23 09:21:16', '2024-12-23 09:21:16'),
(325, 15, 57.605996, 1.085577, '2024-12-23 09:21:16', '2024-12-23 09:21:16'),
(326, 16, 56.422034, -2.571332, '2024-12-23 09:21:16', '2024-12-23 09:21:16'),
(327, 18, 54.892699, -6.607986, '2024-12-23 09:21:16', '2024-12-23 09:21:16'),
(328, 15, 51.283379, 1.568305, '2024-12-23 09:21:48', '2024-12-23 09:21:48'),
(329, 16, 55.159285, -4.753838, '2024-12-23 09:21:48', '2024-12-23 09:21:48'),
(330, 18, 54.694964, -5.696492, '2024-12-23 09:21:48', '2024-12-23 09:21:48'),
(331, 15, 51.283379, 1.568305, '2024-12-23 09:21:48', '2024-12-23 09:21:48'),
(332, 16, 55.159285, -4.753838, '2024-12-23 09:21:48', '2024-12-23 09:21:48'),
(333, 18, 54.694964, -5.696492, '2024-12-23 09:21:48', '2024-12-23 09:21:48'),
(334, 15, 52.228551, -2.100875, '2024-12-23 09:22:09', '2024-12-23 09:22:09'),
(335, 16, 51.180690, -1.897697, '2024-12-23 09:22:09', '2024-12-23 09:22:09'),
(336, 18, 54.247421, -7.389068, '2024-12-23 09:22:09', '2024-12-23 09:22:09'),
(337, 15, 52.228551, -2.100875, '2024-12-23 09:22:09', '2024-12-23 09:22:09'),
(338, 16, 51.180690, -1.897697, '2024-12-23 09:22:09', '2024-12-23 09:22:09'),
(339, 18, 54.247421, -7.389068, '2024-12-23 09:22:09', '2024-12-23 09:22:09'),
(340, 15, 50.374036, 0.218194, '2024-12-23 09:22:16', '2024-12-23 09:22:16'),
(341, 16, 53.911416, -7.432952, '2024-12-23 09:22:16', '2024-12-23 09:22:16'),
(342, 18, 59.839652, -1.554505, '2024-12-23 09:22:16', '2024-12-23 09:22:16'),
(343, 15, 50.374036, 0.218194, '2024-12-23 09:22:16', '2024-12-23 09:22:16'),
(344, 16, 53.911416, -7.432952, '2024-12-23 09:22:16', '2024-12-23 09:22:16'),
(345, 18, 59.839652, -1.554505, '2024-12-23 09:22:16', '2024-12-23 09:22:16'),
(346, 15, 55.342971, -2.057656, '2024-12-23 09:22:19', '2024-12-23 09:22:19'),
(347, 16, 56.922386, 1.644369, '2024-12-23 09:22:19', '2024-12-23 09:22:19'),
(348, 18, 52.975298, -0.911225, '2024-12-23 09:22:19', '2024-12-23 09:22:19'),
(349, 15, 55.342971, -2.057656, '2024-12-23 09:22:19', '2024-12-23 09:22:19'),
(350, 16, 56.922386, 1.644369, '2024-12-23 09:22:19', '2024-12-23 09:22:19'),
(351, 18, 52.975298, -0.911225, '2024-12-23 09:22:19', '2024-12-23 09:22:19'),
(352, 15, 53.118698, -1.443489, '2024-12-23 09:22:22', '2024-12-23 09:22:22'),
(353, 16, 50.642799, 1.208227, '2024-12-23 09:22:22', '2024-12-23 09:22:22'),
(354, 18, 50.298716, -4.210776, '2024-12-23 09:22:22', '2024-12-23 09:22:22'),
(355, 15, 53.118698, -1.443489, '2024-12-23 09:22:22', '2024-12-23 09:22:22'),
(356, 16, 50.642799, 1.208227, '2024-12-23 09:22:22', '2024-12-23 09:22:22'),
(357, 18, 50.298716, -4.210776, '2024-12-23 09:22:22', '2024-12-23 09:22:22'),
(358, 15, 56.566502, -0.740963, '2024-12-23 09:22:26', '2024-12-23 09:22:26'),
(359, 16, 53.144946, -4.863201, '2024-12-23 09:22:26', '2024-12-23 09:22:26'),
(360, 18, 52.269192, -6.144877, '2024-12-23 09:22:26', '2024-12-23 09:22:26'),
(361, 15, 56.566502, -0.740963, '2024-12-23 09:22:26', '2024-12-23 09:22:26'),
(362, 16, 53.144946, -4.863201, '2024-12-23 09:22:26', '2024-12-23 09:22:26'),
(363, 18, 52.269192, -6.144877, '2024-12-23 09:22:26', '2024-12-23 09:22:26'),
(364, 15, 55.780596, -0.320186, '2024-12-23 09:22:30', '2024-12-23 09:22:30'),
(365, 16, 56.078718, -0.024797, '2024-12-23 09:22:30', '2024-12-23 09:22:30'),
(366, 18, 55.840693, -7.489740, '2024-12-23 09:22:30', '2024-12-23 09:22:30'),
(367, 15, 55.780596, -0.320186, '2024-12-23 09:22:30', '2024-12-23 09:22:30'),
(368, 16, 56.078718, -0.024797, '2024-12-23 09:22:30', '2024-12-23 09:22:30'),
(369, 18, 55.840693, -7.489740, '2024-12-23 09:22:30', '2024-12-23 09:22:30'),
(370, 15, 57.994944, -7.524084, '2024-12-23 09:22:41', '2024-12-23 09:22:41'),
(371, 16, 55.856700, -5.108795, '2024-12-23 09:22:41', '2024-12-23 09:22:41'),
(372, 18, 52.969313, 1.645421, '2024-12-23 09:22:41', '2024-12-23 09:22:41'),
(373, 15, 57.994944, -7.524084, '2024-12-23 09:22:41', '2024-12-23 09:22:41'),
(374, 16, 55.856700, -5.108795, '2024-12-23 09:22:41', '2024-12-23 09:22:41'),
(375, 18, 52.969313, 1.645421, '2024-12-23 09:22:41', '2024-12-23 09:22:41'),
(376, 15, 57.906548, 0.639000, '2024-12-23 09:22:47', '2024-12-23 09:22:47'),
(377, 16, 53.906034, 0.162819, '2024-12-23 09:22:47', '2024-12-23 09:22:47'),
(378, 18, 54.928139, -6.113137, '2024-12-23 09:22:47', '2024-12-23 09:22:47'),
(379, 15, 57.906548, 0.639000, '2024-12-23 09:22:47', '2024-12-23 09:22:47'),
(380, 16, 53.906034, 0.162819, '2024-12-23 09:22:47', '2024-12-23 09:22:47'),
(381, 18, 54.928139, -6.113137, '2024-12-23 09:22:47', '2024-12-23 09:22:47'),
(382, 15, 52.276190, 1.695052, '2024-12-23 09:23:04', '2024-12-23 09:23:04'),
(383, 16, 56.041510, -3.124284, '2024-12-23 09:23:04', '2024-12-23 09:23:04'),
(384, 18, 52.766496, -1.354810, '2024-12-23 09:23:04', '2024-12-23 09:23:04'),
(385, 15, 52.276190, 1.695052, '2024-12-23 09:23:04', '2024-12-23 09:23:04'),
(386, 16, 56.041510, -3.124284, '2024-12-23 09:23:04', '2024-12-23 09:23:04'),
(387, 18, 52.766496, -1.354810, '2024-12-23 09:23:04', '2024-12-23 09:23:04'),
(388, 15, 56.384888, -6.508787, '2024-12-23 09:23:23', '2024-12-23 09:23:23'),
(389, 16, 56.194009, -6.027968, '2024-12-23 09:23:23', '2024-12-23 09:23:23'),
(390, 18, 57.722245, -7.832718, '2024-12-23 09:23:23', '2024-12-23 09:23:23'),
(391, 15, 56.384888, -6.508787, '2024-12-23 09:23:23', '2024-12-23 09:23:23'),
(392, 16, 56.194009, -6.027968, '2024-12-23 09:23:23', '2024-12-23 09:23:23'),
(393, 18, 57.722245, -7.832718, '2024-12-23 09:23:23', '2024-12-23 09:23:23'),
(394, 15, 52.100011, 1.981904, '2024-12-23 09:23:57', '2024-12-23 09:23:57'),
(395, 16, 50.697400, -7.379715, '2024-12-23 09:23:57', '2024-12-23 09:23:57'),
(396, 18, 59.525872, -2.050043, '2024-12-23 09:23:57', '2024-12-23 09:23:57'),
(397, 15, 52.100011, 1.981904, '2024-12-23 09:23:57', '2024-12-23 09:23:57'),
(398, 16, 50.697400, -7.379715, '2024-12-23 09:23:57', '2024-12-23 09:23:57'),
(399, 18, 59.525872, -2.050043, '2024-12-23 09:23:57', '2024-12-23 09:23:57'),
(400, 15, 57.691342, -3.429823, '2024-12-23 09:24:53', '2024-12-23 09:24:53'),
(401, 16, 56.917873, -6.966184, '2024-12-23 09:24:53', '2024-12-23 09:24:53'),
(402, 18, 50.691528, -1.132902, '2024-12-23 09:24:53', '2024-12-23 09:24:53'),
(403, 15, 57.691342, -3.429823, '2024-12-23 09:24:53', '2024-12-23 09:24:53'),
(404, 16, 56.917873, -6.966184, '2024-12-23 09:24:53', '2024-12-23 09:24:53'),
(405, 18, 50.691528, -1.132902, '2024-12-23 09:24:53', '2024-12-23 09:24:53'),
(406, 15, 56.166412, -4.508770, '2024-12-23 09:26:22', '2024-12-23 09:26:22'),
(407, 16, 57.329456, -7.799728, '2024-12-23 09:26:22', '2024-12-23 09:26:22'),
(408, 18, 53.484929, -3.618486, '2024-12-23 09:26:22', '2024-12-23 09:26:22'),
(409, 15, 56.166412, -4.508770, '2024-12-23 09:26:22', '2024-12-23 09:26:22'),
(410, 16, 57.329456, -7.799728, '2024-12-23 09:26:22', '2024-12-23 09:26:22'),
(411, 18, 53.484929, -3.618486, '2024-12-23 09:26:22', '2024-12-23 09:26:22'),
(412, 15, 59.790128, -7.553361, '2024-12-23 09:28:36', '2024-12-23 09:28:36'),
(413, 16, 59.667884, -2.702441, '2024-12-23 09:28:36', '2024-12-23 09:28:36'),
(414, 18, 56.056349, 1.234934, '2024-12-23 09:28:36', '2024-12-23 09:28:36'),
(415, 15, 59.790128, -7.553361, '2024-12-23 09:28:36', '2024-12-23 09:28:36'),
(416, 16, 59.667884, -2.702441, '2024-12-23 09:28:36', '2024-12-23 09:28:36'),
(417, 18, 56.056349, 1.234934, '2024-12-23 09:28:36', '2024-12-23 09:28:36'),
(418, 15, 54.292683, -1.066860, '2024-12-23 09:29:57', '2024-12-23 09:29:57'),
(419, 16, 50.670949, 1.684673, '2024-12-23 09:29:57', '2024-12-23 09:29:57'),
(420, 18, 58.551307, 1.411387, '2024-12-23 09:29:57', '2024-12-23 09:29:57'),
(421, 15, 54.292683, -1.066860, '2024-12-23 09:29:57', '2024-12-23 09:29:57'),
(422, 16, 50.670949, 1.684673, '2024-12-23 09:29:57', '2024-12-23 09:29:57'),
(423, 18, 58.551307, 1.411387, '2024-12-23 09:29:57', '2024-12-23 09:29:57'),
(424, 15, 59.366561, 0.813091, '2024-12-23 09:34:24', '2024-12-23 09:34:24'),
(425, 16, 56.234702, -7.202656, '2024-12-23 09:34:24', '2024-12-23 09:34:24'),
(426, 18, 58.664498, -7.719345, '2024-12-23 09:34:24', '2024-12-23 09:34:24'),
(427, 15, 59.366561, 0.813091, '2024-12-23 09:34:24', '2024-12-23 09:34:24'),
(428, 16, 56.234702, -7.202656, '2024-12-23 09:34:24', '2024-12-23 09:34:24'),
(429, 18, 58.664498, -7.719345, '2024-12-23 09:34:24', '2024-12-23 09:34:24'),
(430, 15, 52.088549, -5.241894, '2024-12-23 09:36:17', '2024-12-23 09:36:17'),
(431, 16, 54.169020, 0.768470, '2024-12-23 09:36:17', '2024-12-23 09:36:17'),
(432, 18, 50.512207, -3.476563, '2024-12-23 09:36:17', '2024-12-23 09:36:17'),
(433, 15, 52.088549, -5.241894, '2024-12-23 09:36:17', '2024-12-23 09:36:17'),
(434, 16, 54.169020, 0.768470, '2024-12-23 09:36:17', '2024-12-23 09:36:17'),
(435, 18, 50.512207, -3.476563, '2024-12-23 09:36:17', '2024-12-23 09:36:17'),
(436, 15, 51.100409, -1.431529, '2024-12-23 09:36:31', '2024-12-23 09:36:31'),
(437, 16, 54.150749, -4.002746, '2024-12-23 09:36:31', '2024-12-23 09:36:31'),
(438, 18, 51.433137, -2.285848, '2024-12-23 09:36:31', '2024-12-23 09:36:31'),
(439, 15, 51.100409, -1.431529, '2024-12-23 09:36:31', '2024-12-23 09:36:31'),
(440, 16, 54.150749, -4.002746, '2024-12-23 09:36:31', '2024-12-23 09:36:31'),
(441, 18, 51.433137, -2.285848, '2024-12-23 09:36:31', '2024-12-23 09:36:31'),
(442, 15, 51.246163, -1.318232, '2024-12-23 09:36:34', '2024-12-23 09:36:34'),
(443, 16, 56.557448, 0.949752, '2024-12-23 09:36:34', '2024-12-23 09:36:34'),
(444, 18, 55.955412, -7.420691, '2024-12-23 09:36:34', '2024-12-23 09:36:34'),
(445, 15, 51.246163, -1.318232, '2024-12-23 09:36:34', '2024-12-23 09:36:34'),
(446, 16, 56.557448, 0.949752, '2024-12-23 09:36:34', '2024-12-23 09:36:34'),
(447, 18, 55.955412, -7.420691, '2024-12-23 09:36:34', '2024-12-23 09:36:34'),
(448, 15, 53.316349, 0.703354, '2024-12-23 09:36:37', '2024-12-23 09:36:37'),
(449, 16, 58.013330, -6.017240, '2024-12-23 09:36:37', '2024-12-23 09:36:37'),
(450, 18, 55.744063, 0.380674, '2024-12-23 09:36:37', '2024-12-23 09:36:37'),
(451, 15, 53.316349, 0.703354, '2024-12-23 09:36:37', '2024-12-23 09:36:37'),
(452, 16, 58.013330, -6.017240, '2024-12-23 09:36:37', '2024-12-23 09:36:37'),
(453, 18, 55.744063, 0.380674, '2024-12-23 09:36:37', '2024-12-23 09:36:37'),
(454, 15, 51.043310, -0.100648, '2024-12-23 09:36:41', '2024-12-23 09:36:41'),
(455, 16, 52.191424, -5.519623, '2024-12-23 09:36:41', '2024-12-23 09:36:41'),
(456, 18, 50.578593, 0.392326, '2024-12-23 09:36:41', '2024-12-23 09:36:41'),
(457, 15, 51.043310, -0.100648, '2024-12-23 09:36:41', '2024-12-23 09:36:41'),
(458, 16, 52.191424, -5.519623, '2024-12-23 09:36:41', '2024-12-23 09:36:41'),
(459, 18, 50.578593, 0.392326, '2024-12-23 09:36:41', '2024-12-23 09:36:41'),
(460, 15, 50.838021, -2.701956, '2024-12-23 09:36:46', '2024-12-23 09:36:46'),
(461, 16, 55.563477, -7.694492, '2024-12-23 09:36:46', '2024-12-23 09:36:46'),
(462, 18, 59.657666, -4.694872, '2024-12-23 09:36:46', '2024-12-23 09:36:46'),
(463, 15, 50.838021, -2.701956, '2024-12-23 09:36:46', '2024-12-23 09:36:46'),
(464, 16, 55.563477, -7.694492, '2024-12-23 09:36:46', '2024-12-23 09:36:46'),
(465, 18, 59.657666, -4.694872, '2024-12-23 09:36:46', '2024-12-23 09:36:46'),
(466, 15, 53.752699, -3.200157, '2024-12-23 09:36:52', '2024-12-23 09:36:52'),
(467, 16, 50.568408, -3.272859, '2024-12-23 09:36:52', '2024-12-23 09:36:52'),
(468, 18, 56.723031, -1.436774, '2024-12-23 09:36:52', '2024-12-23 09:36:52'),
(469, 15, 53.752699, -3.200157, '2024-12-23 09:36:52', '2024-12-23 09:36:52'),
(470, 16, 50.568408, -3.272859, '2024-12-23 09:36:52', '2024-12-23 09:36:52'),
(471, 18, 56.723031, -1.436774, '2024-12-23 09:36:52', '2024-12-23 09:36:52'),
(472, 15, 59.084990, -3.013861, '2024-12-23 09:37:00', '2024-12-23 09:37:00'),
(473, 16, 52.589887, -5.281556, '2024-12-23 09:37:00', '2024-12-23 09:37:00'),
(474, 18, 53.357707, -2.893329, '2024-12-23 09:37:00', '2024-12-23 09:37:00'),
(475, 15, 59.084990, -3.013861, '2024-12-23 09:37:00', '2024-12-23 09:37:00'),
(476, 16, 52.589887, -5.281556, '2024-12-23 09:37:00', '2024-12-23 09:37:00'),
(477, 18, 53.357707, -2.893329, '2024-12-23 09:37:00', '2024-12-23 09:37:00'),
(478, 15, 52.508562, -3.229880, '2024-12-23 09:37:18', '2024-12-23 09:37:18'),
(479, 16, 52.685434, 1.615147, '2024-12-23 09:37:18', '2024-12-23 09:37:18'),
(480, 18, 57.936145, 1.917696, '2024-12-23 09:37:18', '2024-12-23 09:37:18'),
(481, 15, 52.508562, -3.229880, '2024-12-23 09:37:18', '2024-12-23 09:37:18'),
(482, 16, 52.685434, 1.615147, '2024-12-23 09:37:18', '2024-12-23 09:37:18'),
(483, 18, 57.936145, 1.917696, '2024-12-23 09:37:18', '2024-12-23 09:37:18'),
(484, 15, 55.585119, -5.838314, '2024-12-23 09:37:42', '2024-12-23 09:37:42'),
(485, 16, 55.245008, -2.024956, '2024-12-23 09:37:42', '2024-12-23 09:37:42'),
(486, 18, 56.993151, 0.862547, '2024-12-23 09:37:42', '2024-12-23 09:37:42'),
(487, 15, 55.585119, -5.838314, '2024-12-23 09:37:42', '2024-12-23 09:37:42'),
(488, 16, 55.245008, -2.024956, '2024-12-23 09:37:42', '2024-12-23 09:37:42'),
(489, 18, 56.993151, 0.862547, '2024-12-23 09:37:42', '2024-12-23 09:37:42'),
(490, 15, 57.362971, -0.318938, '2024-12-23 09:38:15', '2024-12-23 09:38:15'),
(491, 16, 53.657808, -2.418072, '2024-12-23 09:38:15', '2024-12-23 09:38:15'),
(492, 18, 55.275764, -3.484171, '2024-12-23 09:38:15', '2024-12-23 09:38:15'),
(493, 15, 57.362971, -0.318938, '2024-12-23 09:38:15', '2024-12-23 09:38:15'),
(494, 16, 53.657808, -2.418072, '2024-12-23 09:38:15', '2024-12-23 09:38:15'),
(495, 18, 55.275764, -3.484171, '2024-12-23 09:38:15', '2024-12-23 09:38:15'),
(496, 15, 52.961578, 0.911926, '2024-12-23 09:38:43', '2024-12-23 09:38:43'),
(497, 16, 50.812822, 0.345102, '2024-12-23 09:38:43', '2024-12-23 09:38:43'),
(498, 18, 53.560819, -0.772540, '2024-12-23 09:38:43', '2024-12-23 09:38:43'),
(499, 15, 52.961578, 0.911926, '2024-12-23 09:38:43', '2024-12-23 09:38:43'),
(500, 16, 50.812822, 0.345102, '2024-12-23 09:38:43', '2024-12-23 09:38:43'),
(501, 18, 53.560819, -0.772540, '2024-12-23 09:38:43', '2024-12-23 09:38:43'),
(502, 15, 51.067854, 1.142614, '2024-12-23 09:39:50', '2024-12-23 09:39:50'),
(503, 16, 52.051970, -0.384083, '2024-12-23 09:39:50', '2024-12-23 09:39:50'),
(504, 18, 53.146217, -0.218585, '2024-12-23 09:39:50', '2024-12-23 09:39:50'),
(505, 15, 51.067854, 1.142614, '2024-12-23 09:39:50', '2024-12-23 09:39:50'),
(506, 16, 52.051970, -0.384083, '2024-12-23 09:39:50', '2024-12-23 09:39:50'),
(507, 18, 53.146217, -0.218585, '2024-12-23 09:39:50', '2024-12-23 09:39:50'),
(508, 15, 51.683368, -2.740965, '2024-12-23 09:41:21', '2024-12-23 09:41:21'),
(509, 16, 50.544958, -7.002372, '2024-12-23 09:41:21', '2024-12-23 09:41:21'),
(510, 18, 56.396209, -4.795682, '2024-12-23 09:41:21', '2024-12-23 09:41:21'),
(511, 15, 51.683368, -2.740965, '2024-12-23 09:41:21', '2024-12-23 09:41:21'),
(512, 16, 50.544958, -7.002372, '2024-12-23 09:41:21', '2024-12-23 09:41:21'),
(513, 18, 56.396209, -4.795682, '2024-12-23 09:41:21', '2024-12-23 09:41:21'),
(514, 15, 52.213588, -0.055812, '2024-12-23 09:42:42', '2024-12-23 09:42:42'),
(515, 16, 55.848969, -6.909347, '2024-12-23 09:42:42', '2024-12-23 09:42:42'),
(516, 18, 52.344258, -3.567084, '2024-12-23 09:42:42', '2024-12-23 09:42:42'),
(517, 15, 52.213588, -0.055812, '2024-12-23 09:42:42', '2024-12-23 09:42:42'),
(518, 16, 55.848969, -6.909347, '2024-12-23 09:42:42', '2024-12-23 09:42:42'),
(519, 18, 52.344258, -3.567084, '2024-12-23 09:42:42', '2024-12-23 09:42:42'),
(520, 15, 59.231022, 0.565352, '2024-12-23 09:43:41', '2024-12-23 09:43:41'),
(521, 16, 56.886187, -6.842423, '2024-12-23 09:43:41', '2024-12-23 09:43:41'),
(522, 18, 56.119378, 1.014792, '2024-12-23 09:43:41', '2024-12-23 09:43:41'),
(523, 15, 59.231022, 0.565352, '2024-12-23 09:43:41', '2024-12-23 09:43:41'),
(524, 16, 56.886187, -6.842423, '2024-12-23 09:43:41', '2024-12-23 09:43:41'),
(525, 18, 56.119378, 1.014792, '2024-12-23 09:43:41', '2024-12-23 09:43:41'),
(526, 15, 58.999909, -0.640142, '2024-12-23 09:43:43', '2024-12-23 09:43:43'),
(527, 16, 57.869052, -7.348087, '2024-12-23 09:43:43', '2024-12-23 09:43:43'),
(528, 18, 50.403812, -1.598162, '2024-12-23 09:43:43', '2024-12-23 09:43:43'),
(529, 15, 58.999909, -0.640142, '2024-12-23 09:43:43', '2024-12-23 09:43:43'),
(530, 16, 57.869052, -7.348087, '2024-12-23 09:43:43', '2024-12-23 09:43:43'),
(531, 18, 50.403812, -1.598162, '2024-12-23 09:43:43', '2024-12-23 09:43:43'),
(532, 15, 55.002728, -2.937067, '2024-12-23 09:43:46', '2024-12-23 09:43:46'),
(533, 16, 55.457848, 0.657627, '2024-12-23 09:43:46', '2024-12-23 09:43:46'),
(534, 18, 57.139605, 1.412921, '2024-12-23 09:43:46', '2024-12-23 09:43:46'),
(535, 15, 55.002728, -2.937067, '2024-12-23 09:43:46', '2024-12-23 09:43:46'),
(536, 16, 55.457848, 0.657627, '2024-12-23 09:43:46', '2024-12-23 09:43:46'),
(537, 18, 57.139605, 1.412921, '2024-12-23 09:43:46', '2024-12-23 09:43:46'),
(538, 15, 57.296508, 1.766973, '2024-12-23 09:43:49', '2024-12-23 09:43:49'),
(539, 16, 59.283091, -3.848934, '2024-12-23 09:43:49', '2024-12-23 09:43:49'),
(540, 18, 50.729538, 0.673365, '2024-12-23 09:43:49', '2024-12-23 09:43:49'),
(541, 15, 57.296508, 1.766973, '2024-12-23 09:43:49', '2024-12-23 09:43:49'),
(542, 16, 59.283091, -3.848934, '2024-12-23 09:43:49', '2024-12-23 09:43:49'),
(543, 18, 50.729538, 0.673365, '2024-12-23 09:43:49', '2024-12-23 09:43:49'),
(544, 15, 57.900299, -5.465029, '2024-12-23 09:43:52', '2024-12-23 09:43:52'),
(545, 16, 56.699098, 0.911951, '2024-12-23 09:43:52', '2024-12-23 09:43:52'),
(546, 18, 57.943507, -2.786773, '2024-12-23 09:43:52', '2024-12-23 09:43:52'),
(547, 15, 57.900299, -5.465029, '2024-12-23 09:43:52', '2024-12-23 09:43:52'),
(548, 16, 56.699098, 0.911951, '2024-12-23 09:43:52', '2024-12-23 09:43:52'),
(549, 18, 57.943507, -2.786773, '2024-12-23 09:43:52', '2024-12-23 09:43:52'),
(550, 15, 55.106765, -2.110660, '2024-12-23 09:43:55', '2024-12-23 09:43:55'),
(551, 16, 50.983901, -1.834054, '2024-12-23 09:43:55', '2024-12-23 09:43:55'),
(552, 18, 54.490092, -6.089395, '2024-12-23 09:43:55', '2024-12-23 09:43:55'),
(553, 15, 55.106765, -2.110660, '2024-12-23 09:43:55', '2024-12-23 09:43:55'),
(554, 16, 50.983901, -1.834054, '2024-12-23 09:43:55', '2024-12-23 09:43:55'),
(555, 18, 54.490092, -6.089395, '2024-12-23 09:43:55', '2024-12-23 09:43:55'),
(556, 15, 58.331251, -6.045427, '2024-12-23 09:43:58', '2024-12-23 09:43:58'),
(557, 16, 58.951798, -2.993853, '2024-12-23 09:43:58', '2024-12-23 09:43:58'),
(558, 18, 59.095123, -1.252848, '2024-12-23 09:43:58', '2024-12-23 09:43:58'),
(559, 15, 58.331251, -6.045427, '2024-12-23 09:43:58', '2024-12-23 09:43:58'),
(560, 16, 58.951798, -2.993853, '2024-12-23 09:43:58', '2024-12-23 09:43:58'),
(561, 18, 59.095123, -1.252848, '2024-12-23 09:43:58', '2024-12-23 09:43:58'),
(562, 15, 50.439237, -0.207015, '2024-12-23 09:44:01', '2024-12-23 09:44:01'),
(563, 16, 59.343375, -7.550537, '2024-12-23 09:44:01', '2024-12-23 09:44:01'),
(564, 18, 50.229377, -3.485829, '2024-12-23 09:44:01', '2024-12-23 09:44:01'),
(565, 15, 50.439237, -0.207015, '2024-12-23 09:44:01', '2024-12-23 09:44:01'),
(566, 16, 59.343375, -7.550537, '2024-12-23 09:44:01', '2024-12-23 09:44:01'),
(567, 18, 50.229377, -3.485829, '2024-12-23 09:44:01', '2024-12-23 09:44:01'),
(568, 15, 53.162036, 1.032953, '2024-12-23 09:44:09', '2024-12-23 09:44:09'),
(569, 16, 59.695406, -4.700334, '2024-12-23 09:44:09', '2024-12-23 09:44:09'),
(570, 18, 56.344348, -7.961491, '2024-12-23 09:44:09', '2024-12-23 09:44:09'),
(571, 15, 53.162036, 1.032953, '2024-12-23 09:44:09', '2024-12-23 09:44:09'),
(572, 16, 59.695406, -4.700334, '2024-12-23 09:44:09', '2024-12-23 09:44:09'),
(573, 18, 56.344348, -7.961491, '2024-12-23 09:44:09', '2024-12-23 09:44:09'),
(574, 15, 58.165500, -2.404827, '2024-12-23 09:44:26', '2024-12-23 09:44:26'),
(575, 16, 52.238201, -0.231642, '2024-12-23 09:44:26', '2024-12-23 09:44:26'),
(576, 18, 59.015547, -1.358880, '2024-12-23 09:44:26', '2024-12-23 09:44:26'),
(577, 15, 58.165500, -2.404827, '2024-12-23 09:44:26', '2024-12-23 09:44:26'),
(578, 16, 52.238201, -0.231642, '2024-12-23 09:44:26', '2024-12-23 09:44:26'),
(579, 18, 59.015547, -1.358880, '2024-12-23 09:44:26', '2024-12-23 09:44:26'),
(580, 15, 51.009560, 0.918116, '2024-12-23 09:44:33', '2024-12-23 09:44:33'),
(581, 16, 54.009152, 0.394940, '2024-12-23 09:44:33', '2024-12-23 09:44:33'),
(582, 18, 58.251013, -0.993249, '2024-12-23 09:44:33', '2024-12-23 09:44:33'),
(583, 15, 51.009560, 0.918116, '2024-12-23 09:44:33', '2024-12-23 09:44:33'),
(584, 16, 54.009152, 0.394940, '2024-12-23 09:44:33', '2024-12-23 09:44:33'),
(585, 18, 58.251013, -0.993249, '2024-12-23 09:44:33', '2024-12-23 09:44:33'),
(586, 15, 55.280512, -2.092989, '2024-12-23 09:44:36', '2024-12-23 09:44:36'),
(587, 16, 56.184101, -1.052307, '2024-12-23 09:44:36', '2024-12-23 09:44:36'),
(588, 18, 50.657701, -2.790020, '2024-12-23 09:44:36', '2024-12-23 09:44:36'),
(589, 15, 55.280512, -2.092989, '2024-12-23 09:44:36', '2024-12-23 09:44:36'),
(590, 16, 56.184101, -1.052307, '2024-12-23 09:44:36', '2024-12-23 09:44:36'),
(591, 18, 50.657701, -2.790020, '2024-12-23 09:44:36', '2024-12-23 09:44:36'),
(592, 15, 52.524822, -6.074421, '2024-12-23 09:44:40', '2024-12-23 09:44:40'),
(593, 16, 56.619051, -4.703773, '2024-12-23 09:44:40', '2024-12-23 09:44:40'),
(594, 18, 56.393123, 1.440345, '2024-12-23 09:44:40', '2024-12-23 09:44:40'),
(595, 15, 52.524822, -6.074421, '2024-12-23 09:44:40', '2024-12-23 09:44:40'),
(596, 16, 56.619051, -4.703773, '2024-12-23 09:44:40', '2024-12-23 09:44:40'),
(597, 18, 56.393123, 1.440345, '2024-12-23 09:44:40', '2024-12-23 09:44:40'),
(598, 15, 53.833097, -3.864086, '2024-12-23 09:44:46', '2024-12-23 09:44:46'),
(599, 16, 50.013499, -4.904988, '2024-12-23 09:44:46', '2024-12-23 09:44:46'),
(600, 18, 55.850733, -6.754555, '2024-12-23 09:44:46', '2024-12-23 09:44:46'),
(601, 15, 53.833097, -3.864086, '2024-12-23 09:44:46', '2024-12-23 09:44:46'),
(602, 16, 50.013499, -4.904988, '2024-12-23 09:44:46', '2024-12-23 09:44:46'),
(603, 18, 55.850733, -6.754555, '2024-12-23 09:44:46', '2024-12-23 09:44:46'),
(604, 15, 51.407089, -7.657612, '2024-12-23 09:44:54', '2024-12-23 09:44:54'),
(605, 16, 50.325285, -5.897334, '2024-12-23 09:44:54', '2024-12-23 09:44:54'),
(606, 18, 53.229216, -5.843018, '2024-12-23 09:44:54', '2024-12-23 09:44:54'),
(607, 15, 51.407089, -7.657612, '2024-12-23 09:44:54', '2024-12-23 09:44:54'),
(608, 16, 50.325285, -5.897334, '2024-12-23 09:44:54', '2024-12-23 09:44:54'),
(609, 18, 53.229216, -5.843018, '2024-12-23 09:44:54', '2024-12-23 09:44:54'),
(610, 15, 52.718914, -1.185908, '2024-12-23 09:45:04', '2024-12-23 09:45:04'),
(611, 16, 56.240921, -5.392988, '2024-12-23 09:45:04', '2024-12-23 09:45:04'),
(612, 18, 57.723791, -6.851653, '2024-12-23 09:45:04', '2024-12-23 09:45:04'),
(613, 15, 52.718914, -1.185908, '2024-12-23 09:45:04', '2024-12-23 09:45:04'),
(614, 16, 56.240921, -5.392988, '2024-12-23 09:45:04', '2024-12-23 09:45:04'),
(615, 18, 57.723791, -6.851653, '2024-12-23 09:45:04', '2024-12-23 09:45:04'),
(616, 15, 54.802491, -2.716401, '2024-12-23 09:45:20', '2024-12-23 09:45:20'),
(617, 16, 54.527811, -1.042435, '2024-12-23 09:45:20', '2024-12-23 09:45:20'),
(618, 18, 54.436967, -5.571388, '2024-12-23 09:45:20', '2024-12-23 09:45:20'),
(619, 15, 54.802491, -2.716401, '2024-12-23 09:45:20', '2024-12-23 09:45:20'),
(620, 16, 54.527811, -1.042435, '2024-12-23 09:45:20', '2024-12-23 09:45:20'),
(621, 18, 54.436967, -5.571388, '2024-12-23 09:45:20', '2024-12-23 09:45:20'),
(622, 15, 55.368902, 1.717612, '2024-12-23 09:45:52', '2024-12-23 09:45:52'),
(623, 16, 50.100214, -6.383572, '2024-12-23 09:45:52', '2024-12-23 09:45:52'),
(624, 18, 54.782324, -0.298764, '2024-12-23 09:45:52', '2024-12-23 09:45:52'),
(625, 15, 55.368902, 1.717612, '2024-12-23 09:45:52', '2024-12-23 09:45:52'),
(626, 16, 50.100214, -6.383572, '2024-12-23 09:45:52', '2024-12-23 09:45:52'),
(627, 18, 54.782324, -0.298764, '2024-12-23 09:45:52', '2024-12-23 09:45:52'),
(628, 15, 51.791069, -6.022959, '2024-12-23 09:46:28', '2024-12-23 09:46:28'),
(629, 16, 59.981988, -1.946072, '2024-12-23 09:46:28', '2024-12-23 09:46:28'),
(630, 18, 53.723008, -5.839196, '2024-12-23 09:46:28', '2024-12-23 09:46:28'),
(631, 15, 51.791069, -6.022959, '2024-12-23 09:46:28', '2024-12-23 09:46:28'),
(632, 16, 59.981988, -1.946072, '2024-12-23 09:46:28', '2024-12-23 09:46:28'),
(633, 18, 53.723008, -5.839196, '2024-12-23 09:46:28', '2024-12-23 09:46:28'),
(634, 15, 54.419347, 0.985186, '2024-12-23 09:47:35', '2024-12-23 09:47:35'),
(635, 16, 52.515825, -2.435626, '2024-12-23 09:47:35', '2024-12-23 09:47:35'),
(636, 18, 59.731785, -0.304559, '2024-12-23 09:47:35', '2024-12-23 09:47:35'),
(637, 15, 54.419347, 0.985186, '2024-12-23 09:47:35', '2024-12-23 09:47:35'),
(638, 16, 52.515825, -2.435626, '2024-12-23 09:47:35', '2024-12-23 09:47:35'),
(639, 18, 59.731785, -0.304559, '2024-12-23 09:47:35', '2024-12-23 09:47:35'),
(640, 15, 57.491930, 0.216621, '2024-12-23 09:49:36', '2024-12-23 09:49:36'),
(641, 16, 58.405419, 0.486914, '2024-12-23 09:49:36', '2024-12-23 09:49:36'),
(642, 18, 50.529256, -6.528387, '2024-12-23 09:49:36', '2024-12-23 09:49:36'),
(643, 15, 57.491930, 0.216621, '2024-12-23 09:49:36', '2024-12-23 09:49:36'),
(644, 16, 58.405419, 0.486914, '2024-12-23 09:49:36', '2024-12-23 09:49:36'),
(645, 18, 50.529256, -6.528387, '2024-12-23 09:49:36', '2024-12-23 09:49:36'),
(646, 15, 56.184184, -3.101791, '2024-12-23 09:49:39', '2024-12-23 09:49:39'),
(647, 16, 57.881244, 0.290373, '2024-12-23 09:49:39', '2024-12-23 09:49:39'),
(648, 18, 52.059111, 0.725493, '2024-12-23 09:49:39', '2024-12-23 09:49:39'),
(649, 15, 56.184184, -3.101791, '2024-12-23 09:49:39', '2024-12-23 09:49:39'),
(650, 16, 57.881244, 0.290373, '2024-12-23 09:49:39', '2024-12-23 09:49:39'),
(651, 18, 52.059111, 0.725493, '2024-12-23 09:49:39', '2024-12-23 09:49:39'),
(652, 15, 51.710698, -6.650728, '2024-12-23 09:49:43', '2024-12-23 09:49:43'),
(653, 16, 51.187461, -5.428159, '2024-12-23 09:49:43', '2024-12-23 09:49:43'),
(654, 18, 54.864293, -1.186304, '2024-12-23 09:49:43', '2024-12-23 09:49:43'),
(655, 15, 51.710698, -6.650728, '2024-12-23 09:49:43', '2024-12-23 09:49:43'),
(656, 16, 51.187461, -5.428159, '2024-12-23 09:49:43', '2024-12-23 09:49:43'),
(657, 18, 54.864293, -1.186304, '2024-12-23 09:49:43', '2024-12-23 09:49:43'),
(658, 15, 50.740371, -4.308550, '2024-12-23 09:49:47', '2024-12-23 09:49:47'),
(659, 16, 55.976261, -3.298042, '2024-12-23 09:49:47', '2024-12-23 09:49:47'),
(660, 18, 56.670459, -4.197091, '2024-12-23 09:49:47', '2024-12-23 09:49:47'),
(661, 15, 50.740371, -4.308550, '2024-12-23 09:49:47', '2024-12-23 09:49:47'),
(662, 16, 55.976261, -3.298042, '2024-12-23 09:49:47', '2024-12-23 09:49:47'),
(663, 18, 56.670459, -4.197091, '2024-12-23 09:49:47', '2024-12-23 09:49:47'),
(664, 15, 56.226050, -3.509691, '2024-12-23 09:49:52', '2024-12-23 09:49:52'),
(665, 16, 57.771905, -7.761582, '2024-12-23 09:49:52', '2024-12-23 09:49:52'),
(666, 18, 54.558374, -0.350590, '2024-12-23 09:49:52', '2024-12-23 09:49:52'),
(667, 15, 56.226050, -3.509691, '2024-12-23 09:49:52', '2024-12-23 09:49:52'),
(668, 16, 57.771905, -7.761582, '2024-12-23 09:49:52', '2024-12-23 09:49:52'),
(669, 18, 54.558374, -0.350590, '2024-12-23 09:49:52', '2024-12-23 09:49:52'),
(670, 15, 59.443889, -5.286607, '2024-12-23 09:50:01', '2024-12-23 09:50:01'),
(671, 16, 55.041806, -6.150283, '2024-12-23 09:50:01', '2024-12-23 09:50:01'),
(672, 18, 50.787823, -0.070779, '2024-12-23 09:50:01', '2024-12-23 09:50:01'),
(673, 15, 59.443889, -5.286607, '2024-12-23 09:50:01', '2024-12-23 09:50:01'),
(674, 16, 55.041806, -6.150283, '2024-12-23 09:50:01', '2024-12-23 09:50:01'),
(675, 18, 50.787823, -0.070779, '2024-12-23 09:50:01', '2024-12-23 09:50:01');
INSERT INTO `RidersLocations` (`id`, `rider_id`, `lat`, `lng`, `created_at`, `updated_at`) VALUES
(676, 15, 52.218128, -7.673221, '2024-12-23 09:50:14', '2024-12-23 09:50:14'),
(677, 16, 57.377555, -5.678044, '2024-12-23 09:50:14', '2024-12-23 09:50:14'),
(678, 18, 53.482427, -0.947972, '2024-12-23 09:50:14', '2024-12-23 09:50:14'),
(679, 15, 52.218128, -7.673221, '2024-12-23 09:50:14', '2024-12-23 09:50:14'),
(680, 16, 57.377555, -5.678044, '2024-12-23 09:50:14', '2024-12-23 09:50:14'),
(681, 18, 53.482427, -0.947972, '2024-12-23 09:50:15', '2024-12-23 09:50:15'),
(682, 15, 50.414167, -7.878386, '2024-12-23 09:50:41', '2024-12-23 09:50:41'),
(683, 16, 56.971168, -7.828530, '2024-12-23 09:50:41', '2024-12-23 09:50:41'),
(684, 18, 58.768186, -6.029943, '2024-12-23 09:50:41', '2024-12-23 09:50:41'),
(685, 15, 50.414167, -7.878386, '2024-12-23 09:50:41', '2024-12-23 09:50:41'),
(686, 16, 56.971168, -7.828530, '2024-12-23 09:50:41', '2024-12-23 09:50:41'),
(687, 18, 58.768186, -6.029943, '2024-12-23 09:50:41', '2024-12-23 09:50:41'),
(688, 15, 56.983071, -5.342143, '2024-12-23 09:51:15', '2024-12-23 09:51:15'),
(689, 16, 53.119333, -0.191148, '2024-12-23 09:51:15', '2024-12-23 09:51:15'),
(690, 18, 51.458546, -2.942309, '2024-12-23 09:51:15', '2024-12-23 09:51:15'),
(691, 15, 56.983071, -5.342143, '2024-12-23 09:51:15', '2024-12-23 09:51:15'),
(692, 16, 53.119333, -0.191148, '2024-12-23 09:51:15', '2024-12-23 09:51:15'),
(693, 18, 51.458546, -2.942309, '2024-12-23 09:51:15', '2024-12-23 09:51:15'),
(694, 15, 50.011480, -3.618858, '2024-12-23 09:52:07', '2024-12-23 09:52:07'),
(695, 16, 55.885027, -5.204496, '2024-12-23 09:52:07', '2024-12-23 09:52:07'),
(696, 18, 55.960408, -2.868658, '2024-12-23 09:52:07', '2024-12-23 09:52:07'),
(697, 15, 50.011480, -3.618858, '2024-12-23 09:52:07', '2024-12-23 09:52:07'),
(698, 16, 55.885027, -5.204496, '2024-12-23 09:52:07', '2024-12-23 09:52:07'),
(699, 18, 55.960408, -2.868658, '2024-12-23 09:52:07', '2024-12-23 09:52:07'),
(700, 15, 59.925198, -7.912745, '2024-12-23 09:53:42', '2024-12-23 09:53:42'),
(701, 16, 58.868935, -0.882590, '2024-12-23 09:53:42', '2024-12-23 09:53:42'),
(702, 18, 51.608472, -3.802652, '2024-12-23 09:53:42', '2024-12-23 09:53:42'),
(703, 15, 59.925198, -7.912745, '2024-12-23 09:53:42', '2024-12-23 09:53:42'),
(704, 16, 58.868935, -0.882590, '2024-12-23 09:53:42', '2024-12-23 09:53:42'),
(705, 18, 51.608472, -3.802652, '2024-12-23 09:53:42', '2024-12-23 09:53:42'),
(706, 15, 58.986093, -7.521227, '2024-12-23 09:54:28', '2024-12-23 09:54:28'),
(707, 16, 57.113047, -6.024138, '2024-12-23 09:54:28', '2024-12-23 09:54:28'),
(708, 18, 56.961098, 0.767177, '2024-12-23 09:54:28', '2024-12-23 09:54:28'),
(709, 15, 58.986093, -7.521227, '2024-12-23 09:54:28', '2024-12-23 09:54:28'),
(710, 16, 57.113047, -6.024138, '2024-12-23 09:54:28', '2024-12-23 09:54:28'),
(711, 18, 56.961098, 0.767177, '2024-12-23 09:54:28', '2024-12-23 09:54:28'),
(712, 15, 57.730239, 0.670959, '2024-12-23 09:54:31', '2024-12-23 09:54:31'),
(713, 16, 57.096432, -6.380661, '2024-12-23 09:54:31', '2024-12-23 09:54:31'),
(714, 18, 59.327582, -5.327132, '2024-12-23 09:54:31', '2024-12-23 09:54:31'),
(715, 15, 57.730239, 0.670959, '2024-12-23 09:54:31', '2024-12-23 09:54:31'),
(716, 16, 57.096432, -6.380661, '2024-12-23 09:54:31', '2024-12-23 09:54:31'),
(717, 18, 59.327582, -5.327132, '2024-12-23 09:54:31', '2024-12-23 09:54:31'),
(718, 15, 55.545874, -2.064874, '2024-12-23 09:54:34', '2024-12-23 09:54:34'),
(719, 16, 55.242164, -5.090116, '2024-12-23 09:54:34', '2024-12-23 09:54:34'),
(720, 18, 52.267034, -6.520484, '2024-12-23 09:54:34', '2024-12-23 09:54:34'),
(721, 15, 55.545874, -2.064874, '2024-12-23 09:54:34', '2024-12-23 09:54:34'),
(722, 16, 55.242164, -5.090116, '2024-12-23 09:54:34', '2024-12-23 09:54:34'),
(723, 18, 52.267034, -6.520484, '2024-12-23 09:54:34', '2024-12-23 09:54:34'),
(724, 15, 59.416618, -1.501481, '2024-12-23 09:54:40', '2024-12-23 09:54:40'),
(725, 16, 52.156799, -1.633112, '2024-12-23 09:54:40', '2024-12-23 09:54:40'),
(726, 18, 57.522288, 1.012412, '2024-12-23 09:54:40', '2024-12-23 09:54:40'),
(727, 15, 59.416618, -1.501481, '2024-12-23 09:54:40', '2024-12-23 09:54:40'),
(728, 16, 52.156799, -1.633112, '2024-12-23 09:54:40', '2024-12-23 09:54:40'),
(729, 18, 57.522288, 1.012412, '2024-12-23 09:54:40', '2024-12-23 09:54:40'),
(730, 15, 56.541389, 1.754451, '2024-12-23 09:54:50', '2024-12-23 09:54:50'),
(731, 16, 53.963524, -1.690780, '2024-12-23 09:54:50', '2024-12-23 09:54:50'),
(732, 18, 50.826490, -2.432190, '2024-12-23 09:54:50', '2024-12-23 09:54:50'),
(733, 15, 56.541389, 1.754451, '2024-12-23 09:54:50', '2024-12-23 09:54:50'),
(734, 16, 53.963524, -1.690780, '2024-12-23 09:54:50', '2024-12-23 09:54:50'),
(735, 18, 50.826490, -2.432190, '2024-12-23 09:54:50', '2024-12-23 09:54:50'),
(736, 15, 52.078308, -4.865854, '2024-12-23 09:54:58', '2024-12-23 09:54:58'),
(737, 16, 50.734992, -0.113297, '2024-12-23 09:54:58', '2024-12-23 09:54:58'),
(738, 18, 52.896042, -6.295439, '2024-12-23 09:54:58', '2024-12-23 09:54:58'),
(739, 15, 52.078308, -4.865854, '2024-12-23 09:54:58', '2024-12-23 09:54:58'),
(740, 16, 50.734992, -0.113297, '2024-12-23 09:54:58', '2024-12-23 09:54:58'),
(741, 18, 52.896042, -6.295439, '2024-12-23 09:54:58', '2024-12-23 09:54:58'),
(742, 15, 59.207139, -7.575113, '2024-12-23 09:55:15', '2024-12-23 09:55:15'),
(743, 16, 52.058262, 0.796614, '2024-12-23 09:55:15', '2024-12-23 09:55:15'),
(744, 18, 53.220434, -6.393103, '2024-12-23 09:55:15', '2024-12-23 09:55:15'),
(745, 15, 59.207139, -7.575113, '2024-12-23 09:55:15', '2024-12-23 09:55:15'),
(746, 16, 52.058262, 0.796614, '2024-12-23 09:55:15', '2024-12-23 09:55:15'),
(747, 18, 53.220434, -6.393103, '2024-12-23 09:55:15', '2024-12-23 09:55:15'),
(748, 15, 53.038438, 0.587637, '2024-12-23 09:55:21', '2024-12-23 09:55:21'),
(749, 16, 58.290472, -2.974099, '2024-12-23 09:55:21', '2024-12-23 09:55:21'),
(750, 18, 58.223324, -4.220428, '2024-12-23 09:55:21', '2024-12-23 09:55:21'),
(751, 15, 53.038438, 0.587637, '2024-12-23 09:55:21', '2024-12-23 09:55:21'),
(752, 16, 58.290472, -2.974099, '2024-12-23 09:55:21', '2024-12-23 09:55:21'),
(753, 18, 58.223324, -4.220428, '2024-12-23 09:55:21', '2024-12-23 09:55:21'),
(754, 15, 59.511328, 0.232440, '2024-12-23 09:55:55', '2024-12-23 09:55:55'),
(755, 16, 56.127290, -6.067561, '2024-12-23 09:55:55', '2024-12-23 09:55:55'),
(756, 18, 55.897173, 0.773185, '2024-12-23 09:55:55', '2024-12-23 09:55:55'),
(757, 15, 55.945524, -3.705238, '2024-12-24 07:16:45', '2024-12-24 07:16:45'),
(758, 16, 52.063982, -1.373955, '2024-12-24 07:16:45', '2024-12-24 07:16:45'),
(759, 18, 55.062520, 1.232258, '2024-12-24 07:16:45', '2024-12-24 07:16:45'),
(760, 15, 55.945524, -3.705238, '2024-12-24 07:16:45', '2024-12-24 07:16:45'),
(761, 16, 52.063982, -1.373955, '2024-12-24 07:16:45', '2024-12-24 07:16:45'),
(762, 18, 55.062520, 1.232258, '2024-12-24 07:16:45', '2024-12-24 07:16:45'),
(763, 15, 51.547900, -2.046797, '2024-12-24 07:16:48', '2024-12-24 07:16:48'),
(764, 16, 59.603544, -6.335630, '2024-12-24 07:16:48', '2024-12-24 07:16:48'),
(765, 18, 57.723462, -6.683793, '2024-12-24 07:16:48', '2024-12-24 07:16:48'),
(766, 15, 51.547900, -2.046797, '2024-12-24 07:16:48', '2024-12-24 07:16:48'),
(767, 16, 59.603544, -6.335630, '2024-12-24 07:16:48', '2024-12-24 07:16:48'),
(768, 18, 57.723462, -6.683793, '2024-12-24 07:16:48', '2024-12-24 07:16:48'),
(769, 15, 54.949575, -5.276325, '2024-12-24 07:16:51', '2024-12-24 07:16:51'),
(770, 16, 51.524601, 1.334413, '2024-12-24 07:16:51', '2024-12-24 07:16:51'),
(771, 18, 57.921000, -2.142319, '2024-12-24 07:16:51', '2024-12-24 07:16:51'),
(772, 15, 54.949575, -5.276325, '2024-12-24 07:16:51', '2024-12-24 07:16:51'),
(773, 16, 51.524601, 1.334413, '2024-12-24 07:16:51', '2024-12-24 07:16:51'),
(774, 18, 57.921000, -2.142319, '2024-12-24 07:16:51', '2024-12-24 07:16:51'),
(775, 15, 58.984052, -5.889533, '2024-12-24 07:16:54', '2024-12-24 07:16:54'),
(776, 16, 55.044526, -6.824836, '2024-12-24 07:16:54', '2024-12-24 07:16:54'),
(777, 18, 50.084753, 1.062533, '2024-12-24 07:16:54', '2024-12-24 07:16:54'),
(778, 15, 58.984052, -5.889533, '2024-12-24 07:16:54', '2024-12-24 07:16:54'),
(779, 16, 55.044526, -6.824836, '2024-12-24 07:16:54', '2024-12-24 07:16:54'),
(780, 18, 50.084753, 1.062533, '2024-12-24 07:16:54', '2024-12-24 07:16:54'),
(781, 15, 52.936058, 0.505157, '2024-12-24 07:16:57', '2024-12-24 07:16:57'),
(782, 16, 56.598418, 1.558948, '2024-12-24 07:16:57', '2024-12-24 07:16:57'),
(783, 18, 51.063957, -4.159047, '2024-12-24 07:16:57', '2024-12-24 07:16:57'),
(784, 15, 52.936058, 0.505157, '2024-12-24 07:16:57', '2024-12-24 07:16:57'),
(785, 16, 56.598418, 1.558948, '2024-12-24 07:16:57', '2024-12-24 07:16:57'),
(786, 18, 51.063957, -4.159047, '2024-12-24 07:16:57', '2024-12-24 07:16:57'),
(787, 15, 52.882265, 1.713677, '2024-12-24 07:17:00', '2024-12-24 07:17:00'),
(788, 16, 59.129205, 1.194830, '2024-12-24 07:17:00', '2024-12-24 07:17:00'),
(789, 18, 55.459469, -0.177647, '2024-12-24 07:17:00', '2024-12-24 07:17:00'),
(790, 15, 52.882265, 1.713677, '2024-12-24 07:17:00', '2024-12-24 07:17:00'),
(791, 16, 59.129205, 1.194830, '2024-12-24 07:17:00', '2024-12-24 07:17:00'),
(792, 18, 55.459469, -0.177647, '2024-12-24 07:17:00', '2024-12-24 07:17:00'),
(793, 15, 51.701268, -6.556362, '2024-12-24 07:17:03', '2024-12-24 07:17:03'),
(794, 16, 58.038868, -4.782986, '2024-12-24 07:17:03', '2024-12-24 07:17:03'),
(795, 18, 58.688544, -2.595184, '2024-12-24 07:17:03', '2024-12-24 07:17:03'),
(796, 15, 51.701268, -6.556362, '2024-12-24 07:17:03', '2024-12-24 07:17:03'),
(797, 16, 58.038868, -4.782986, '2024-12-24 07:17:03', '2024-12-24 07:17:03'),
(798, 18, 58.688544, -2.595184, '2024-12-24 07:17:03', '2024-12-24 07:17:03'),
(799, 15, 50.717762, 1.158799, '2024-12-24 07:17:07', '2024-12-24 07:17:07'),
(800, 16, 57.631028, -7.731680, '2024-12-24 07:17:07', '2024-12-24 07:17:07'),
(801, 18, 58.598152, 1.497475, '2024-12-24 07:17:07', '2024-12-24 07:17:07'),
(802, 15, 50.717762, 1.158799, '2024-12-24 07:17:07', '2024-12-24 07:17:07'),
(803, 16, 57.631028, -7.731680, '2024-12-24 07:17:07', '2024-12-24 07:17:07'),
(804, 18, 58.598152, 1.497475, '2024-12-24 07:17:07', '2024-12-24 07:17:07'),
(805, 15, 56.236992, -7.084497, '2024-12-24 07:17:11', '2024-12-24 07:17:11'),
(806, 16, 56.868369, -7.729346, '2024-12-24 07:17:11', '2024-12-24 07:17:11'),
(807, 18, 57.607905, 1.720515, '2024-12-24 07:17:11', '2024-12-24 07:17:11'),
(808, 15, 56.236992, -7.084497, '2024-12-24 07:17:11', '2024-12-24 07:17:11'),
(809, 16, 56.868369, -7.729346, '2024-12-24 07:17:11', '2024-12-24 07:17:11'),
(810, 18, 57.607905, 1.720515, '2024-12-24 07:17:11', '2024-12-24 07:17:11'),
(811, 15, 59.420428, -0.673990, '2024-12-24 07:17:15', '2024-12-24 07:17:15'),
(812, 16, 53.762721, 1.395460, '2024-12-24 07:17:15', '2024-12-24 07:17:15'),
(813, 18, 50.139400, -3.935338, '2024-12-24 07:17:15', '2024-12-24 07:17:15'),
(814, 15, 59.420428, -0.673990, '2024-12-24 07:17:15', '2024-12-24 07:17:15'),
(815, 16, 53.762721, 1.395460, '2024-12-24 07:17:15', '2024-12-24 07:17:15'),
(816, 18, 50.139400, -3.935338, '2024-12-24 07:17:15', '2024-12-24 07:17:15'),
(817, 15, 58.314496, -6.500816, '2024-12-24 07:17:19', '2024-12-24 07:17:19'),
(818, 16, 53.933232, -6.252166, '2024-12-24 07:17:19', '2024-12-24 07:17:19'),
(819, 18, 53.400821, -7.207814, '2024-12-24 07:17:19', '2024-12-24 07:17:19'),
(820, 15, 58.314496, -6.500816, '2024-12-24 07:17:19', '2024-12-24 07:17:19'),
(821, 16, 53.933232, -6.252166, '2024-12-24 07:17:19', '2024-12-24 07:17:19'),
(822, 18, 53.400821, -7.207814, '2024-12-24 07:17:19', '2024-12-24 07:17:19'),
(823, 15, 52.329773, 1.209798, '2024-12-24 07:17:23', '2024-12-24 07:17:23'),
(824, 16, 57.348364, -4.806976, '2024-12-24 07:17:23', '2024-12-24 07:17:23'),
(825, 18, 56.927577, -1.125429, '2024-12-24 07:17:23', '2024-12-24 07:17:23'),
(826, 15, 52.329773, 1.209798, '2024-12-24 07:17:23', '2024-12-24 07:17:23'),
(827, 16, 57.348364, -4.806976, '2024-12-24 07:17:23', '2024-12-24 07:17:23'),
(828, 18, 56.927577, -1.125429, '2024-12-24 07:17:23', '2024-12-24 07:17:23'),
(829, 15, 56.523767, -0.933279, '2024-12-24 07:17:27', '2024-12-24 07:17:27'),
(830, 16, 54.034073, 1.549157, '2024-12-24 07:17:27', '2024-12-24 07:17:27'),
(831, 18, 53.469270, -7.220968, '2024-12-24 07:17:27', '2024-12-24 07:17:27'),
(832, 15, 56.523767, -0.933279, '2024-12-24 07:17:27', '2024-12-24 07:17:27'),
(833, 16, 54.034073, 1.549157, '2024-12-24 07:17:27', '2024-12-24 07:17:27'),
(834, 18, 53.469270, -7.220968, '2024-12-24 07:17:27', '2024-12-24 07:17:27'),
(835, 15, 59.370005, 1.378673, '2024-12-24 07:17:31', '2024-12-24 07:17:31'),
(836, 16, 59.602638, -6.192145, '2024-12-24 07:17:31', '2024-12-24 07:17:31'),
(837, 18, 56.664050, 0.898071, '2024-12-24 07:17:31', '2024-12-24 07:17:31'),
(838, 15, 59.370005, 1.378673, '2024-12-24 07:17:31', '2024-12-24 07:17:31'),
(839, 16, 59.602638, -6.192145, '2024-12-24 07:17:31', '2024-12-24 07:17:31'),
(840, 18, 56.664050, 0.898071, '2024-12-24 07:17:31', '2024-12-24 07:17:31'),
(841, 15, 55.582237, -7.236305, '2024-12-24 07:17:35', '2024-12-24 07:17:35'),
(842, 16, 51.831135, -0.050872, '2024-12-24 07:17:35', '2024-12-24 07:17:35'),
(843, 18, 54.930347, -5.244026, '2024-12-24 07:17:35', '2024-12-24 07:17:35'),
(844, 15, 55.582237, -7.236305, '2024-12-24 07:17:35', '2024-12-24 07:17:35'),
(845, 16, 51.831135, -0.050872, '2024-12-24 07:17:35', '2024-12-24 07:17:35'),
(846, 18, 54.930347, -5.244026, '2024-12-24 07:17:35', '2024-12-24 07:17:35'),
(847, 15, 55.171028, -6.338960, '2024-12-24 07:17:39', '2024-12-24 07:17:39'),
(848, 16, 57.632078, 0.706687, '2024-12-24 07:17:39', '2024-12-24 07:17:39'),
(849, 18, 51.811691, -2.266940, '2024-12-24 07:17:39', '2024-12-24 07:17:39'),
(850, 15, 55.171028, -6.338960, '2024-12-24 07:17:39', '2024-12-24 07:17:39'),
(851, 16, 57.632078, 0.706687, '2024-12-24 07:17:39', '2024-12-24 07:17:39'),
(852, 18, 51.811691, -2.266940, '2024-12-24 07:17:39', '2024-12-24 07:17:39'),
(853, 15, 56.105025, -6.869103, '2024-12-24 07:17:43', '2024-12-24 07:17:43'),
(854, 16, 51.059393, -2.967330, '2024-12-24 07:17:43', '2024-12-24 07:17:43'),
(855, 18, 52.262318, -3.922822, '2024-12-24 07:17:43', '2024-12-24 07:17:43'),
(856, 15, 56.105025, -6.869103, '2024-12-24 07:17:43', '2024-12-24 07:17:43'),
(857, 16, 51.059393, -2.967330, '2024-12-24 07:17:43', '2024-12-24 07:17:43'),
(858, 18, 52.262318, -3.922822, '2024-12-24 07:17:43', '2024-12-24 07:17:43'),
(859, 15, 55.849606, -4.257320, '2024-12-24 07:17:47', '2024-12-24 07:17:47'),
(860, 16, 56.885582, -0.380873, '2024-12-24 07:17:47', '2024-12-24 07:17:47'),
(861, 18, 56.508394, -2.597016, '2024-12-24 07:17:47', '2024-12-24 07:17:47'),
(862, 15, 55.849606, -4.257320, '2024-12-24 07:17:47', '2024-12-24 07:17:47'),
(863, 16, 56.885582, -0.380873, '2024-12-24 07:17:47', '2024-12-24 07:17:47'),
(864, 18, 56.508394, -2.597016, '2024-12-24 07:17:47', '2024-12-24 07:17:47'),
(865, 15, 58.324237, -5.342560, '2024-12-24 07:17:51', '2024-12-24 07:17:51'),
(866, 16, 53.614358, -2.712181, '2024-12-24 07:17:51', '2024-12-24 07:17:51'),
(867, 18, 53.274721, 0.219653, '2024-12-24 07:17:51', '2024-12-24 07:17:51'),
(868, 15, 58.324237, -5.342560, '2024-12-24 07:17:51', '2024-12-24 07:17:51'),
(869, 16, 53.614358, -2.712181, '2024-12-24 07:17:51', '2024-12-24 07:17:51'),
(870, 18, 53.274721, 0.219653, '2024-12-24 07:17:51', '2024-12-24 07:17:51'),
(871, 15, 52.183092, 1.236627, '2024-12-24 07:17:54', '2024-12-24 07:17:54'),
(872, 16, 50.570851, 0.221217, '2024-12-24 07:17:54', '2024-12-24 07:17:54'),
(873, 18, 50.620968, -3.187624, '2024-12-24 07:17:54', '2024-12-24 07:17:54'),
(874, 15, 52.183092, 1.236627, '2024-12-24 07:17:54', '2024-12-24 07:17:54'),
(875, 16, 50.570851, 0.221217, '2024-12-24 07:17:54', '2024-12-24 07:17:54'),
(876, 18, 50.620968, -3.187624, '2024-12-24 07:17:54', '2024-12-24 07:17:54'),
(877, 15, 53.102157, 1.767927, '2024-12-24 07:17:57', '2024-12-24 07:17:57'),
(878, 16, 50.908321, -0.854504, '2024-12-24 07:17:57', '2024-12-24 07:17:57'),
(879, 18, 51.350880, -3.507618, '2024-12-24 07:17:57', '2024-12-24 07:17:57'),
(880, 15, 53.102157, 1.767927, '2024-12-24 07:17:57', '2024-12-24 07:17:57'),
(881, 16, 50.908321, -0.854504, '2024-12-24 07:17:57', '2024-12-24 07:17:57'),
(882, 18, 51.350880, -3.507618, '2024-12-24 07:17:57', '2024-12-24 07:17:57'),
(883, 15, 50.662088, -7.508791, '2024-12-24 07:18:00', '2024-12-24 07:18:00'),
(884, 16, 53.461923, -2.403847, '2024-12-24 07:18:00', '2024-12-24 07:18:00'),
(885, 18, 56.337624, -2.850070, '2024-12-24 07:18:00', '2024-12-24 07:18:00'),
(886, 15, 50.662088, -7.508791, '2024-12-24 07:18:00', '2024-12-24 07:18:00'),
(887, 16, 53.461923, -2.403847, '2024-12-24 07:18:00', '2024-12-24 07:18:00'),
(888, 18, 56.337624, -2.850070, '2024-12-24 07:18:00', '2024-12-24 07:18:00'),
(889, 15, 50.287100, -0.062719, '2024-12-24 07:18:04', '2024-12-24 07:18:04'),
(890, 16, 50.785940, -7.385860, '2024-12-24 07:18:04', '2024-12-24 07:18:04'),
(891, 18, 51.946309, -6.458704, '2024-12-24 07:18:04', '2024-12-24 07:18:04'),
(892, 15, 50.287100, -0.062719, '2024-12-24 07:18:04', '2024-12-24 07:18:04'),
(893, 16, 50.785940, -7.385860, '2024-12-24 07:18:04', '2024-12-24 07:18:04'),
(894, 18, 51.946309, -6.458704, '2024-12-24 07:18:04', '2024-12-24 07:18:04'),
(895, 15, 56.807983, -7.404816, '2024-12-24 07:18:08', '2024-12-24 07:18:08'),
(896, 16, 53.150398, 1.059219, '2024-12-24 07:18:08', '2024-12-24 07:18:08'),
(897, 18, 50.159935, -0.963162, '2024-12-24 07:18:08', '2024-12-24 07:18:08'),
(898, 15, 56.807983, -7.404816, '2024-12-24 07:18:08', '2024-12-24 07:18:08'),
(899, 16, 53.150398, 1.059219, '2024-12-24 07:18:08', '2024-12-24 07:18:08'),
(900, 18, 50.159935, -0.963162, '2024-12-24 07:18:08', '2024-12-24 07:18:08'),
(901, 15, 59.623721, -6.062973, '2024-12-24 07:18:12', '2024-12-24 07:18:12'),
(902, 16, 54.849475, -0.407202, '2024-12-24 07:18:12', '2024-12-24 07:18:12'),
(903, 18, 51.012289, -6.723424, '2024-12-24 07:18:12', '2024-12-24 07:18:12'),
(904, 15, 59.623721, -6.062973, '2024-12-24 07:18:12', '2024-12-24 07:18:12'),
(905, 16, 54.849475, -0.407202, '2024-12-24 07:18:12', '2024-12-24 07:18:12'),
(906, 18, 51.012289, -6.723424, '2024-12-24 07:18:12', '2024-12-24 07:18:12'),
(907, 15, 51.086471, -3.596013, '2024-12-24 07:18:16', '2024-12-24 07:18:16'),
(908, 16, 52.276690, 0.080393, '2024-12-24 07:18:16', '2024-12-24 07:18:16'),
(909, 18, 51.769628, -4.163161, '2024-12-24 07:18:16', '2024-12-24 07:18:16'),
(910, 15, 51.086471, -3.596013, '2024-12-24 07:18:16', '2024-12-24 07:18:16'),
(911, 16, 52.276690, 0.080393, '2024-12-24 07:18:16', '2024-12-24 07:18:16'),
(912, 18, 51.769628, -4.163161, '2024-12-24 07:18:16', '2024-12-24 07:18:16'),
(913, 15, 52.273276, -7.288691, '2024-12-24 07:18:20', '2024-12-24 07:18:20'),
(914, 16, 54.731711, 0.685053, '2024-12-24 07:18:20', '2024-12-24 07:18:20'),
(915, 18, 50.143256, -3.081072, '2024-12-24 07:18:20', '2024-12-24 07:18:20'),
(916, 15, 52.273276, -7.288691, '2024-12-24 07:18:20', '2024-12-24 07:18:20'),
(917, 16, 54.731711, 0.685053, '2024-12-24 07:18:20', '2024-12-24 07:18:20'),
(918, 18, 50.143256, -3.081072, '2024-12-24 07:18:20', '2024-12-24 07:18:20'),
(919, 15, 53.628918, -6.193269, '2024-12-24 07:18:24', '2024-12-24 07:18:24'),
(920, 16, 52.051554, -4.464239, '2024-12-24 07:18:24', '2024-12-24 07:18:24'),
(921, 18, 55.625857, -3.691756, '2024-12-24 07:18:24', '2024-12-24 07:18:24'),
(922, 15, 53.628918, -6.193269, '2024-12-24 07:18:24', '2024-12-24 07:18:24'),
(923, 16, 52.051554, -4.464239, '2024-12-24 07:18:24', '2024-12-24 07:18:24'),
(924, 18, 55.625857, -3.691756, '2024-12-24 07:18:24', '2024-12-24 07:18:24'),
(925, 15, 50.522348, -2.055238, '2024-12-24 07:18:28', '2024-12-24 07:18:28'),
(926, 16, 57.813739, -0.494985, '2024-12-24 07:18:28', '2024-12-24 07:18:28'),
(927, 18, 57.066682, -3.071409, '2024-12-24 07:18:28', '2024-12-24 07:18:28'),
(928, 15, 50.522348, -2.055238, '2024-12-24 07:18:28', '2024-12-24 07:18:28'),
(929, 16, 57.813739, -0.494985, '2024-12-24 07:18:28', '2024-12-24 07:18:28'),
(930, 18, 57.066682, -3.071409, '2024-12-24 07:18:28', '2024-12-24 07:18:28'),
(931, 15, 56.714878, 1.046389, '2024-12-24 07:18:32', '2024-12-24 07:18:32'),
(932, 16, 53.069898, -6.990593, '2024-12-24 07:18:32', '2024-12-24 07:18:32'),
(933, 18, 53.130848, -2.232178, '2024-12-24 07:18:32', '2024-12-24 07:18:32'),
(934, 15, 56.714878, 1.046389, '2024-12-24 07:18:32', '2024-12-24 07:18:32'),
(935, 16, 53.069898, -6.990593, '2024-12-24 07:18:32', '2024-12-24 07:18:32'),
(936, 18, 53.130848, -2.232178, '2024-12-24 07:18:32', '2024-12-24 07:18:32'),
(937, 15, 54.369892, -4.142392, '2024-12-24 07:18:36', '2024-12-24 07:18:36'),
(938, 16, 53.873931, -2.767694, '2024-12-24 07:18:36', '2024-12-24 07:18:36'),
(939, 18, 59.152945, -1.778908, '2024-12-24 07:18:36', '2024-12-24 07:18:36'),
(940, 15, 54.369892, -4.142392, '2024-12-24 07:18:36', '2024-12-24 07:18:36'),
(941, 16, 53.873931, -2.767694, '2024-12-24 07:18:36', '2024-12-24 07:18:36'),
(942, 18, 59.152945, -1.778908, '2024-12-24 07:18:36', '2024-12-24 07:18:36'),
(943, 15, 51.686144, -6.905370, '2024-12-24 07:18:40', '2024-12-24 07:18:40'),
(944, 16, 58.944501, -3.793662, '2024-12-24 07:18:40', '2024-12-24 07:18:40'),
(945, 18, 56.831358, 1.221584, '2024-12-24 07:18:40', '2024-12-24 07:18:40'),
(946, 15, 51.686144, -6.905370, '2024-12-24 07:18:40', '2024-12-24 07:18:40'),
(947, 16, 58.944501, -3.793662, '2024-12-24 07:18:40', '2024-12-24 07:18:40'),
(948, 18, 56.831358, 1.221584, '2024-12-24 07:18:40', '2024-12-24 07:18:40'),
(949, 15, 52.254197, 0.107604, '2024-12-24 07:18:44', '2024-12-24 07:18:44'),
(950, 16, 55.156047, -4.044061, '2024-12-24 07:18:44', '2024-12-24 07:18:44'),
(951, 18, 52.228861, 0.271953, '2024-12-24 07:18:44', '2024-12-24 07:18:44'),
(952, 15, 52.254197, 0.107604, '2024-12-24 07:18:44', '2024-12-24 07:18:44'),
(953, 16, 55.156047, -4.044061, '2024-12-24 07:18:44', '2024-12-24 07:18:44'),
(954, 18, 52.228861, 0.271953, '2024-12-24 07:18:44', '2024-12-24 07:18:44'),
(955, 15, 57.683820, -4.329707, '2024-12-24 07:18:48', '2024-12-24 07:18:48'),
(956, 16, 50.965300, -2.717264, '2024-12-24 07:18:48', '2024-12-24 07:18:48'),
(957, 18, 55.680846, 0.345991, '2024-12-24 07:18:48', '2024-12-24 07:18:48'),
(958, 15, 57.683820, -4.329707, '2024-12-24 07:18:48', '2024-12-24 07:18:48'),
(959, 16, 50.965300, -2.717264, '2024-12-24 07:18:48', '2024-12-24 07:18:48'),
(960, 18, 55.680846, 0.345991, '2024-12-24 07:18:48', '2024-12-24 07:18:48'),
(961, 15, 54.902223, -7.118657, '2024-12-24 07:18:52', '2024-12-24 07:18:52'),
(962, 16, 58.329690, -7.515113, '2024-12-24 07:18:52', '2024-12-24 07:18:52'),
(963, 18, 54.793467, -2.791079, '2024-12-24 07:18:52', '2024-12-24 07:18:52'),
(964, 15, 54.902223, -7.118657, '2024-12-24 07:18:52', '2024-12-24 07:18:52'),
(965, 16, 58.329690, -7.515113, '2024-12-24 07:18:52', '2024-12-24 07:18:52'),
(966, 18, 54.793467, -2.791079, '2024-12-24 07:18:52', '2024-12-24 07:18:52'),
(967, 15, 53.534488, -7.217256, '2024-12-24 07:18:56', '2024-12-24 07:18:56'),
(968, 16, 51.872055, 0.151283, '2024-12-24 07:18:56', '2024-12-24 07:18:56'),
(969, 18, 54.099888, -6.356139, '2024-12-24 07:18:56', '2024-12-24 07:18:56'),
(970, 15, 53.534488, -7.217256, '2024-12-24 07:18:56', '2024-12-24 07:18:56'),
(971, 16, 51.872055, 0.151283, '2024-12-24 07:18:56', '2024-12-24 07:18:56'),
(972, 18, 54.099888, -6.356139, '2024-12-24 07:18:56', '2024-12-24 07:18:56'),
(973, 15, 57.307693, -1.123859, '2024-12-24 07:19:00', '2024-12-24 07:19:00'),
(974, 16, 58.089527, -4.269445, '2024-12-24 07:19:00', '2024-12-24 07:19:00'),
(975, 18, 58.855416, -7.807841, '2024-12-24 07:19:00', '2024-12-24 07:19:00'),
(976, 15, 57.307693, -1.123859, '2024-12-24 07:19:00', '2024-12-24 07:19:00'),
(977, 16, 58.089527, -4.269445, '2024-12-24 07:19:00', '2024-12-24 07:19:00'),
(978, 18, 58.855416, -7.807841, '2024-12-24 07:19:00', '2024-12-24 07:19:00'),
(979, 15, 55.385377, -5.376102, '2024-12-24 07:19:04', '2024-12-24 07:19:04'),
(980, 16, 56.890600, -7.807139, '2024-12-24 07:19:04', '2024-12-24 07:19:04'),
(981, 18, 57.333012, -1.620401, '2024-12-24 07:19:04', '2024-12-24 07:19:04'),
(982, 15, 55.385377, -5.376102, '2024-12-24 07:19:04', '2024-12-24 07:19:04'),
(983, 16, 56.890600, -7.807139, '2024-12-24 07:19:04', '2024-12-24 07:19:04'),
(984, 18, 57.333012, -1.620401, '2024-12-24 07:19:04', '2024-12-24 07:19:04'),
(985, 15, 59.431212, -7.615074, '2024-12-24 07:19:08', '2024-12-24 07:19:08'),
(986, 16, 56.575303, -1.944910, '2024-12-24 07:19:08', '2024-12-24 07:19:08'),
(987, 18, 52.061178, -4.994736, '2024-12-24 07:19:08', '2024-12-24 07:19:08'),
(988, 15, 59.431212, -7.615074, '2024-12-24 07:19:08', '2024-12-24 07:19:08'),
(989, 16, 56.575303, -1.944910, '2024-12-24 07:19:08', '2024-12-24 07:19:08'),
(990, 18, 52.061178, -4.994736, '2024-12-24 07:19:08', '2024-12-24 07:19:08'),
(991, 15, 51.295269, -7.229013, '2024-12-24 07:19:12', '2024-12-24 07:19:12'),
(992, 16, 56.573823, -3.718366, '2024-12-24 07:19:12', '2024-12-24 07:19:12'),
(993, 18, 54.729474, -0.995799, '2024-12-24 07:19:12', '2024-12-24 07:19:12'),
(994, 15, 51.295269, -7.229013, '2024-12-24 07:19:12', '2024-12-24 07:19:12'),
(995, 16, 56.573823, -3.718366, '2024-12-24 07:19:12', '2024-12-24 07:19:12'),
(996, 18, 54.729474, -0.995799, '2024-12-24 07:19:12', '2024-12-24 07:19:12'),
(997, 15, 50.984879, 0.142970, '2024-12-24 07:19:16', '2024-12-24 07:19:16'),
(998, 16, 59.038003, -7.727467, '2024-12-24 07:19:16', '2024-12-24 07:19:16'),
(999, 18, 54.671976, 1.897445, '2024-12-24 07:19:16', '2024-12-24 07:19:16'),
(1000, 15, 50.984879, 0.142970, '2024-12-24 07:19:16', '2024-12-24 07:19:16'),
(1001, 16, 59.038003, -7.727467, '2024-12-24 07:19:16', '2024-12-24 07:19:16'),
(1002, 18, 54.671976, 1.897445, '2024-12-24 07:19:16', '2024-12-24 07:19:16'),
(1003, 15, 59.026409, -4.082625, '2024-12-24 07:19:20', '2024-12-24 07:19:20'),
(1004, 16, 55.262246, -0.222352, '2024-12-24 07:19:20', '2024-12-24 07:19:20'),
(1005, 18, 55.329520, 0.045179, '2024-12-24 07:19:20', '2024-12-24 07:19:20'),
(1006, 15, 59.026409, -4.082625, '2024-12-24 07:19:20', '2024-12-24 07:19:20'),
(1007, 16, 55.262246, -0.222352, '2024-12-24 07:19:20', '2024-12-24 07:19:20'),
(1008, 18, 55.329520, 0.045179, '2024-12-24 07:19:20', '2024-12-24 07:19:20'),
(1009, 15, 50.793329, 0.923782, '2024-12-24 07:19:24', '2024-12-24 07:19:24'),
(1010, 16, 57.656714, 0.061241, '2024-12-24 07:19:24', '2024-12-24 07:19:24'),
(1011, 18, 59.341083, -5.494735, '2024-12-24 07:19:24', '2024-12-24 07:19:24'),
(1012, 15, 50.793329, 0.923782, '2024-12-24 07:19:24', '2024-12-24 07:19:24'),
(1013, 16, 57.656714, 0.061241, '2024-12-24 07:19:24', '2024-12-24 07:19:24'),
(1014, 18, 59.341083, -5.494735, '2024-12-24 07:19:24', '2024-12-24 07:19:24'),
(1015, 15, 57.301868, -6.157303, '2024-12-24 07:19:28', '2024-12-24 07:19:28'),
(1016, 16, 50.321068, -2.285810, '2024-12-24 07:19:28', '2024-12-24 07:19:28'),
(1017, 18, 55.908839, -6.053380, '2024-12-24 07:19:28', '2024-12-24 07:19:28'),
(1018, 15, 57.301868, -6.157303, '2024-12-24 07:19:28', '2024-12-24 07:19:28'),
(1019, 16, 50.321068, -2.285810, '2024-12-24 07:19:28', '2024-12-24 07:19:28'),
(1020, 18, 55.908839, -6.053380, '2024-12-24 07:19:28', '2024-12-24 07:19:28'),
(1021, 15, 52.384371, -4.614644, '2024-12-24 07:19:32', '2024-12-24 07:19:32'),
(1022, 16, 58.152339, -1.578255, '2024-12-24 07:19:32', '2024-12-24 07:19:32'),
(1023, 18, 52.614777, -7.869747, '2024-12-24 07:19:32', '2024-12-24 07:19:32'),
(1024, 15, 52.384371, -4.614644, '2024-12-24 07:19:32', '2024-12-24 07:19:32'),
(1025, 16, 58.152339, -1.578255, '2024-12-24 07:19:32', '2024-12-24 07:19:32'),
(1026, 18, 52.614777, -7.869747, '2024-12-24 07:19:32', '2024-12-24 07:19:32'),
(1027, 15, 51.477620, -1.964480, '2024-12-24 07:19:36', '2024-12-24 07:19:36'),
(1028, 16, 56.578316, -1.907312, '2024-12-24 07:19:36', '2024-12-24 07:19:36'),
(1029, 18, 58.677254, -4.589977, '2024-12-24 07:19:36', '2024-12-24 07:19:36'),
(1030, 15, 51.477620, -1.964480, '2024-12-24 07:19:36', '2024-12-24 07:19:36'),
(1031, 16, 56.578316, -1.907312, '2024-12-24 07:19:36', '2024-12-24 07:19:36'),
(1032, 18, 58.677254, -4.589977, '2024-12-24 07:19:36', '2024-12-24 07:19:36'),
(1033, 15, 59.136769, -1.868130, '2024-12-24 07:19:40', '2024-12-24 07:19:40'),
(1034, 16, 56.793826, -7.038315, '2024-12-24 07:19:40', '2024-12-24 07:19:40'),
(1035, 18, 52.529027, -2.985418, '2024-12-24 07:19:40', '2024-12-24 07:19:40'),
(1036, 15, 59.136769, -1.868130, '2024-12-24 07:19:40', '2024-12-24 07:19:40'),
(1037, 16, 56.793826, -7.038315, '2024-12-24 07:19:40', '2024-12-24 07:19:40'),
(1038, 18, 52.529027, -2.985418, '2024-12-24 07:19:40', '2024-12-24 07:19:40'),
(1039, 15, 58.309062, -7.682220, '2024-12-24 07:19:44', '2024-12-24 07:19:44'),
(1040, 16, 50.644140, -2.126140, '2024-12-24 07:19:44', '2024-12-24 07:19:44'),
(1041, 18, 58.844432, -0.851230, '2024-12-24 07:19:44', '2024-12-24 07:19:44'),
(1042, 15, 58.309062, -7.682220, '2024-12-24 07:19:44', '2024-12-24 07:19:44'),
(1043, 16, 50.644140, -2.126140, '2024-12-24 07:19:44', '2024-12-24 07:19:44'),
(1044, 18, 58.844432, -0.851230, '2024-12-24 07:19:44', '2024-12-24 07:19:44'),
(1045, 15, 59.392190, -4.243212, '2024-12-24 07:19:48', '2024-12-24 07:19:48'),
(1046, 16, 51.157598, -7.400475, '2024-12-24 07:19:48', '2024-12-24 07:19:48'),
(1047, 18, 50.292329, 1.885398, '2024-12-24 07:19:48', '2024-12-24 07:19:48'),
(1048, 15, 59.392190, -4.243212, '2024-12-24 07:19:48', '2024-12-24 07:19:48'),
(1049, 16, 51.157598, -7.400475, '2024-12-24 07:19:48', '2024-12-24 07:19:48'),
(1050, 18, 50.292329, 1.885398, '2024-12-24 07:19:48', '2024-12-24 07:19:48'),
(1051, 15, 54.429185, -7.166655, '2024-12-24 07:19:52', '2024-12-24 07:19:52'),
(1052, 16, 59.469947, -5.629768, '2024-12-24 07:19:52', '2024-12-24 07:19:52'),
(1053, 18, 56.071130, -0.407324, '2024-12-24 07:19:52', '2024-12-24 07:19:52'),
(1054, 15, 54.429185, -7.166655, '2024-12-24 07:19:52', '2024-12-24 07:19:52'),
(1055, 16, 59.469947, -5.629768, '2024-12-24 07:19:52', '2024-12-24 07:19:52'),
(1056, 18, 56.071130, -0.407324, '2024-12-24 07:19:52', '2024-12-24 07:19:52'),
(1057, 15, 57.044672, -3.359192, '2024-12-24 07:19:56', '2024-12-24 07:19:56'),
(1058, 16, 55.450344, -3.571372, '2024-12-24 07:19:56', '2024-12-24 07:19:56'),
(1059, 18, 51.259594, 0.119624, '2024-12-24 07:19:56', '2024-12-24 07:19:56'),
(1060, 15, 57.044672, -3.359192, '2024-12-24 07:19:56', '2024-12-24 07:19:56'),
(1061, 16, 55.450344, -3.571372, '2024-12-24 07:19:56', '2024-12-24 07:19:56'),
(1062, 18, 51.259594, 0.119624, '2024-12-24 07:19:56', '2024-12-24 07:19:56'),
(1063, 15, 50.293389, -6.988645, '2024-12-24 07:20:00', '2024-12-24 07:20:00'),
(1064, 16, 59.725779, -5.920659, '2024-12-24 07:20:00', '2024-12-24 07:20:00'),
(1065, 18, 51.175905, -5.493028, '2024-12-24 07:20:00', '2024-12-24 07:20:00'),
(1066, 15, 50.293389, -6.988645, '2024-12-24 07:20:00', '2024-12-24 07:20:00'),
(1067, 16, 59.725779, -5.920659, '2024-12-24 07:20:00', '2024-12-24 07:20:00'),
(1068, 18, 51.175905, -5.493028, '2024-12-24 07:20:00', '2024-12-24 07:20:00'),
(1069, 15, 53.587283, -0.579896, '2024-12-24 07:20:04', '2024-12-24 07:20:04'),
(1070, 16, 59.362029, -0.817498, '2024-12-24 07:20:04', '2024-12-24 07:20:04'),
(1071, 18, 58.259307, -3.586087, '2024-12-24 07:20:04', '2024-12-24 07:20:04'),
(1072, 15, 53.587283, -0.579896, '2024-12-24 07:20:04', '2024-12-24 07:20:04'),
(1073, 16, 59.362029, -0.817498, '2024-12-24 07:20:04', '2024-12-24 07:20:04'),
(1074, 18, 58.259307, -3.586087, '2024-12-24 07:20:04', '2024-12-24 07:20:04'),
(1075, 15, 56.318039, -4.692735, '2024-12-24 07:20:08', '2024-12-24 07:20:08'),
(1076, 16, 58.161135, 1.047167, '2024-12-24 07:20:08', '2024-12-24 07:20:08'),
(1077, 18, 59.900423, -2.401593, '2024-12-24 07:20:08', '2024-12-24 07:20:08'),
(1078, 15, 56.318039, -4.692735, '2024-12-24 07:20:08', '2024-12-24 07:20:08'),
(1079, 16, 58.161135, 1.047167, '2024-12-24 07:20:08', '2024-12-24 07:20:08'),
(1080, 18, 59.900423, -2.401593, '2024-12-24 07:20:08', '2024-12-24 07:20:08'),
(1081, 15, 52.562676, -6.445833, '2024-12-24 07:20:12', '2024-12-24 07:20:12'),
(1082, 16, 59.714332, -4.975080, '2024-12-24 07:20:12', '2024-12-24 07:20:12'),
(1083, 18, 58.946368, -0.060304, '2024-12-24 07:20:12', '2024-12-24 07:20:12'),
(1084, 15, 52.562676, -6.445833, '2024-12-24 07:20:12', '2024-12-24 07:20:12'),
(1085, 16, 59.714332, -4.975080, '2024-12-24 07:20:12', '2024-12-24 07:20:12'),
(1086, 18, 58.946368, -0.060304, '2024-12-24 07:20:12', '2024-12-24 07:20:12'),
(1087, 15, 56.977325, 1.530309, '2024-12-24 07:20:16', '2024-12-24 07:20:16'),
(1088, 16, 54.662577, -0.345779, '2024-12-24 07:20:16', '2024-12-24 07:20:16'),
(1089, 18, 51.062213, -7.397392, '2024-12-24 07:20:16', '2024-12-24 07:20:16'),
(1090, 15, 56.977325, 1.530309, '2024-12-24 07:20:16', '2024-12-24 07:20:16'),
(1091, 16, 54.662577, -0.345779, '2024-12-24 07:20:16', '2024-12-24 07:20:16'),
(1092, 18, 51.062213, -7.397392, '2024-12-24 07:20:16', '2024-12-24 07:20:16'),
(1093, 15, 59.569773, -4.654200, '2024-12-24 07:20:20', '2024-12-24 07:20:20'),
(1094, 16, 54.918063, -2.574935, '2024-12-24 07:20:20', '2024-12-24 07:20:20'),
(1095, 18, 59.608427, -7.455470, '2024-12-24 07:20:20', '2024-12-24 07:20:20'),
(1096, 15, 59.569773, -4.654200, '2024-12-24 07:20:20', '2024-12-24 07:20:20'),
(1097, 16, 54.918063, -2.574935, '2024-12-24 07:20:20', '2024-12-24 07:20:20'),
(1098, 18, 59.608427, -7.455470, '2024-12-24 07:20:20', '2024-12-24 07:20:20'),
(1099, 15, 54.958465, -1.866801, '2024-12-24 07:20:24', '2024-12-24 07:20:24'),
(1100, 16, 52.406970, -0.745788, '2024-12-24 07:20:24', '2024-12-24 07:20:24'),
(1101, 18, 57.644218, -0.332360, '2024-12-24 07:20:24', '2024-12-24 07:20:24'),
(1102, 15, 54.958465, -1.866801, '2024-12-24 07:20:24', '2024-12-24 07:20:24'),
(1103, 16, 52.406970, -0.745788, '2024-12-24 07:20:24', '2024-12-24 07:20:24'),
(1104, 18, 57.644218, -0.332360, '2024-12-24 07:20:24', '2024-12-24 07:20:24'),
(1105, 15, 58.565288, -4.163085, '2024-12-24 07:20:28', '2024-12-24 07:20:28'),
(1106, 16, 56.772883, 1.071957, '2024-12-24 07:20:28', '2024-12-24 07:20:28'),
(1107, 18, 51.945096, -3.243508, '2024-12-24 07:20:28', '2024-12-24 07:20:28'),
(1108, 15, 58.565288, -4.163085, '2024-12-24 07:20:28', '2024-12-24 07:20:28'),
(1109, 16, 56.772883, 1.071957, '2024-12-24 07:20:28', '2024-12-24 07:20:28'),
(1110, 18, 51.945096, -3.243508, '2024-12-24 07:20:28', '2024-12-24 07:20:28'),
(1111, 15, 56.657081, -3.917993, '2024-12-24 07:20:32', '2024-12-24 07:20:32'),
(1112, 16, 51.807106, -6.710940, '2024-12-24 07:20:32', '2024-12-24 07:20:32'),
(1113, 18, 55.368425, -7.021623, '2024-12-24 07:20:32', '2024-12-24 07:20:32'),
(1114, 15, 56.657081, -3.917993, '2024-12-24 07:20:32', '2024-12-24 07:20:32'),
(1115, 16, 51.807106, -6.710940, '2024-12-24 07:20:32', '2024-12-24 07:20:32'),
(1116, 18, 55.368425, -7.021623, '2024-12-24 07:20:32', '2024-12-24 07:20:32'),
(1117, 15, 54.666386, -5.769691, '2024-12-24 07:20:36', '2024-12-24 07:20:36'),
(1118, 16, 51.867975, 0.574776, '2024-12-24 07:20:36', '2024-12-24 07:20:36'),
(1119, 18, 53.731715, -5.104294, '2024-12-24 07:20:36', '2024-12-24 07:20:36'),
(1120, 15, 54.666386, -5.769691, '2024-12-24 07:20:36', '2024-12-24 07:20:36'),
(1121, 16, 51.867975, 0.574776, '2024-12-24 07:20:36', '2024-12-24 07:20:36'),
(1122, 18, 53.731715, -5.104294, '2024-12-24 07:20:36', '2024-12-24 07:20:36'),
(1123, 15, 54.370593, -4.202435, '2024-12-24 07:20:40', '2024-12-24 07:20:40'),
(1124, 16, 58.001994, -7.839501, '2024-12-24 07:20:40', '2024-12-24 07:20:40'),
(1125, 18, 59.282997, -6.265146, '2024-12-24 07:20:40', '2024-12-24 07:20:40'),
(1126, 15, 54.370593, -4.202435, '2024-12-24 07:20:40', '2024-12-24 07:20:40'),
(1127, 16, 58.001994, -7.839501, '2024-12-24 07:20:40', '2024-12-24 07:20:40'),
(1128, 18, 59.282997, -6.265146, '2024-12-24 07:20:40', '2024-12-24 07:20:40'),
(1129, 15, 52.441600, -7.637893, '2024-12-24 07:20:44', '2024-12-24 07:20:44'),
(1130, 16, 50.608586, -3.447308, '2024-12-24 07:20:44', '2024-12-24 07:20:44'),
(1131, 18, 53.919658, 1.176354, '2024-12-24 07:20:44', '2024-12-24 07:20:44'),
(1132, 15, 52.441600, -7.637893, '2024-12-24 07:20:44', '2024-12-24 07:20:44'),
(1133, 16, 50.608586, -3.447308, '2024-12-24 07:20:44', '2024-12-24 07:20:44'),
(1134, 18, 53.919658, 1.176354, '2024-12-24 07:20:44', '2024-12-24 07:20:44'),
(1135, 15, 50.925305, -6.655892, '2024-12-24 07:20:48', '2024-12-24 07:20:48'),
(1136, 16, 54.181456, -2.904898, '2024-12-24 07:20:48', '2024-12-24 07:20:48'),
(1137, 18, 59.567629, -4.288985, '2024-12-24 07:20:48', '2024-12-24 07:20:48'),
(1138, 15, 50.925305, -6.655892, '2024-12-24 07:20:48', '2024-12-24 07:20:48'),
(1139, 16, 54.181456, -2.904898, '2024-12-24 07:20:48', '2024-12-24 07:20:48'),
(1140, 18, 59.567629, -4.288985, '2024-12-24 07:20:48', '2024-12-24 07:20:48'),
(1141, 15, 50.036585, 1.019943, '2024-12-24 07:20:52', '2024-12-24 07:20:52'),
(1142, 16, 56.861360, 1.555849, '2024-12-24 07:20:52', '2024-12-24 07:20:52'),
(1143, 18, 54.305445, -7.799111, '2024-12-24 07:20:52', '2024-12-24 07:20:52'),
(1144, 15, 50.036585, 1.019943, '2024-12-24 07:20:52', '2024-12-24 07:20:52'),
(1145, 16, 56.861360, 1.555849, '2024-12-24 07:20:52', '2024-12-24 07:20:52'),
(1146, 18, 54.305445, -7.799111, '2024-12-24 07:20:52', '2024-12-24 07:20:52'),
(1147, 15, 52.872479, -6.693553, '2024-12-24 07:20:56', '2024-12-24 07:20:56'),
(1148, 16, 51.373198, -0.827718, '2024-12-24 07:20:56', '2024-12-24 07:20:56'),
(1149, 18, 50.210449, -7.529939, '2024-12-24 07:20:56', '2024-12-24 07:20:56'),
(1150, 15, 52.872479, -6.693553, '2024-12-24 07:20:56', '2024-12-24 07:20:56'),
(1151, 16, 51.373198, -0.827718, '2024-12-24 07:20:56', '2024-12-24 07:20:56'),
(1152, 18, 50.210449, -7.529939, '2024-12-24 07:20:56', '2024-12-24 07:20:56'),
(1153, 15, 58.997772, -7.851387, '2024-12-24 07:21:00', '2024-12-24 07:21:00'),
(1154, 16, 59.831626, -2.809350, '2024-12-24 07:21:00', '2024-12-24 07:21:00'),
(1155, 18, 59.279430, -4.612515, '2024-12-24 07:21:00', '2024-12-24 07:21:00'),
(1156, 15, 58.997772, -7.851387, '2024-12-24 07:21:00', '2024-12-24 07:21:00'),
(1157, 16, 59.831626, -2.809350, '2024-12-24 07:21:00', '2024-12-24 07:21:00'),
(1158, 18, 59.279430, -4.612515, '2024-12-24 07:21:00', '2024-12-24 07:21:00'),
(1159, 15, 59.941124, -2.284951, '2024-12-24 07:21:04', '2024-12-24 07:21:04'),
(1160, 16, 56.120386, -4.330300, '2024-12-24 07:21:04', '2024-12-24 07:21:04'),
(1161, 18, 51.914040, -0.350752, '2024-12-24 07:21:04', '2024-12-24 07:21:04'),
(1162, 15, 59.941124, -2.284951, '2024-12-24 07:21:04', '2024-12-24 07:21:04'),
(1163, 16, 56.120386, -4.330300, '2024-12-24 07:21:04', '2024-12-24 07:21:04'),
(1164, 18, 51.914040, -0.350752, '2024-12-24 07:21:04', '2024-12-24 07:21:04'),
(1165, 15, 55.141608, -5.791600, '2024-12-24 07:21:08', '2024-12-24 07:21:08'),
(1166, 16, 54.370920, 1.050717, '2024-12-24 07:21:08', '2024-12-24 07:21:08'),
(1167, 18, 55.474482, 1.923787, '2024-12-24 07:21:08', '2024-12-24 07:21:08'),
(1168, 15, 55.141608, -5.791600, '2024-12-24 07:21:08', '2024-12-24 07:21:08'),
(1169, 16, 54.370920, 1.050717, '2024-12-24 07:21:08', '2024-12-24 07:21:08'),
(1170, 18, 55.474482, 1.923787, '2024-12-24 07:21:08', '2024-12-24 07:21:08'),
(1171, 15, 50.935580, -1.160892, '2024-12-24 07:21:12', '2024-12-24 07:21:12'),
(1172, 16, 58.618516, -7.923689, '2024-12-24 07:21:12', '2024-12-24 07:21:12'),
(1173, 18, 53.851498, -7.822193, '2024-12-24 07:21:12', '2024-12-24 07:21:12'),
(1174, 15, 50.935580, -1.160892, '2024-12-24 07:21:12', '2024-12-24 07:21:12'),
(1175, 16, 58.618516, -7.923689, '2024-12-24 07:21:12', '2024-12-24 07:21:12'),
(1176, 18, 53.851498, -7.822193, '2024-12-24 07:21:12', '2024-12-24 07:21:12'),
(1177, 15, 58.488276, -0.614509, '2024-12-24 07:21:16', '2024-12-24 07:21:16'),
(1178, 16, 52.460165, -1.378357, '2024-12-24 07:21:16', '2024-12-24 07:21:16'),
(1179, 18, 59.106772, 0.203897, '2024-12-24 07:21:16', '2024-12-24 07:21:16'),
(1180, 15, 58.488276, -0.614509, '2024-12-24 07:21:16', '2024-12-24 07:21:16'),
(1181, 16, 52.460165, -1.378357, '2024-12-24 07:21:16', '2024-12-24 07:21:16'),
(1182, 18, 59.106772, 0.203897, '2024-12-24 07:21:16', '2024-12-24 07:21:16'),
(1183, 15, 58.661155, -5.452664, '2024-12-24 07:21:20', '2024-12-24 07:21:20'),
(1184, 16, 56.641658, -2.961017, '2024-12-24 07:21:20', '2024-12-24 07:21:20'),
(1185, 18, 56.838106, -6.293169, '2024-12-24 07:21:20', '2024-12-24 07:21:20'),
(1186, 15, 58.661155, -5.452664, '2024-12-24 07:21:20', '2024-12-24 07:21:20'),
(1187, 16, 56.641658, -2.961017, '2024-12-24 07:21:20', '2024-12-24 07:21:20'),
(1188, 18, 56.838106, -6.293169, '2024-12-24 07:21:20', '2024-12-24 07:21:20'),
(1189, 15, 54.111800, -0.853351, '2024-12-24 07:21:24', '2024-12-24 07:21:24'),
(1190, 16, 52.295306, -3.465504, '2024-12-24 07:21:24', '2024-12-24 07:21:24'),
(1191, 18, 56.317142, -4.337411, '2024-12-24 07:21:24', '2024-12-24 07:21:24'),
(1192, 15, 54.111800, -0.853351, '2024-12-24 07:21:24', '2024-12-24 07:21:24'),
(1193, 16, 52.295306, -3.465504, '2024-12-24 07:21:24', '2024-12-24 07:21:24'),
(1194, 18, 56.317142, -4.337411, '2024-12-24 07:21:24', '2024-12-24 07:21:24'),
(1195, 15, 53.685249, -3.514992, '2024-12-24 07:21:28', '2024-12-24 07:21:28'),
(1196, 16, 52.785218, -7.986902, '2024-12-24 07:21:28', '2024-12-24 07:21:28'),
(1197, 18, 51.875053, 0.224386, '2024-12-24 07:21:28', '2024-12-24 07:21:28'),
(1198, 15, 53.685249, -3.514992, '2024-12-24 07:21:28', '2024-12-24 07:21:28'),
(1199, 16, 52.785218, -7.986902, '2024-12-24 07:21:28', '2024-12-24 07:21:28'),
(1200, 18, 51.875053, 0.224386, '2024-12-24 07:21:28', '2024-12-24 07:21:28'),
(1201, 15, 58.379091, -3.487363, '2024-12-24 07:21:32', '2024-12-24 07:21:32'),
(1202, 16, 57.211728, 0.550053, '2024-12-24 07:21:32', '2024-12-24 07:21:32'),
(1203, 18, 57.110183, -1.555883, '2024-12-24 07:21:32', '2024-12-24 07:21:32'),
(1204, 15, 58.379091, -3.487363, '2024-12-24 07:21:32', '2024-12-24 07:21:32'),
(1205, 16, 57.211728, 0.550053, '2024-12-24 07:21:32', '2024-12-24 07:21:32'),
(1206, 18, 57.110183, -1.555883, '2024-12-24 07:21:32', '2024-12-24 07:21:32'),
(1207, 15, 54.199734, -5.295970, '2024-12-24 07:21:36', '2024-12-24 07:21:36'),
(1208, 16, 56.761333, -6.369501, '2024-12-24 07:21:36', '2024-12-24 07:21:36'),
(1209, 18, 53.963748, -1.261443, '2024-12-24 07:21:36', '2024-12-24 07:21:36'),
(1210, 15, 54.199734, -5.295970, '2024-12-24 07:21:36', '2024-12-24 07:21:36'),
(1211, 16, 56.761333, -6.369501, '2024-12-24 07:21:36', '2024-12-24 07:21:36'),
(1212, 18, 53.963748, -1.261443, '2024-12-24 07:21:36', '2024-12-24 07:21:36'),
(1213, 15, 51.978732, -6.849624, '2024-12-24 07:21:40', '2024-12-24 07:21:40'),
(1214, 16, 53.892196, -3.996197, '2024-12-24 07:21:40', '2024-12-24 07:21:40'),
(1215, 18, 54.523931, -6.303377, '2024-12-24 07:21:40', '2024-12-24 07:21:40'),
(1216, 15, 51.978732, -6.849624, '2024-12-24 07:21:40', '2024-12-24 07:21:40'),
(1217, 16, 53.892196, -3.996197, '2024-12-24 07:21:40', '2024-12-24 07:21:40'),
(1218, 18, 54.523931, -6.303377, '2024-12-24 07:21:40', '2024-12-24 07:21:40'),
(1219, 15, 52.700344, 1.855054, '2024-12-24 07:21:44', '2024-12-24 07:21:44'),
(1220, 16, 50.978726, -2.209437, '2024-12-24 07:21:44', '2024-12-24 07:21:44'),
(1221, 18, 57.274075, -2.670913, '2024-12-24 07:21:44', '2024-12-24 07:21:44'),
(1222, 15, 52.700344, 1.855054, '2024-12-24 07:21:44', '2024-12-24 07:21:44'),
(1223, 16, 50.978726, -2.209437, '2024-12-24 07:21:44', '2024-12-24 07:21:44'),
(1224, 18, 57.274075, -2.670913, '2024-12-24 07:21:44', '2024-12-24 07:21:44'),
(1225, 15, 58.425378, -0.075249, '2024-12-24 07:21:48', '2024-12-24 07:21:48'),
(1226, 16, 59.703659, -4.772626, '2024-12-24 07:21:48', '2024-12-24 07:21:48'),
(1227, 18, 50.587990, 1.026631, '2024-12-24 07:21:48', '2024-12-24 07:21:48'),
(1228, 15, 58.425378, -0.075249, '2024-12-24 07:21:48', '2024-12-24 07:21:48'),
(1229, 16, 59.703659, -4.772626, '2024-12-24 07:21:48', '2024-12-24 07:21:48'),
(1230, 18, 50.587990, 1.026631, '2024-12-24 07:21:48', '2024-12-24 07:21:48'),
(1231, 15, 56.493277, -7.244330, '2024-12-24 07:21:52', '2024-12-24 07:21:52'),
(1232, 16, 57.322581, -1.803656, '2024-12-24 07:21:52', '2024-12-24 07:21:52'),
(1233, 18, 50.159012, -3.114660, '2024-12-24 07:21:52', '2024-12-24 07:21:52'),
(1234, 15, 56.493277, -7.244330, '2024-12-24 07:21:52', '2024-12-24 07:21:52'),
(1235, 16, 57.322581, -1.803656, '2024-12-24 07:21:52', '2024-12-24 07:21:52'),
(1236, 18, 50.159012, -3.114660, '2024-12-24 07:21:52', '2024-12-24 07:21:52'),
(1237, 15, 53.408637, -0.368505, '2024-12-24 07:21:56', '2024-12-24 07:21:56'),
(1238, 16, 59.489598, 0.689899, '2024-12-24 07:21:56', '2024-12-24 07:21:56'),
(1239, 18, 59.964826, 0.415097, '2024-12-24 07:21:56', '2024-12-24 07:21:56'),
(1240, 15, 53.408637, -0.368505, '2024-12-24 07:21:56', '2024-12-24 07:21:56'),
(1241, 16, 59.489598, 0.689899, '2024-12-24 07:21:56', '2024-12-24 07:21:56'),
(1242, 18, 59.964826, 0.415097, '2024-12-24 07:21:56', '2024-12-24 07:21:56'),
(1243, 15, 56.184320, -0.780843, '2024-12-24 07:22:00', '2024-12-24 07:22:00'),
(1244, 16, 51.504242, -2.860332, '2024-12-24 07:22:00', '2024-12-24 07:22:00'),
(1245, 18, 51.894274, -2.804282, '2024-12-24 07:22:00', '2024-12-24 07:22:00'),
(1246, 15, 56.184320, -0.780843, '2024-12-24 07:22:00', '2024-12-24 07:22:00'),
(1247, 16, 51.504242, -2.860332, '2024-12-24 07:22:00', '2024-12-24 07:22:00'),
(1248, 18, 51.894274, -2.804282, '2024-12-24 07:22:00', '2024-12-24 07:22:00'),
(1249, 15, 55.070314, -1.635723, '2024-12-24 07:22:04', '2024-12-24 07:22:04'),
(1250, 16, 50.990172, 1.151683, '2024-12-24 07:22:04', '2024-12-24 07:22:04'),
(1251, 18, 54.550274, -3.393247, '2024-12-24 07:22:04', '2024-12-24 07:22:04'),
(1252, 15, 55.070314, -1.635723, '2024-12-24 07:22:04', '2024-12-24 07:22:04'),
(1253, 16, 50.990172, 1.151683, '2024-12-24 07:22:04', '2024-12-24 07:22:04'),
(1254, 18, 54.550274, -3.393247, '2024-12-24 07:22:04', '2024-12-24 07:22:04'),
(1255, 15, 54.755609, -7.116030, '2024-12-24 07:22:08', '2024-12-24 07:22:08'),
(1256, 16, 52.743809, -2.642307, '2024-12-24 07:22:08', '2024-12-24 07:22:08'),
(1257, 18, 58.949012, 0.322760, '2024-12-24 07:22:08', '2024-12-24 07:22:08'),
(1258, 15, 54.755609, -7.116030, '2024-12-24 07:22:08', '2024-12-24 07:22:08'),
(1259, 16, 52.743809, -2.642307, '2024-12-24 07:22:08', '2024-12-24 07:22:08'),
(1260, 18, 58.949012, 0.322760, '2024-12-24 07:22:08', '2024-12-24 07:22:08'),
(1261, 15, 58.057965, -1.106991, '2024-12-24 07:22:12', '2024-12-24 07:22:12'),
(1262, 16, 55.188802, -3.284683, '2024-12-24 07:22:12', '2024-12-24 07:22:12'),
(1263, 18, 54.966919, 0.981760, '2024-12-24 07:22:12', '2024-12-24 07:22:12'),
(1264, 15, 58.057965, -1.106991, '2024-12-24 07:22:12', '2024-12-24 07:22:12'),
(1265, 16, 55.188802, -3.284683, '2024-12-24 07:22:12', '2024-12-24 07:22:12'),
(1266, 18, 54.966919, 0.981760, '2024-12-24 07:22:12', '2024-12-24 07:22:12'),
(1267, 15, 52.385697, 0.625046, '2024-12-24 07:22:16', '2024-12-24 07:22:16'),
(1268, 16, 51.541542, -3.957088, '2024-12-24 07:22:16', '2024-12-24 07:22:16'),
(1269, 18, 53.089891, 0.339072, '2024-12-24 07:22:16', '2024-12-24 07:22:16'),
(1270, 15, 52.385697, 0.625046, '2024-12-24 07:22:16', '2024-12-24 07:22:16'),
(1271, 16, 51.541542, -3.957088, '2024-12-24 07:22:16', '2024-12-24 07:22:16'),
(1272, 18, 53.089891, 0.339072, '2024-12-24 07:22:16', '2024-12-24 07:22:16'),
(1273, 15, 59.108261, -5.321318, '2024-12-24 07:22:20', '2024-12-24 07:22:20'),
(1274, 16, 56.592354, -6.895672, '2024-12-24 07:22:20', '2024-12-24 07:22:20'),
(1275, 18, 54.117315, 0.005376, '2024-12-24 07:22:20', '2024-12-24 07:22:20'),
(1276, 15, 59.108261, -5.321318, '2024-12-24 07:22:20', '2024-12-24 07:22:20'),
(1277, 16, 56.592354, -6.895672, '2024-12-24 07:22:20', '2024-12-24 07:22:20'),
(1278, 18, 54.117315, 0.005376, '2024-12-24 07:22:20', '2024-12-24 07:22:20'),
(1279, 15, 50.671327, -2.008735, '2024-12-24 07:22:24', '2024-12-24 07:22:24'),
(1280, 16, 58.901025, -6.447518, '2024-12-24 07:22:24', '2024-12-24 07:22:24'),
(1281, 18, 54.102203, -2.297307, '2024-12-24 07:22:24', '2024-12-24 07:22:24'),
(1282, 15, 50.671327, -2.008735, '2024-12-24 07:22:24', '2024-12-24 07:22:24'),
(1283, 16, 58.901025, -6.447518, '2024-12-24 07:22:24', '2024-12-24 07:22:24'),
(1284, 18, 54.102203, -2.297307, '2024-12-24 07:22:24', '2024-12-24 07:22:24'),
(1285, 15, 56.864534, -4.006166, '2024-12-24 07:22:28', '2024-12-24 07:22:28'),
(1286, 16, 58.984780, -3.638807, '2024-12-24 07:22:28', '2024-12-24 07:22:28'),
(1287, 18, 59.060456, 1.417527, '2024-12-24 07:22:28', '2024-12-24 07:22:28'),
(1288, 15, 56.864534, -4.006166, '2024-12-24 07:22:28', '2024-12-24 07:22:28'),
(1289, 16, 58.984780, -3.638807, '2024-12-24 07:22:28', '2024-12-24 07:22:28'),
(1290, 18, 59.060456, 1.417527, '2024-12-24 07:22:28', '2024-12-24 07:22:28'),
(1291, 15, 55.677689, 0.800610, '2024-12-24 07:22:32', '2024-12-24 07:22:32'),
(1292, 16, 52.020342, -4.970728, '2024-12-24 07:22:32', '2024-12-24 07:22:32'),
(1293, 18, 56.506735, -1.756506, '2024-12-24 07:22:32', '2024-12-24 07:22:32'),
(1294, 15, 55.677689, 0.800610, '2024-12-24 07:22:32', '2024-12-24 07:22:32'),
(1295, 16, 52.020342, -4.970728, '2024-12-24 07:22:32', '2024-12-24 07:22:32'),
(1296, 18, 56.506735, -1.756506, '2024-12-24 07:22:32', '2024-12-24 07:22:32'),
(1297, 15, 50.361984, -1.826366, '2024-12-24 07:22:36', '2024-12-24 07:22:36'),
(1298, 16, 51.152821, -6.474271, '2024-12-24 07:22:36', '2024-12-24 07:22:36'),
(1299, 18, 51.340510, -3.785339, '2024-12-24 07:22:36', '2024-12-24 07:22:36'),
(1300, 15, 50.361984, -1.826366, '2024-12-24 07:22:36', '2024-12-24 07:22:36'),
(1301, 16, 51.152821, -6.474271, '2024-12-24 07:22:36', '2024-12-24 07:22:36'),
(1302, 18, 51.340510, -3.785339, '2024-12-24 07:22:36', '2024-12-24 07:22:36'),
(1303, 15, 59.911671, -0.971717, '2024-12-24 07:22:40', '2024-12-24 07:22:40'),
(1304, 16, 58.866519, -1.388935, '2024-12-24 07:22:40', '2024-12-24 07:22:40'),
(1305, 18, 55.547148, -4.647911, '2024-12-24 07:22:40', '2024-12-24 07:22:40'),
(1306, 15, 59.911671, -0.971717, '2024-12-24 07:22:40', '2024-12-24 07:22:40'),
(1307, 16, 58.866519, -1.388935, '2024-12-24 07:22:40', '2024-12-24 07:22:40'),
(1308, 18, 55.547148, -4.647911, '2024-12-24 07:22:40', '2024-12-24 07:22:40'),
(1309, 15, 53.961726, -6.485127, '2024-12-24 07:22:44', '2024-12-24 07:22:44'),
(1310, 16, 51.746680, -5.592779, '2024-12-24 07:22:44', '2024-12-24 07:22:44'),
(1311, 18, 51.268746, -6.868836, '2024-12-24 07:22:44', '2024-12-24 07:22:44'),
(1312, 15, 53.961726, -6.485127, '2024-12-24 07:22:44', '2024-12-24 07:22:44'),
(1313, 16, 51.746680, -5.592779, '2024-12-24 07:22:44', '2024-12-24 07:22:44'),
(1314, 18, 51.268746, -6.868836, '2024-12-24 07:22:44', '2024-12-24 07:22:44'),
(1315, 15, 57.264889, -0.269697, '2024-12-24 07:22:48', '2024-12-24 07:22:48'),
(1316, 16, 58.276497, 0.671587, '2024-12-24 07:22:48', '2024-12-24 07:22:48'),
(1317, 18, 59.837096, -1.925360, '2024-12-24 07:22:48', '2024-12-24 07:22:48'),
(1318, 15, 57.264889, -0.269697, '2024-12-24 07:22:48', '2024-12-24 07:22:48'),
(1319, 16, 58.276497, 0.671587, '2024-12-24 07:22:48', '2024-12-24 07:22:48'),
(1320, 18, 59.837096, -1.925360, '2024-12-24 07:22:48', '2024-12-24 07:22:48');
INSERT INTO `RidersLocations` (`id`, `rider_id`, `lat`, `lng`, `created_at`, `updated_at`) VALUES
(1321, 15, 57.013430, -4.136297, '2024-12-24 07:22:52', '2024-12-24 07:22:52'),
(1322, 16, 54.772359, -7.498093, '2024-12-24 07:22:52', '2024-12-24 07:22:52'),
(1323, 18, 58.716050, -6.017997, '2024-12-24 07:22:52', '2024-12-24 07:22:52'),
(1324, 15, 57.013430, -4.136297, '2024-12-24 07:22:52', '2024-12-24 07:22:52'),
(1325, 16, 54.772359, -7.498093, '2024-12-24 07:22:52', '2024-12-24 07:22:52'),
(1326, 18, 58.716050, -6.017997, '2024-12-24 07:22:52', '2024-12-24 07:22:52'),
(1327, 15, 59.470122, -5.434706, '2024-12-24 07:22:56', '2024-12-24 07:22:56'),
(1328, 16, 51.157627, -3.439419, '2024-12-24 07:22:56', '2024-12-24 07:22:56'),
(1329, 18, 50.661357, -0.778212, '2024-12-24 07:22:56', '2024-12-24 07:22:56'),
(1330, 15, 59.470122, -5.434706, '2024-12-24 07:22:56', '2024-12-24 07:22:56'),
(1331, 16, 51.157627, -3.439419, '2024-12-24 07:22:56', '2024-12-24 07:22:56'),
(1332, 18, 50.661357, -0.778212, '2024-12-24 07:22:56', '2024-12-24 07:22:56'),
(1333, 15, 59.800760, -7.306382, '2024-12-24 07:23:00', '2024-12-24 07:23:00'),
(1334, 16, 52.234887, 1.283968, '2024-12-24 07:23:00', '2024-12-24 07:23:00'),
(1335, 18, 54.259570, -3.131411, '2024-12-24 07:23:00', '2024-12-24 07:23:00'),
(1336, 15, 59.800760, -7.306382, '2024-12-24 07:23:00', '2024-12-24 07:23:00'),
(1337, 16, 52.234887, 1.283968, '2024-12-24 07:23:00', '2024-12-24 07:23:00'),
(1338, 18, 54.259570, -3.131411, '2024-12-24 07:23:00', '2024-12-24 07:23:00'),
(1339, 15, 56.417467, -5.114591, '2024-12-24 07:23:04', '2024-12-24 07:23:04'),
(1340, 16, 51.232278, -3.135473, '2024-12-24 07:23:04', '2024-12-24 07:23:04'),
(1341, 18, 58.121570, -4.974817, '2024-12-24 07:23:04', '2024-12-24 07:23:04'),
(1342, 15, 56.417467, -5.114591, '2024-12-24 07:23:04', '2024-12-24 07:23:04'),
(1343, 16, 51.232278, -3.135473, '2024-12-24 07:23:04', '2024-12-24 07:23:04'),
(1344, 18, 58.121570, -4.974817, '2024-12-24 07:23:04', '2024-12-24 07:23:04'),
(1345, 15, 51.468395, -6.827509, '2024-12-24 07:23:08', '2024-12-24 07:23:08'),
(1346, 16, 52.982874, -3.846165, '2024-12-24 07:23:08', '2024-12-24 07:23:08'),
(1347, 18, 55.323394, -3.571376, '2024-12-24 07:23:08', '2024-12-24 07:23:08'),
(1348, 15, 51.468395, -6.827509, '2024-12-24 07:23:08', '2024-12-24 07:23:08'),
(1349, 16, 52.982874, -3.846165, '2024-12-24 07:23:08', '2024-12-24 07:23:08'),
(1350, 18, 55.323394, -3.571376, '2024-12-24 07:23:08', '2024-12-24 07:23:08'),
(1351, 15, 56.724181, -2.425281, '2024-12-24 07:23:12', '2024-12-24 07:23:12'),
(1352, 16, 57.482323, -5.018233, '2024-12-24 07:23:12', '2024-12-24 07:23:12'),
(1353, 18, 56.079950, -4.004832, '2024-12-24 07:23:12', '2024-12-24 07:23:12'),
(1354, 15, 56.724181, -2.425281, '2024-12-24 07:23:12', '2024-12-24 07:23:12'),
(1355, 16, 57.482323, -5.018233, '2024-12-24 07:23:12', '2024-12-24 07:23:12'),
(1356, 18, 56.079950, -4.004832, '2024-12-24 07:23:12', '2024-12-24 07:23:12'),
(1357, 15, 51.603466, -6.806877, '2024-12-24 07:23:16', '2024-12-24 07:23:16'),
(1358, 16, 59.421173, -4.173930, '2024-12-24 07:23:16', '2024-12-24 07:23:16'),
(1359, 18, 59.835598, -7.390677, '2024-12-24 07:23:16', '2024-12-24 07:23:16'),
(1360, 15, 51.603466, -6.806877, '2024-12-24 07:23:16', '2024-12-24 07:23:16'),
(1361, 16, 59.421173, -4.173930, '2024-12-24 07:23:16', '2024-12-24 07:23:16'),
(1362, 18, 59.835598, -7.390677, '2024-12-24 07:23:16', '2024-12-24 07:23:16'),
(1363, 15, 52.125307, 1.492397, '2024-12-24 07:23:20', '2024-12-24 07:23:20'),
(1364, 16, 57.358625, -2.859185, '2024-12-24 07:23:20', '2024-12-24 07:23:20'),
(1365, 18, 56.206542, 0.763999, '2024-12-24 07:23:20', '2024-12-24 07:23:20'),
(1366, 15, 52.125307, 1.492397, '2024-12-24 07:23:20', '2024-12-24 07:23:20'),
(1367, 16, 57.358625, -2.859185, '2024-12-24 07:23:20', '2024-12-24 07:23:20'),
(1368, 18, 56.206542, 0.763999, '2024-12-24 07:23:20', '2024-12-24 07:23:20'),
(1369, 15, 53.832784, -3.440632, '2024-12-24 07:23:24', '2024-12-24 07:23:24'),
(1370, 16, 58.870183, 0.280275, '2024-12-24 07:23:24', '2024-12-24 07:23:24'),
(1371, 18, 50.125768, -3.684251, '2024-12-24 07:23:24', '2024-12-24 07:23:24'),
(1372, 15, 53.832784, -3.440632, '2024-12-24 07:23:24', '2024-12-24 07:23:24'),
(1373, 16, 58.870183, 0.280275, '2024-12-24 07:23:24', '2024-12-24 07:23:24'),
(1374, 18, 50.125768, -3.684251, '2024-12-24 07:23:24', '2024-12-24 07:23:24'),
(1375, 15, 52.023623, 0.754622, '2024-12-24 07:23:28', '2024-12-24 07:23:28'),
(1376, 16, 56.885777, -3.218672, '2024-12-24 07:23:28', '2024-12-24 07:23:28'),
(1377, 18, 50.285130, 0.218623, '2024-12-24 07:23:28', '2024-12-24 07:23:28'),
(1378, 15, 52.023623, 0.754622, '2024-12-24 07:23:28', '2024-12-24 07:23:28'),
(1379, 16, 56.885777, -3.218672, '2024-12-24 07:23:28', '2024-12-24 07:23:28'),
(1380, 18, 50.285130, 0.218623, '2024-12-24 07:23:28', '2024-12-24 07:23:28'),
(1381, 15, 56.116710, -5.587989, '2024-12-24 07:23:32', '2024-12-24 07:23:32'),
(1382, 16, 58.414839, 0.151399, '2024-12-24 07:23:32', '2024-12-24 07:23:32'),
(1383, 18, 58.938224, -4.931559, '2024-12-24 07:23:32', '2024-12-24 07:23:32'),
(1384, 15, 56.116710, -5.587989, '2024-12-24 07:23:32', '2024-12-24 07:23:32'),
(1385, 16, 58.414839, 0.151399, '2024-12-24 07:23:32', '2024-12-24 07:23:32'),
(1386, 18, 58.938224, -4.931559, '2024-12-24 07:23:32', '2024-12-24 07:23:32'),
(1387, 15, 51.462971, -2.013959, '2024-12-24 07:23:36', '2024-12-24 07:23:36'),
(1388, 16, 59.512932, -4.108700, '2024-12-24 07:23:36', '2024-12-24 07:23:36'),
(1389, 18, 56.677234, 1.205360, '2024-12-24 07:23:36', '2024-12-24 07:23:36'),
(1390, 15, 51.462971, -2.013959, '2024-12-24 07:23:36', '2024-12-24 07:23:36'),
(1391, 16, 59.512932, -4.108700, '2024-12-24 07:23:36', '2024-12-24 07:23:36'),
(1392, 18, 56.677234, 1.205360, '2024-12-24 07:23:36', '2024-12-24 07:23:36'),
(1393, 15, 53.984419, -3.255025, '2024-12-24 07:23:40', '2024-12-24 07:23:40'),
(1394, 16, 58.652986, 1.605979, '2024-12-24 07:23:40', '2024-12-24 07:23:40'),
(1395, 18, 55.970662, -1.360974, '2024-12-24 07:23:40', '2024-12-24 07:23:40'),
(1396, 15, 53.984419, -3.255025, '2024-12-24 07:23:40', '2024-12-24 07:23:40'),
(1397, 16, 58.652986, 1.605979, '2024-12-24 07:23:40', '2024-12-24 07:23:40'),
(1398, 18, 55.970662, -1.360974, '2024-12-24 07:23:40', '2024-12-24 07:23:40'),
(1399, 15, 51.456332, -5.182064, '2024-12-24 07:23:44', '2024-12-24 07:23:44'),
(1400, 16, 53.363401, -7.698096, '2024-12-24 07:23:44', '2024-12-24 07:23:44'),
(1401, 18, 57.111322, 0.759746, '2024-12-24 07:23:44', '2024-12-24 07:23:44'),
(1402, 15, 51.456332, -5.182064, '2024-12-24 07:23:44', '2024-12-24 07:23:44'),
(1403, 16, 53.363401, -7.698096, '2024-12-24 07:23:44', '2024-12-24 07:23:44'),
(1404, 18, 57.111322, 0.759746, '2024-12-24 07:23:44', '2024-12-24 07:23:44'),
(1405, 15, 56.966533, 1.824432, '2024-12-24 07:23:48', '2024-12-24 07:23:48'),
(1406, 16, 56.816233, -0.888026, '2024-12-24 07:23:48', '2024-12-24 07:23:48'),
(1407, 18, 50.069160, -5.745430, '2024-12-24 07:23:48', '2024-12-24 07:23:48'),
(1408, 15, 56.966533, 1.824432, '2024-12-24 07:23:48', '2024-12-24 07:23:48'),
(1409, 16, 56.816233, -0.888026, '2024-12-24 07:23:48', '2024-12-24 07:23:48'),
(1410, 18, 50.069160, -5.745430, '2024-12-24 07:23:48', '2024-12-24 07:23:48'),
(1411, 15, 52.451225, -6.990918, '2024-12-24 07:23:52', '2024-12-24 07:23:52'),
(1412, 16, 57.210242, -1.813206, '2024-12-24 07:23:52', '2024-12-24 07:23:52'),
(1413, 18, 53.171630, 1.160215, '2024-12-24 07:23:52', '2024-12-24 07:23:52'),
(1414, 15, 52.451225, -6.990918, '2024-12-24 07:23:52', '2024-12-24 07:23:52'),
(1415, 16, 57.210242, -1.813206, '2024-12-24 07:23:52', '2024-12-24 07:23:52'),
(1416, 18, 53.171630, 1.160215, '2024-12-24 07:23:52', '2024-12-24 07:23:52'),
(1417, 15, 58.349948, -6.977401, '2024-12-24 07:23:56', '2024-12-24 07:23:56'),
(1418, 16, 51.974446, 0.963377, '2024-12-24 07:23:56', '2024-12-24 07:23:56'),
(1419, 18, 59.456750, -2.501210, '2024-12-24 07:23:56', '2024-12-24 07:23:56'),
(1420, 15, 58.349948, -6.977401, '2024-12-24 07:23:56', '2024-12-24 07:23:56'),
(1421, 16, 51.974446, 0.963377, '2024-12-24 07:23:56', '2024-12-24 07:23:56'),
(1422, 18, 59.456750, -2.501210, '2024-12-24 07:23:56', '2024-12-24 07:23:56'),
(1423, 15, 57.373133, -4.905772, '2024-12-24 07:24:00', '2024-12-24 07:24:00'),
(1424, 16, 54.022339, -0.395157, '2024-12-24 07:24:00', '2024-12-24 07:24:00'),
(1425, 18, 59.687088, -6.509297, '2024-12-24 07:24:00', '2024-12-24 07:24:00'),
(1426, 15, 57.373133, -4.905772, '2024-12-24 07:24:00', '2024-12-24 07:24:00'),
(1427, 16, 54.022339, -0.395157, '2024-12-24 07:24:00', '2024-12-24 07:24:00'),
(1428, 18, 59.687088, -6.509297, '2024-12-24 07:24:00', '2024-12-24 07:24:00'),
(1429, 15, 57.319819, -7.998248, '2024-12-24 07:24:04', '2024-12-24 07:24:04'),
(1430, 16, 50.959006, -4.926087, '2024-12-24 07:24:04', '2024-12-24 07:24:04'),
(1431, 18, 53.223416, -2.595444, '2024-12-24 07:24:04', '2024-12-24 07:24:04'),
(1432, 15, 57.319819, -7.998248, '2024-12-24 07:24:04', '2024-12-24 07:24:04'),
(1433, 16, 50.959006, -4.926087, '2024-12-24 07:24:04', '2024-12-24 07:24:04'),
(1434, 18, 53.223416, -2.595444, '2024-12-24 07:24:04', '2024-12-24 07:24:04'),
(1435, 15, 58.605954, -6.117800, '2024-12-24 07:24:08', '2024-12-24 07:24:08'),
(1436, 16, 50.045716, 1.923739, '2024-12-24 07:24:08', '2024-12-24 07:24:08'),
(1437, 18, 59.433381, -1.640315, '2024-12-24 07:24:08', '2024-12-24 07:24:08'),
(1438, 15, 58.605954, -6.117800, '2024-12-24 07:24:08', '2024-12-24 07:24:08'),
(1439, 16, 50.045716, 1.923739, '2024-12-24 07:24:08', '2024-12-24 07:24:08'),
(1440, 18, 59.433381, -1.640315, '2024-12-24 07:24:08', '2024-12-24 07:24:08'),
(1441, 15, 58.028792, -7.014869, '2024-12-24 07:24:12', '2024-12-24 07:24:12'),
(1442, 16, 54.119493, -2.300087, '2024-12-24 07:24:12', '2024-12-24 07:24:12'),
(1443, 18, 58.414473, -3.495306, '2024-12-24 07:24:12', '2024-12-24 07:24:12'),
(1444, 15, 58.028792, -7.014869, '2024-12-24 07:24:12', '2024-12-24 07:24:12'),
(1445, 16, 54.119493, -2.300087, '2024-12-24 07:24:12', '2024-12-24 07:24:12'),
(1446, 18, 58.414473, -3.495306, '2024-12-24 07:24:12', '2024-12-24 07:24:12'),
(1447, 15, 58.151227, -6.072672, '2024-12-24 07:24:16', '2024-12-24 07:24:16'),
(1448, 16, 55.014179, -0.054866, '2024-12-24 07:24:16', '2024-12-24 07:24:16'),
(1449, 18, 56.615014, 0.957988, '2024-12-24 07:24:16', '2024-12-24 07:24:16'),
(1450, 15, 58.151227, -6.072672, '2024-12-24 07:24:16', '2024-12-24 07:24:16'),
(1451, 16, 55.014179, -0.054866, '2024-12-24 07:24:16', '2024-12-24 07:24:16'),
(1452, 18, 56.615014, 0.957988, '2024-12-24 07:24:16', '2024-12-24 07:24:16'),
(1453, 15, 56.073669, -2.109314, '2024-12-24 07:24:20', '2024-12-24 07:24:20'),
(1454, 16, 54.305775, -7.207481, '2024-12-24 07:24:20', '2024-12-24 07:24:20'),
(1455, 18, 56.124062, -5.184259, '2024-12-24 07:24:20', '2024-12-24 07:24:20'),
(1456, 15, 56.073669, -2.109314, '2024-12-24 07:24:20', '2024-12-24 07:24:20'),
(1457, 16, 54.305775, -7.207481, '2024-12-24 07:24:20', '2024-12-24 07:24:20'),
(1458, 18, 56.124062, -5.184259, '2024-12-24 07:24:20', '2024-12-24 07:24:20'),
(1459, 15, 51.828400, 0.476948, '2024-12-24 07:24:24', '2024-12-24 07:24:24'),
(1460, 16, 52.580977, 1.916960, '2024-12-24 07:24:24', '2024-12-24 07:24:24'),
(1461, 18, 58.671146, -5.871296, '2024-12-24 07:24:24', '2024-12-24 07:24:24'),
(1462, 15, 51.828400, 0.476948, '2024-12-24 07:24:24', '2024-12-24 07:24:24'),
(1463, 16, 52.580977, 1.916960, '2024-12-24 07:24:24', '2024-12-24 07:24:24'),
(1464, 18, 58.671146, -5.871296, '2024-12-24 07:24:24', '2024-12-24 07:24:24'),
(1465, 15, 59.089459, -3.645660, '2024-12-24 07:24:28', '2024-12-24 07:24:28'),
(1466, 16, 56.219486, -6.918634, '2024-12-24 07:24:28', '2024-12-24 07:24:28'),
(1467, 18, 56.447433, -0.677787, '2024-12-24 07:24:28', '2024-12-24 07:24:28'),
(1468, 15, 59.089459, -3.645660, '2024-12-24 07:24:28', '2024-12-24 07:24:28'),
(1469, 16, 56.219486, -6.918634, '2024-12-24 07:24:28', '2024-12-24 07:24:28'),
(1470, 18, 56.447433, -0.677787, '2024-12-24 07:24:28', '2024-12-24 07:24:28'),
(1471, 15, 58.665059, -5.234900, '2024-12-24 07:24:32', '2024-12-24 07:24:32'),
(1472, 16, 52.050307, -1.335171, '2024-12-24 07:24:32', '2024-12-24 07:24:32'),
(1473, 18, 50.445975, -2.462477, '2024-12-24 07:24:32', '2024-12-24 07:24:32'),
(1474, 15, 58.665059, -5.234900, '2024-12-24 07:24:32', '2024-12-24 07:24:32'),
(1475, 16, 52.050307, -1.335171, '2024-12-24 07:24:32', '2024-12-24 07:24:32'),
(1476, 18, 50.445975, -2.462477, '2024-12-24 07:24:32', '2024-12-24 07:24:32'),
(1477, 15, 50.155928, -3.500365, '2024-12-24 07:24:36', '2024-12-24 07:24:36'),
(1478, 16, 57.196089, -5.025304, '2024-12-24 07:24:36', '2024-12-24 07:24:36'),
(1479, 18, 55.793941, 0.466278, '2024-12-24 07:24:36', '2024-12-24 07:24:36'),
(1480, 15, 50.155928, -3.500365, '2024-12-24 07:24:36', '2024-12-24 07:24:36'),
(1481, 16, 57.196089, -5.025304, '2024-12-24 07:24:36', '2024-12-24 07:24:36'),
(1482, 18, 55.793941, 0.466278, '2024-12-24 07:24:36', '2024-12-24 07:24:36'),
(1483, 15, 56.382665, 1.110260, '2024-12-24 07:24:40', '2024-12-24 07:24:40'),
(1484, 16, 59.315464, -7.677259, '2024-12-24 07:24:40', '2024-12-24 07:24:40'),
(1485, 18, 51.050049, -5.894400, '2024-12-24 07:24:40', '2024-12-24 07:24:40'),
(1486, 15, 56.382665, 1.110260, '2024-12-24 07:24:40', '2024-12-24 07:24:40'),
(1487, 16, 59.315464, -7.677259, '2024-12-24 07:24:40', '2024-12-24 07:24:40'),
(1488, 18, 51.050049, -5.894400, '2024-12-24 07:24:40', '2024-12-24 07:24:40'),
(1489, 15, 58.332671, -6.152272, '2024-12-24 07:24:44', '2024-12-24 07:24:44'),
(1490, 16, 56.320310, 0.649460, '2024-12-24 07:24:44', '2024-12-24 07:24:44'),
(1491, 18, 59.482581, 1.212436, '2024-12-24 07:24:44', '2024-12-24 07:24:44'),
(1492, 15, 58.332671, -6.152272, '2024-12-24 07:24:44', '2024-12-24 07:24:44'),
(1493, 16, 56.320310, 0.649460, '2024-12-24 07:24:44', '2024-12-24 07:24:44'),
(1494, 18, 59.482581, 1.212436, '2024-12-24 07:24:44', '2024-12-24 07:24:44'),
(1495, 15, 52.065822, -0.736630, '2024-12-24 07:24:48', '2024-12-24 07:24:48'),
(1496, 16, 53.092427, -6.625215, '2024-12-24 07:24:48', '2024-12-24 07:24:48'),
(1497, 18, 53.397778, -2.784560, '2024-12-24 07:24:48', '2024-12-24 07:24:48'),
(1498, 15, 52.065822, -0.736630, '2024-12-24 07:24:48', '2024-12-24 07:24:48'),
(1499, 16, 53.092427, -6.625215, '2024-12-24 07:24:48', '2024-12-24 07:24:48'),
(1500, 18, 53.397778, -2.784560, '2024-12-24 07:24:48', '2024-12-24 07:24:48'),
(1501, 15, 53.185716, -0.662248, '2024-12-24 07:24:52', '2024-12-24 07:24:52'),
(1502, 16, 54.160427, -6.850635, '2024-12-24 07:24:52', '2024-12-24 07:24:52'),
(1503, 18, 56.824794, -5.496362, '2024-12-24 07:24:52', '2024-12-24 07:24:52'),
(1504, 15, 53.185716, -0.662248, '2024-12-24 07:24:52', '2024-12-24 07:24:52'),
(1505, 16, 54.160427, -6.850635, '2024-12-24 07:24:52', '2024-12-24 07:24:52'),
(1506, 18, 56.824794, -5.496362, '2024-12-24 07:24:52', '2024-12-24 07:24:52'),
(1507, 15, 50.922456, -1.848451, '2024-12-24 07:24:56', '2024-12-24 07:24:56'),
(1508, 16, 55.964460, -5.018527, '2024-12-24 07:24:56', '2024-12-24 07:24:56'),
(1509, 18, 52.936480, -6.709479, '2024-12-24 07:24:56', '2024-12-24 07:24:56'),
(1510, 15, 50.922456, -1.848451, '2024-12-24 07:24:56', '2024-12-24 07:24:56'),
(1511, 16, 55.964460, -5.018527, '2024-12-24 07:24:56', '2024-12-24 07:24:56'),
(1512, 18, 52.936480, -6.709479, '2024-12-24 07:24:56', '2024-12-24 07:24:56'),
(1513, 15, 54.970027, -6.115242, '2024-12-24 07:25:00', '2024-12-24 07:25:00'),
(1514, 16, 57.998659, -1.125094, '2024-12-24 07:25:00', '2024-12-24 07:25:00'),
(1515, 18, 51.137155, -5.996184, '2024-12-24 07:25:00', '2024-12-24 07:25:00'),
(1516, 15, 54.970027, -6.115242, '2024-12-24 07:25:00', '2024-12-24 07:25:00'),
(1517, 16, 57.998659, -1.125094, '2024-12-24 07:25:00', '2024-12-24 07:25:00'),
(1518, 18, 51.137155, -5.996184, '2024-12-24 07:25:00', '2024-12-24 07:25:00'),
(1519, 15, 57.306021, -2.803550, '2024-12-24 07:25:04', '2024-12-24 07:25:04'),
(1520, 16, 53.622809, 1.161048, '2024-12-24 07:25:04', '2024-12-24 07:25:04'),
(1521, 18, 51.163952, -3.609440, '2024-12-24 07:25:04', '2024-12-24 07:25:04'),
(1522, 15, 57.306021, -2.803550, '2024-12-24 07:25:04', '2024-12-24 07:25:04'),
(1523, 16, 53.622809, 1.161048, '2024-12-24 07:25:04', '2024-12-24 07:25:04'),
(1524, 18, 51.163952, -3.609440, '2024-12-24 07:25:04', '2024-12-24 07:25:04'),
(1525, 15, 54.663116, 0.428217, '2024-12-24 07:25:08', '2024-12-24 07:25:08'),
(1526, 16, 54.040932, 1.976818, '2024-12-24 07:25:08', '2024-12-24 07:25:08'),
(1527, 18, 55.945302, 0.654755, '2024-12-24 07:25:08', '2024-12-24 07:25:08'),
(1528, 15, 54.663116, 0.428217, '2024-12-24 07:25:08', '2024-12-24 07:25:08'),
(1529, 16, 54.040932, 1.976818, '2024-12-24 07:25:08', '2024-12-24 07:25:08'),
(1530, 18, 55.945302, 0.654755, '2024-12-24 07:25:08', '2024-12-24 07:25:08'),
(1531, 15, 53.086079, -6.522152, '2024-12-24 07:25:12', '2024-12-24 07:25:12'),
(1532, 16, 51.205818, 1.307482, '2024-12-24 07:25:12', '2024-12-24 07:25:12'),
(1533, 18, 59.292434, -7.036504, '2024-12-24 07:25:12', '2024-12-24 07:25:12'),
(1534, 15, 53.086079, -6.522152, '2024-12-24 07:25:12', '2024-12-24 07:25:12'),
(1535, 16, 51.205818, 1.307482, '2024-12-24 07:25:12', '2024-12-24 07:25:12'),
(1536, 18, 59.292434, -7.036504, '2024-12-24 07:25:12', '2024-12-24 07:25:12'),
(1537, 15, 52.008271, -7.897996, '2024-12-24 07:25:16', '2024-12-24 07:25:16'),
(1538, 16, 55.635012, -3.919267, '2024-12-24 07:25:16', '2024-12-24 07:25:16'),
(1539, 18, 58.249803, -2.161441, '2024-12-24 07:25:16', '2024-12-24 07:25:16'),
(1540, 15, 52.008271, -7.897996, '2024-12-24 07:25:16', '2024-12-24 07:25:16'),
(1541, 16, 55.635012, -3.919267, '2024-12-24 07:25:16', '2024-12-24 07:25:16'),
(1542, 18, 58.249803, -2.161441, '2024-12-24 07:25:16', '2024-12-24 07:25:16'),
(1543, 15, 50.671563, -5.536876, '2024-12-24 07:25:20', '2024-12-24 07:25:20'),
(1544, 16, 58.381992, -0.530397, '2024-12-24 07:25:20', '2024-12-24 07:25:20'),
(1545, 18, 52.144699, 0.065739, '2024-12-24 07:25:20', '2024-12-24 07:25:20'),
(1546, 15, 50.671563, -5.536876, '2024-12-24 07:25:20', '2024-12-24 07:25:20'),
(1547, 16, 58.381992, -0.530397, '2024-12-24 07:25:20', '2024-12-24 07:25:20'),
(1548, 18, 52.144699, 0.065739, '2024-12-24 07:25:20', '2024-12-24 07:25:20'),
(1549, 15, 57.455448, -7.574225, '2024-12-24 07:25:24', '2024-12-24 07:25:24'),
(1550, 16, 55.536885, -2.218599, '2024-12-24 07:25:24', '2024-12-24 07:25:24'),
(1551, 18, 59.360892, -4.976080, '2024-12-24 07:25:24', '2024-12-24 07:25:24'),
(1552, 15, 57.455448, -7.574225, '2024-12-24 07:25:24', '2024-12-24 07:25:24'),
(1553, 16, 55.536885, -2.218599, '2024-12-24 07:25:24', '2024-12-24 07:25:24'),
(1554, 18, 59.360892, -4.976080, '2024-12-24 07:25:24', '2024-12-24 07:25:24'),
(1555, 15, 50.229667, 0.440815, '2024-12-24 07:25:28', '2024-12-24 07:25:28'),
(1556, 16, 50.399056, -2.814400, '2024-12-24 07:25:28', '2024-12-24 07:25:28'),
(1557, 18, 51.993852, -3.494684, '2024-12-24 07:25:28', '2024-12-24 07:25:28'),
(1558, 15, 50.229667, 0.440815, '2024-12-24 07:25:28', '2024-12-24 07:25:28'),
(1559, 16, 50.399056, -2.814400, '2024-12-24 07:25:28', '2024-12-24 07:25:28'),
(1560, 18, 51.993852, -3.494684, '2024-12-24 07:25:28', '2024-12-24 07:25:28'),
(1561, 15, 57.926905, -4.019096, '2024-12-24 07:25:32', '2024-12-24 07:25:32'),
(1562, 16, 50.634674, -1.420784, '2024-12-24 07:25:32', '2024-12-24 07:25:32'),
(1563, 18, 53.351333, -3.548850, '2024-12-24 07:25:32', '2024-12-24 07:25:32'),
(1564, 15, 57.926905, -4.019096, '2024-12-24 07:25:32', '2024-12-24 07:25:32'),
(1565, 16, 50.634674, -1.420784, '2024-12-24 07:25:32', '2024-12-24 07:25:32'),
(1566, 18, 53.351333, -3.548850, '2024-12-24 07:25:32', '2024-12-24 07:25:32'),
(1567, 15, 51.148770, 1.221263, '2024-12-24 07:25:36', '2024-12-24 07:25:36'),
(1568, 16, 50.326680, -5.381682, '2024-12-24 07:25:36', '2024-12-24 07:25:36'),
(1569, 18, 58.024723, -7.468527, '2024-12-24 07:25:36', '2024-12-24 07:25:36'),
(1570, 15, 51.148770, 1.221263, '2024-12-24 07:25:36', '2024-12-24 07:25:36'),
(1571, 16, 50.326680, -5.381682, '2024-12-24 07:25:36', '2024-12-24 07:25:36'),
(1572, 18, 58.024723, -7.468527, '2024-12-24 07:25:36', '2024-12-24 07:25:36'),
(1573, 15, 57.781978, -4.032934, '2024-12-24 07:25:40', '2024-12-24 07:25:40'),
(1574, 16, 58.260158, -3.186577, '2024-12-24 07:25:40', '2024-12-24 07:25:40'),
(1575, 18, 50.529456, -3.431106, '2024-12-24 07:25:40', '2024-12-24 07:25:40'),
(1576, 15, 57.781978, -4.032934, '2024-12-24 07:25:40', '2024-12-24 07:25:40'),
(1577, 16, 58.260158, -3.186577, '2024-12-24 07:25:40', '2024-12-24 07:25:40'),
(1578, 18, 50.529456, -3.431106, '2024-12-24 07:25:40', '2024-12-24 07:25:40'),
(1579, 15, 52.746458, -5.243645, '2024-12-24 07:25:44', '2024-12-24 07:25:44'),
(1580, 16, 52.970418, -5.991371, '2024-12-24 07:25:44', '2024-12-24 07:25:44'),
(1581, 18, 57.685727, -0.719037, '2024-12-24 07:25:44', '2024-12-24 07:25:44'),
(1582, 15, 52.746458, -5.243645, '2024-12-24 07:25:44', '2024-12-24 07:25:44'),
(1583, 16, 52.970418, -5.991371, '2024-12-24 07:25:44', '2024-12-24 07:25:44'),
(1584, 18, 57.685727, -0.719037, '2024-12-24 07:25:44', '2024-12-24 07:25:44'),
(1585, 15, 56.902876, -4.670347, '2024-12-24 07:25:48', '2024-12-24 07:25:48'),
(1586, 16, 55.150667, -2.488407, '2024-12-24 07:25:48', '2024-12-24 07:25:48'),
(1587, 18, 57.654168, -4.170135, '2024-12-24 07:25:48', '2024-12-24 07:25:48'),
(1588, 15, 56.902876, -4.670347, '2024-12-24 07:25:48', '2024-12-24 07:25:48'),
(1589, 16, 55.150667, -2.488407, '2024-12-24 07:25:48', '2024-12-24 07:25:48'),
(1590, 18, 57.654168, -4.170135, '2024-12-24 07:25:48', '2024-12-24 07:25:48'),
(1591, 15, 59.849929, -7.466057, '2024-12-24 07:25:52', '2024-12-24 07:25:52'),
(1592, 16, 58.495114, -4.650075, '2024-12-24 07:25:52', '2024-12-24 07:25:52'),
(1593, 18, 53.078236, -6.305904, '2024-12-24 07:25:52', '2024-12-24 07:25:52'),
(1594, 15, 59.849929, -7.466057, '2024-12-24 07:25:52', '2024-12-24 07:25:52'),
(1595, 16, 58.495114, -4.650075, '2024-12-24 07:25:52', '2024-12-24 07:25:52'),
(1596, 18, 53.078236, -6.305904, '2024-12-24 07:25:52', '2024-12-24 07:25:52'),
(1597, 15, 53.641913, -2.758353, '2024-12-24 07:25:56', '2024-12-24 07:25:56'),
(1598, 16, 50.353869, -2.110928, '2024-12-24 07:25:56', '2024-12-24 07:25:56'),
(1599, 18, 53.332489, -4.491843, '2024-12-24 07:25:56', '2024-12-24 07:25:56'),
(1600, 15, 53.641913, -2.758353, '2024-12-24 07:25:56', '2024-12-24 07:25:56'),
(1601, 16, 50.353869, -2.110928, '2024-12-24 07:25:56', '2024-12-24 07:25:56'),
(1602, 18, 53.332489, -4.491843, '2024-12-24 07:25:56', '2024-12-24 07:25:56'),
(1603, 15, 53.445556, 1.487139, '2024-12-24 07:26:00', '2024-12-24 07:26:00'),
(1604, 16, 52.032163, 1.958235, '2024-12-24 07:26:00', '2024-12-24 07:26:00'),
(1605, 18, 55.621940, -7.628468, '2024-12-24 07:26:00', '2024-12-24 07:26:00'),
(1606, 15, 53.445556, 1.487139, '2024-12-24 07:26:00', '2024-12-24 07:26:00'),
(1607, 16, 52.032163, 1.958235, '2024-12-24 07:26:00', '2024-12-24 07:26:00'),
(1608, 18, 55.621940, -7.628468, '2024-12-24 07:26:00', '2024-12-24 07:26:00'),
(1609, 15, 51.601729, -2.925904, '2024-12-24 07:26:04', '2024-12-24 07:26:04'),
(1610, 16, 53.569834, -5.799636, '2024-12-24 07:26:04', '2024-12-24 07:26:04'),
(1611, 18, 50.355030, -6.120809, '2024-12-24 07:26:04', '2024-12-24 07:26:04'),
(1612, 15, 51.601729, -2.925904, '2024-12-24 07:26:04', '2024-12-24 07:26:04'),
(1613, 16, 53.569834, -5.799636, '2024-12-24 07:26:04', '2024-12-24 07:26:04'),
(1614, 18, 50.355030, -6.120809, '2024-12-24 07:26:04', '2024-12-24 07:26:04'),
(1615, 15, 53.761009, -4.751172, '2024-12-24 07:26:08', '2024-12-24 07:26:08'),
(1616, 16, 51.584580, -7.687081, '2024-12-24 07:26:08', '2024-12-24 07:26:08'),
(1617, 18, 54.182987, -2.483379, '2024-12-24 07:26:08', '2024-12-24 07:26:08'),
(1618, 15, 53.761009, -4.751172, '2024-12-24 07:26:08', '2024-12-24 07:26:08'),
(1619, 16, 51.584580, -7.687081, '2024-12-24 07:26:08', '2024-12-24 07:26:08'),
(1620, 18, 54.182987, -2.483379, '2024-12-24 07:26:08', '2024-12-24 07:26:08'),
(1621, 15, 59.347012, -5.606838, '2024-12-24 07:26:12', '2024-12-24 07:26:12'),
(1622, 16, 51.122833, 1.611732, '2024-12-24 07:26:12', '2024-12-24 07:26:12'),
(1623, 18, 54.859993, -7.660421, '2024-12-24 07:26:12', '2024-12-24 07:26:12'),
(1624, 15, 59.347012, -5.606838, '2024-12-24 07:26:12', '2024-12-24 07:26:12'),
(1625, 16, 51.122833, 1.611732, '2024-12-24 07:26:12', '2024-12-24 07:26:12'),
(1626, 18, 54.859993, -7.660421, '2024-12-24 07:26:12', '2024-12-24 07:26:12'),
(1627, 15, 56.351735, -2.156533, '2024-12-24 07:26:16', '2024-12-24 07:26:16'),
(1628, 16, 53.713273, 1.014068, '2024-12-24 07:26:16', '2024-12-24 07:26:16'),
(1629, 18, 50.505623, -2.494110, '2024-12-24 07:26:16', '2024-12-24 07:26:16'),
(1630, 15, 56.351735, -2.156533, '2024-12-24 07:26:16', '2024-12-24 07:26:16'),
(1631, 16, 53.713273, 1.014068, '2024-12-24 07:26:16', '2024-12-24 07:26:16'),
(1632, 18, 50.505623, -2.494110, '2024-12-24 07:26:16', '2024-12-24 07:26:16'),
(1633, 15, 54.896920, -5.001321, '2024-12-24 07:26:20', '2024-12-24 07:26:20'),
(1634, 16, 56.849696, -5.940469, '2024-12-24 07:26:20', '2024-12-24 07:26:20'),
(1635, 18, 59.920512, -2.352261, '2024-12-24 07:26:20', '2024-12-24 07:26:20'),
(1636, 15, 54.896920, -5.001321, '2024-12-24 07:26:20', '2024-12-24 07:26:20'),
(1637, 16, 56.849696, -5.940469, '2024-12-24 07:26:20', '2024-12-24 07:26:20'),
(1638, 18, 59.920512, -2.352261, '2024-12-24 07:26:20', '2024-12-24 07:26:20'),
(1639, 15, 58.848167, -1.721114, '2024-12-24 07:26:24', '2024-12-24 07:26:24'),
(1640, 16, 55.710491, -6.820429, '2024-12-24 07:26:24', '2024-12-24 07:26:24'),
(1641, 18, 55.060396, -2.054791, '2024-12-24 07:26:24', '2024-12-24 07:26:24'),
(1642, 15, 58.848167, -1.721114, '2024-12-24 07:26:24', '2024-12-24 07:26:24'),
(1643, 16, 55.710491, -6.820429, '2024-12-24 07:26:24', '2024-12-24 07:26:24'),
(1644, 18, 55.060396, -2.054791, '2024-12-24 07:26:24', '2024-12-24 07:26:24'),
(1645, 15, 59.788262, -7.163480, '2024-12-24 07:26:28', '2024-12-24 07:26:28'),
(1646, 16, 52.904492, -4.525927, '2024-12-24 07:26:28', '2024-12-24 07:26:28'),
(1647, 18, 52.639265, -1.435392, '2024-12-24 07:26:28', '2024-12-24 07:26:28'),
(1648, 15, 59.788262, -7.163480, '2024-12-24 07:26:28', '2024-12-24 07:26:28'),
(1649, 16, 52.904492, -4.525927, '2024-12-24 07:26:28', '2024-12-24 07:26:28'),
(1650, 18, 52.639265, -1.435392, '2024-12-24 07:26:28', '2024-12-24 07:26:28'),
(1651, 15, 56.768862, -2.078108, '2024-12-24 07:26:32', '2024-12-24 07:26:32'),
(1652, 16, 54.442746, -5.804688, '2024-12-24 07:26:32', '2024-12-24 07:26:32'),
(1653, 18, 57.497668, 1.934311, '2024-12-24 07:26:32', '2024-12-24 07:26:32'),
(1654, 15, 56.768862, -2.078108, '2024-12-24 07:26:32', '2024-12-24 07:26:32'),
(1655, 16, 54.442746, -5.804688, '2024-12-24 07:26:32', '2024-12-24 07:26:32'),
(1656, 18, 57.497668, 1.934311, '2024-12-24 07:26:32', '2024-12-24 07:26:32'),
(1657, 15, 58.456646, -3.882421, '2024-12-24 07:26:36', '2024-12-24 07:26:36'),
(1658, 16, 58.528410, -6.301943, '2024-12-24 07:26:36', '2024-12-24 07:26:36'),
(1659, 18, 55.840730, 1.469890, '2024-12-24 07:26:36', '2024-12-24 07:26:36'),
(1660, 15, 58.456646, -3.882421, '2024-12-24 07:26:36', '2024-12-24 07:26:36'),
(1661, 16, 58.528410, -6.301943, '2024-12-24 07:26:36', '2024-12-24 07:26:36'),
(1662, 18, 55.840730, 1.469890, '2024-12-24 07:26:36', '2024-12-24 07:26:36'),
(1663, 15, 50.092486, -2.334227, '2024-12-24 07:26:40', '2024-12-24 07:26:40'),
(1664, 16, 58.114240, -7.817829, '2024-12-24 07:26:40', '2024-12-24 07:26:40'),
(1665, 18, 53.969776, -2.823040, '2024-12-24 07:26:40', '2024-12-24 07:26:40'),
(1666, 15, 50.092486, -2.334227, '2024-12-24 07:26:40', '2024-12-24 07:26:40'),
(1667, 16, 58.114240, -7.817829, '2024-12-24 07:26:40', '2024-12-24 07:26:40'),
(1668, 18, 53.969776, -2.823040, '2024-12-24 07:26:40', '2024-12-24 07:26:40'),
(1669, 15, 56.860618, -4.930856, '2024-12-24 07:26:44', '2024-12-24 07:26:44'),
(1670, 16, 59.607194, -7.226565, '2024-12-24 07:26:44', '2024-12-24 07:26:44'),
(1671, 18, 52.171910, -5.535521, '2024-12-24 07:26:44', '2024-12-24 07:26:44'),
(1672, 15, 56.860618, -4.930856, '2024-12-24 07:26:44', '2024-12-24 07:26:44'),
(1673, 16, 59.607194, -7.226565, '2024-12-24 07:26:44', '2024-12-24 07:26:44'),
(1674, 18, 52.171910, -5.535521, '2024-12-24 07:26:44', '2024-12-24 07:26:44'),
(1675, 15, 52.032515, 0.579371, '2024-12-24 07:26:48', '2024-12-24 07:26:48'),
(1676, 16, 50.025832, -7.052421, '2024-12-24 07:26:48', '2024-12-24 07:26:48'),
(1677, 18, 59.617047, -6.559323, '2024-12-24 07:26:48', '2024-12-24 07:26:48'),
(1678, 15, 52.032515, 0.579371, '2024-12-24 07:26:48', '2024-12-24 07:26:48'),
(1679, 16, 50.025832, -7.052421, '2024-12-24 07:26:48', '2024-12-24 07:26:48'),
(1680, 18, 59.617047, -6.559323, '2024-12-24 07:26:48', '2024-12-24 07:26:48'),
(1681, 15, 54.453306, 0.544768, '2024-12-24 07:26:52', '2024-12-24 07:26:52'),
(1682, 16, 58.702464, 1.731068, '2024-12-24 07:26:52', '2024-12-24 07:26:52'),
(1683, 18, 54.256234, -2.905343, '2024-12-24 07:26:52', '2024-12-24 07:26:52'),
(1684, 15, 54.453306, 0.544768, '2024-12-24 07:26:52', '2024-12-24 07:26:52'),
(1685, 16, 58.702464, 1.731068, '2024-12-24 07:26:52', '2024-12-24 07:26:52'),
(1686, 18, 54.256234, -2.905343, '2024-12-24 07:26:52', '2024-12-24 07:26:52'),
(1687, 15, 52.457543, -3.024714, '2024-12-24 07:26:56', '2024-12-24 07:26:56'),
(1688, 16, 50.166850, -0.491554, '2024-12-24 07:26:56', '2024-12-24 07:26:56'),
(1689, 18, 56.192954, -3.784644, '2024-12-24 07:26:56', '2024-12-24 07:26:56'),
(1690, 15, 52.457543, -3.024714, '2024-12-24 07:26:56', '2024-12-24 07:26:56'),
(1691, 16, 50.166850, -0.491554, '2024-12-24 07:26:56', '2024-12-24 07:26:56'),
(1692, 18, 56.192954, -3.784644, '2024-12-24 07:26:56', '2024-12-24 07:26:56'),
(1693, 15, 51.492953, -4.136457, '2024-12-24 07:27:00', '2024-12-24 07:27:00'),
(1694, 16, 59.607428, 0.853046, '2024-12-24 07:27:00', '2024-12-24 07:27:00'),
(1695, 18, 54.740476, -1.534918, '2024-12-24 07:27:00', '2024-12-24 07:27:00'),
(1696, 15, 51.492953, -4.136457, '2024-12-24 07:27:00', '2024-12-24 07:27:00'),
(1697, 16, 59.607428, 0.853046, '2024-12-24 07:27:00', '2024-12-24 07:27:00'),
(1698, 18, 54.740476, -1.534918, '2024-12-24 07:27:00', '2024-12-24 07:27:00'),
(1699, 15, 56.429974, 1.051514, '2024-12-24 07:27:04', '2024-12-24 07:27:04'),
(1700, 16, 51.000443, -6.298832, '2024-12-24 07:27:04', '2024-12-24 07:27:04'),
(1701, 18, 59.481110, 1.210853, '2024-12-24 07:27:04', '2024-12-24 07:27:04'),
(1702, 15, 56.429974, 1.051514, '2024-12-24 07:27:04', '2024-12-24 07:27:04'),
(1703, 16, 51.000443, -6.298832, '2024-12-24 07:27:04', '2024-12-24 07:27:04'),
(1704, 18, 59.481110, 1.210853, '2024-12-24 07:27:04', '2024-12-24 07:27:04'),
(1705, 15, 55.956939, -0.577848, '2024-12-24 07:27:08', '2024-12-24 07:27:08'),
(1706, 16, 58.378626, -1.172716, '2024-12-24 07:27:08', '2024-12-24 07:27:08'),
(1707, 18, 55.824920, 1.125640, '2024-12-24 07:27:08', '2024-12-24 07:27:08'),
(1708, 15, 55.956939, -0.577848, '2024-12-24 07:27:08', '2024-12-24 07:27:08'),
(1709, 16, 58.378626, -1.172716, '2024-12-24 07:27:08', '2024-12-24 07:27:08'),
(1710, 18, 55.824920, 1.125640, '2024-12-24 07:27:08', '2024-12-24 07:27:08'),
(1711, 15, 55.697568, -2.840705, '2024-12-24 07:27:12', '2024-12-24 07:27:12'),
(1712, 16, 54.991343, -2.989988, '2024-12-24 07:27:12', '2024-12-24 07:27:12'),
(1713, 18, 57.741050, -5.188501, '2024-12-24 07:27:12', '2024-12-24 07:27:12'),
(1714, 15, 55.697568, -2.840705, '2024-12-24 07:27:12', '2024-12-24 07:27:12'),
(1715, 16, 54.991343, -2.989988, '2024-12-24 07:27:12', '2024-12-24 07:27:12'),
(1716, 18, 57.741050, -5.188501, '2024-12-24 07:27:12', '2024-12-24 07:27:12'),
(1717, 15, 50.654842, -1.361183, '2024-12-24 07:27:16', '2024-12-24 07:27:16'),
(1718, 16, 54.447485, -1.480873, '2024-12-24 07:27:16', '2024-12-24 07:27:16'),
(1719, 18, 52.594358, -6.574335, '2024-12-24 07:27:16', '2024-12-24 07:27:16'),
(1720, 15, 50.654842, -1.361183, '2024-12-24 07:27:16', '2024-12-24 07:27:16'),
(1721, 16, 54.447485, -1.480873, '2024-12-24 07:27:16', '2024-12-24 07:27:16'),
(1722, 18, 52.594358, -6.574335, '2024-12-24 07:27:16', '2024-12-24 07:27:16'),
(1723, 15, 54.508652, -2.043808, '2024-12-24 07:27:19', '2024-12-24 07:27:19'),
(1724, 16, 57.160109, -4.303860, '2024-12-24 07:27:19', '2024-12-24 07:27:19'),
(1725, 18, 53.925904, 0.860038, '2024-12-24 07:27:19', '2024-12-24 07:27:19'),
(1726, 15, 54.508652, -2.043808, '2024-12-24 07:27:19', '2024-12-24 07:27:19'),
(1727, 16, 57.160109, -4.303860, '2024-12-24 07:27:19', '2024-12-24 07:27:19'),
(1728, 18, 53.925904, 0.860038, '2024-12-24 07:27:19', '2024-12-24 07:27:19'),
(1729, 15, 54.485004, 1.591390, '2024-12-24 07:27:22', '2024-12-24 07:27:22'),
(1730, 16, 56.711607, -0.031487, '2024-12-24 07:27:22', '2024-12-24 07:27:22'),
(1731, 18, 59.211563, -4.180288, '2024-12-24 07:27:22', '2024-12-24 07:27:22'),
(1732, 15, 54.485004, 1.591390, '2024-12-24 07:27:22', '2024-12-24 07:27:22'),
(1733, 16, 56.711607, -0.031487, '2024-12-24 07:27:22', '2024-12-24 07:27:22'),
(1734, 18, 59.211563, -4.180288, '2024-12-24 07:27:22', '2024-12-24 07:27:22'),
(1735, 15, 53.714346, -1.278045, '2024-12-24 07:27:25', '2024-12-24 07:27:25'),
(1736, 16, 54.295246, 0.908307, '2024-12-24 07:27:25', '2024-12-24 07:27:25'),
(1737, 18, 53.409863, 1.110529, '2024-12-24 07:27:25', '2024-12-24 07:27:25'),
(1738, 15, 53.714346, -1.278045, '2024-12-24 07:27:25', '2024-12-24 07:27:25'),
(1739, 16, 54.295246, 0.908307, '2024-12-24 07:27:25', '2024-12-24 07:27:25'),
(1740, 18, 53.409863, 1.110529, '2024-12-24 07:27:25', '2024-12-24 07:27:25'),
(1741, 15, 55.333654, -2.628532, '2024-12-24 07:27:28', '2024-12-24 07:27:28'),
(1742, 16, 54.051107, -3.024358, '2024-12-24 07:27:28', '2024-12-24 07:27:28'),
(1743, 18, 54.632140, -0.850474, '2024-12-24 07:27:28', '2024-12-24 07:27:28'),
(1744, 15, 55.333654, -2.628532, '2024-12-24 07:27:28', '2024-12-24 07:27:28'),
(1745, 16, 54.051107, -3.024358, '2024-12-24 07:27:28', '2024-12-24 07:27:28'),
(1746, 18, 54.632140, -0.850474, '2024-12-24 07:27:28', '2024-12-24 07:27:28'),
(1747, 15, 56.433719, 1.562613, '2024-12-24 07:27:31', '2024-12-24 07:27:31'),
(1748, 16, 52.199074, -4.245879, '2024-12-24 07:27:31', '2024-12-24 07:27:31'),
(1749, 18, 52.470979, -0.702431, '2024-12-24 07:27:31', '2024-12-24 07:27:31'),
(1750, 15, 56.433719, 1.562613, '2024-12-24 07:27:31', '2024-12-24 07:27:31'),
(1751, 16, 52.199074, -4.245879, '2024-12-24 07:27:31', '2024-12-24 07:27:31'),
(1752, 18, 52.470979, -0.702431, '2024-12-24 07:27:31', '2024-12-24 07:27:31'),
(1753, 15, 51.073781, -6.487787, '2024-12-24 07:27:34', '2024-12-24 07:27:34'),
(1754, 16, 52.910169, -3.374560, '2024-12-24 07:27:34', '2024-12-24 07:27:34'),
(1755, 18, 59.671509, 0.321311, '2024-12-24 07:27:34', '2024-12-24 07:27:34'),
(1756, 15, 51.073781, -6.487787, '2024-12-24 07:27:34', '2024-12-24 07:27:34'),
(1757, 16, 52.910169, -3.374560, '2024-12-24 07:27:34', '2024-12-24 07:27:34'),
(1758, 18, 59.671509, 0.321311, '2024-12-24 07:27:34', '2024-12-24 07:27:34'),
(1759, 15, 57.975717, -2.510513, '2024-12-24 07:27:37', '2024-12-24 07:27:37'),
(1760, 16, 56.705869, -1.859712, '2024-12-24 07:27:37', '2024-12-24 07:27:37'),
(1761, 18, 50.248601, -5.779591, '2024-12-24 07:27:37', '2024-12-24 07:27:37'),
(1762, 15, 57.975717, -2.510513, '2024-12-24 07:27:37', '2024-12-24 07:27:37'),
(1763, 16, 56.705869, -1.859712, '2024-12-24 07:27:37', '2024-12-24 07:27:37'),
(1764, 18, 50.248601, -5.779591, '2024-12-24 07:27:37', '2024-12-24 07:27:37'),
(1765, 15, 58.677236, -3.606772, '2024-12-24 07:27:40', '2024-12-24 07:27:40'),
(1766, 16, 50.164018, -5.332503, '2024-12-24 07:27:40', '2024-12-24 07:27:40'),
(1767, 18, 53.888903, 0.524769, '2024-12-24 07:27:40', '2024-12-24 07:27:40'),
(1768, 15, 58.677236, -3.606772, '2024-12-24 07:27:40', '2024-12-24 07:27:40'),
(1769, 16, 50.164018, -5.332503, '2024-12-24 07:27:40', '2024-12-24 07:27:40'),
(1770, 18, 53.888903, 0.524769, '2024-12-24 07:27:40', '2024-12-24 07:27:40'),
(1771, 15, 59.476646, 1.709708, '2024-12-24 07:27:43', '2024-12-24 07:27:43'),
(1772, 16, 56.702215, -2.524719, '2024-12-24 07:27:43', '2024-12-24 07:27:43'),
(1773, 18, 58.572052, -4.518232, '2024-12-24 07:27:43', '2024-12-24 07:27:43'),
(1774, 15, 59.476646, 1.709708, '2024-12-24 07:27:43', '2024-12-24 07:27:43'),
(1775, 16, 56.702215, -2.524719, '2024-12-24 07:27:43', '2024-12-24 07:27:43'),
(1776, 18, 58.572052, -4.518232, '2024-12-24 07:27:43', '2024-12-24 07:27:43'),
(1777, 15, 59.854369, -0.580461, '2024-12-24 07:27:46', '2024-12-24 07:27:46'),
(1778, 16, 59.367999, -5.292776, '2024-12-24 07:27:46', '2024-12-24 07:27:46'),
(1779, 18, 57.368590, -1.687291, '2024-12-24 07:27:46', '2024-12-24 07:27:46'),
(1780, 15, 59.854369, -0.580461, '2024-12-24 07:27:46', '2024-12-24 07:27:46'),
(1781, 16, 59.367999, -5.292776, '2024-12-24 07:27:46', '2024-12-24 07:27:46'),
(1782, 18, 57.368590, -1.687291, '2024-12-24 07:27:46', '2024-12-24 07:27:46'),
(1783, 15, 51.881662, -4.596709, '2024-12-24 07:27:49', '2024-12-24 07:27:49'),
(1784, 16, 55.862770, -5.013735, '2024-12-24 07:27:49', '2024-12-24 07:27:49'),
(1785, 18, 58.720222, -6.237176, '2024-12-24 07:27:49', '2024-12-24 07:27:49'),
(1786, 15, 51.881662, -4.596709, '2024-12-24 07:27:49', '2024-12-24 07:27:49'),
(1787, 16, 55.862770, -5.013735, '2024-12-24 07:27:49', '2024-12-24 07:27:49'),
(1788, 18, 58.720222, -6.237176, '2024-12-24 07:27:49', '2024-12-24 07:27:49'),
(1789, 15, 56.948705, 0.371441, '2024-12-24 07:27:52', '2024-12-24 07:27:52'),
(1790, 16, 59.136778, 0.672362, '2024-12-24 07:27:52', '2024-12-24 07:27:52'),
(1791, 18, 51.471596, -6.989522, '2024-12-24 07:27:52', '2024-12-24 07:27:52'),
(1792, 15, 56.948705, 0.371441, '2024-12-24 07:27:52', '2024-12-24 07:27:52'),
(1793, 16, 59.136778, 0.672362, '2024-12-24 07:27:52', '2024-12-24 07:27:52'),
(1794, 18, 51.471596, -6.989522, '2024-12-24 07:27:52', '2024-12-24 07:27:52'),
(1795, 15, 59.001817, -2.197811, '2024-12-24 07:27:55', '2024-12-24 07:27:55'),
(1796, 16, 53.942244, -7.538934, '2024-12-24 07:27:55', '2024-12-24 07:27:55'),
(1797, 18, 51.060419, -2.899040, '2024-12-24 07:27:55', '2024-12-24 07:27:55'),
(1798, 15, 59.001817, -2.197811, '2024-12-24 07:27:55', '2024-12-24 07:27:55'),
(1799, 16, 53.942244, -7.538934, '2024-12-24 07:27:55', '2024-12-24 07:27:55'),
(1800, 18, 51.060419, -2.899040, '2024-12-24 07:27:55', '2024-12-24 07:27:55'),
(1801, 15, 57.696303, -0.344057, '2024-12-24 07:27:58', '2024-12-24 07:27:58'),
(1802, 16, 59.375576, -7.617615, '2024-12-24 07:27:58', '2024-12-24 07:27:58'),
(1803, 18, 53.300637, -6.804945, '2024-12-24 07:27:58', '2024-12-24 07:27:58'),
(1804, 15, 57.696303, -0.344057, '2024-12-24 07:27:58', '2024-12-24 07:27:58'),
(1805, 16, 59.375576, -7.617615, '2024-12-24 07:27:58', '2024-12-24 07:27:58'),
(1806, 18, 53.300637, -6.804945, '2024-12-24 07:27:58', '2024-12-24 07:27:58'),
(1807, 15, 53.603341, -3.601747, '2024-12-24 07:28:01', '2024-12-24 07:28:01'),
(1808, 16, 55.656096, 1.472814, '2024-12-24 07:28:01', '2024-12-24 07:28:01'),
(1809, 18, 51.745573, 0.130179, '2024-12-24 07:28:01', '2024-12-24 07:28:01'),
(1810, 15, 53.603341, -3.601747, '2024-12-24 07:28:01', '2024-12-24 07:28:01'),
(1811, 16, 55.656096, 1.472814, '2024-12-24 07:28:01', '2024-12-24 07:28:01'),
(1812, 18, 51.745573, 0.130179, '2024-12-24 07:28:01', '2024-12-24 07:28:01'),
(1813, 15, 51.612817, -1.355450, '2024-12-24 07:28:04', '2024-12-24 07:28:04'),
(1814, 16, 56.887132, 0.496856, '2024-12-24 07:28:04', '2024-12-24 07:28:04'),
(1815, 18, 59.426734, -1.286052, '2024-12-24 07:28:04', '2024-12-24 07:28:04'),
(1816, 15, 51.612817, -1.355450, '2024-12-24 07:28:04', '2024-12-24 07:28:04'),
(1817, 16, 56.887132, 0.496856, '2024-12-24 07:28:04', '2024-12-24 07:28:04'),
(1818, 18, 59.426734, -1.286052, '2024-12-24 07:28:04', '2024-12-24 07:28:04'),
(1819, 15, 58.282880, 1.115515, '2024-12-24 07:28:07', '2024-12-24 07:28:07'),
(1820, 16, 53.580006, 0.053379, '2024-12-24 07:28:07', '2024-12-24 07:28:07'),
(1821, 18, 56.478786, -7.651053, '2024-12-24 07:28:07', '2024-12-24 07:28:07'),
(1822, 15, 58.282880, 1.115515, '2024-12-24 07:28:07', '2024-12-24 07:28:07'),
(1823, 16, 53.580006, 0.053379, '2024-12-24 07:28:07', '2024-12-24 07:28:07'),
(1824, 18, 56.478786, -7.651053, '2024-12-24 07:28:07', '2024-12-24 07:28:07'),
(1825, 15, 59.073257, 1.282314, '2024-12-24 07:28:10', '2024-12-24 07:28:10'),
(1826, 16, 54.122094, 1.422980, '2024-12-24 07:28:10', '2024-12-24 07:28:10'),
(1827, 18, 55.295911, -0.502706, '2024-12-24 07:28:10', '2024-12-24 07:28:10'),
(1828, 15, 59.073257, 1.282314, '2024-12-24 07:28:10', '2024-12-24 07:28:10'),
(1829, 16, 54.122094, 1.422980, '2024-12-24 07:28:10', '2024-12-24 07:28:10'),
(1830, 18, 55.295911, -0.502706, '2024-12-24 07:28:10', '2024-12-24 07:28:10'),
(1831, 15, 53.162353, -5.557680, '2024-12-24 07:28:13', '2024-12-24 07:28:13'),
(1832, 16, 50.332913, -6.395757, '2024-12-24 07:28:13', '2024-12-24 07:28:13'),
(1833, 18, 54.535772, -7.206979, '2024-12-24 07:28:13', '2024-12-24 07:28:13'),
(1834, 15, 53.162353, -5.557680, '2024-12-24 07:28:13', '2024-12-24 07:28:13'),
(1835, 16, 50.332913, -6.395757, '2024-12-24 07:28:13', '2024-12-24 07:28:13'),
(1836, 18, 54.535772, -7.206979, '2024-12-24 07:28:13', '2024-12-24 07:28:13'),
(1837, 15, 57.028069, -2.090623, '2024-12-24 07:28:16', '2024-12-24 07:28:16'),
(1838, 16, 56.793518, -6.567844, '2024-12-24 07:28:16', '2024-12-24 07:28:16'),
(1839, 18, 50.714913, -5.187579, '2024-12-24 07:28:16', '2024-12-24 07:28:16'),
(1840, 15, 57.028069, -2.090623, '2024-12-24 07:28:16', '2024-12-24 07:28:16'),
(1841, 16, 56.793518, -6.567844, '2024-12-24 07:28:16', '2024-12-24 07:28:16'),
(1842, 18, 50.714913, -5.187579, '2024-12-24 07:28:16', '2024-12-24 07:28:16'),
(1843, 15, 59.146505, 0.348497, '2024-12-24 07:28:19', '2024-12-24 07:28:19'),
(1844, 16, 55.613669, -4.884732, '2024-12-24 07:28:19', '2024-12-24 07:28:19'),
(1845, 18, 51.794501, -0.457490, '2024-12-24 07:28:19', '2024-12-24 07:28:19'),
(1846, 15, 59.146505, 0.348497, '2024-12-24 07:28:19', '2024-12-24 07:28:19'),
(1847, 16, 55.613669, -4.884732, '2024-12-24 07:28:19', '2024-12-24 07:28:19'),
(1848, 18, 51.794501, -0.457490, '2024-12-24 07:28:19', '2024-12-24 07:28:19'),
(1849, 15, 54.681334, 1.272071, '2024-12-24 07:28:22', '2024-12-24 07:28:22'),
(1850, 16, 51.600601, 0.102122, '2024-12-24 07:28:22', '2024-12-24 07:28:22'),
(1851, 18, 51.729053, -6.241562, '2024-12-24 07:28:22', '2024-12-24 07:28:22'),
(1852, 15, 54.681334, 1.272071, '2024-12-24 07:28:22', '2024-12-24 07:28:22'),
(1853, 16, 51.600601, 0.102122, '2024-12-24 07:28:22', '2024-12-24 07:28:22'),
(1854, 18, 51.729053, -6.241562, '2024-12-24 07:28:22', '2024-12-24 07:28:22'),
(1855, 15, 59.862852, -4.348630, '2024-12-24 07:28:25', '2024-12-24 07:28:25'),
(1856, 16, 51.951164, -3.579501, '2024-12-24 07:28:25', '2024-12-24 07:28:25'),
(1857, 18, 52.052299, -5.406545, '2024-12-24 07:28:25', '2024-12-24 07:28:25'),
(1858, 15, 59.862852, -4.348630, '2024-12-24 07:28:25', '2024-12-24 07:28:25'),
(1859, 16, 51.951164, -3.579501, '2024-12-24 07:28:25', '2024-12-24 07:28:25'),
(1860, 18, 52.052299, -5.406545, '2024-12-24 07:28:25', '2024-12-24 07:28:25'),
(1861, 15, 59.150566, -0.434536, '2024-12-24 07:28:28', '2024-12-24 07:28:28'),
(1862, 16, 52.538402, -6.395956, '2024-12-24 07:28:28', '2024-12-24 07:28:28'),
(1863, 18, 50.679400, -1.818477, '2024-12-24 07:28:28', '2024-12-24 07:28:28'),
(1864, 15, 59.150566, -0.434536, '2024-12-24 07:28:28', '2024-12-24 07:28:28'),
(1865, 16, 52.538402, -6.395956, '2024-12-24 07:28:28', '2024-12-24 07:28:28'),
(1866, 18, 50.679400, -1.818477, '2024-12-24 07:28:28', '2024-12-24 07:28:28'),
(1867, 15, 55.524922, -5.652702, '2024-12-24 07:28:31', '2024-12-24 07:28:31'),
(1868, 16, 51.096940, 1.019908, '2024-12-24 07:28:31', '2024-12-24 07:28:31'),
(1869, 18, 52.747391, -6.030198, '2024-12-24 07:28:31', '2024-12-24 07:28:31'),
(1870, 15, 55.524922, -5.652702, '2024-12-24 07:28:31', '2024-12-24 07:28:31'),
(1871, 16, 51.096940, 1.019908, '2024-12-24 07:28:31', '2024-12-24 07:28:31'),
(1872, 18, 52.747391, -6.030198, '2024-12-24 07:28:31', '2024-12-24 07:28:31'),
(1873, 15, 59.507649, -7.270125, '2024-12-24 07:28:34', '2024-12-24 07:28:34'),
(1874, 16, 57.389379, -0.488821, '2024-12-24 07:28:34', '2024-12-24 07:28:34'),
(1875, 18, 53.243782, -1.398606, '2024-12-24 07:28:34', '2024-12-24 07:28:34'),
(1876, 15, 59.507649, -7.270125, '2024-12-24 07:28:34', '2024-12-24 07:28:34'),
(1877, 16, 57.389379, -0.488821, '2024-12-24 07:28:34', '2024-12-24 07:28:34'),
(1878, 18, 53.243782, -1.398606, '2024-12-24 07:28:34', '2024-12-24 07:28:34'),
(1879, 15, 56.440832, -3.214317, '2024-12-24 07:28:37', '2024-12-24 07:28:37'),
(1880, 16, 59.376402, -3.356846, '2024-12-24 07:28:37', '2024-12-24 07:28:37'),
(1881, 18, 54.532962, -6.949944, '2024-12-24 07:28:37', '2024-12-24 07:28:37'),
(1882, 15, 56.440832, -3.214317, '2024-12-24 07:28:37', '2024-12-24 07:28:37'),
(1883, 16, 59.376402, -3.356846, '2024-12-24 07:28:37', '2024-12-24 07:28:37'),
(1884, 18, 54.532962, -6.949944, '2024-12-24 07:28:37', '2024-12-24 07:28:37'),
(1885, 15, 54.917063, -3.716050, '2024-12-24 07:28:40', '2024-12-24 07:28:40'),
(1886, 16, 50.774223, -6.665422, '2024-12-24 07:28:40', '2024-12-24 07:28:40'),
(1887, 18, 52.881703, -0.808569, '2024-12-24 07:28:40', '2024-12-24 07:28:40'),
(1888, 15, 54.917063, -3.716050, '2024-12-24 07:28:40', '2024-12-24 07:28:40'),
(1889, 16, 50.774223, -6.665422, '2024-12-24 07:28:40', '2024-12-24 07:28:40'),
(1890, 18, 52.881703, -0.808569, '2024-12-24 07:28:40', '2024-12-24 07:28:40'),
(1891, 15, 52.635660, -2.008998, '2024-12-24 07:28:43', '2024-12-24 07:28:43'),
(1892, 16, 51.193760, -4.342707, '2024-12-24 07:28:43', '2024-12-24 07:28:43'),
(1893, 18, 50.700279, -4.247410, '2024-12-24 07:28:43', '2024-12-24 07:28:43'),
(1894, 15, 52.635660, -2.008998, '2024-12-24 07:28:43', '2024-12-24 07:28:43'),
(1895, 16, 51.193760, -4.342707, '2024-12-24 07:28:43', '2024-12-24 07:28:43'),
(1896, 18, 50.700279, -4.247410, '2024-12-24 07:28:43', '2024-12-24 07:28:43'),
(1897, 15, 55.665522, 0.029791, '2024-12-24 07:28:46', '2024-12-24 07:28:46'),
(1898, 16, 56.108335, 0.362882, '2024-12-24 07:28:46', '2024-12-24 07:28:46'),
(1899, 18, 55.976241, -2.789070, '2024-12-24 07:28:46', '2024-12-24 07:28:46'),
(1900, 15, 55.665522, 0.029791, '2024-12-24 07:28:46', '2024-12-24 07:28:46'),
(1901, 16, 56.108335, 0.362882, '2024-12-24 07:28:46', '2024-12-24 07:28:46'),
(1902, 18, 55.976241, -2.789070, '2024-12-24 07:28:46', '2024-12-24 07:28:46'),
(1903, 15, 53.365151, -4.514431, '2024-12-24 07:28:49', '2024-12-24 07:28:49'),
(1904, 16, 54.307948, -2.228339, '2024-12-24 07:28:49', '2024-12-24 07:28:49'),
(1905, 18, 54.127833, -1.448422, '2024-12-24 07:28:49', '2024-12-24 07:28:49'),
(1906, 15, 53.365151, -4.514431, '2024-12-24 07:28:49', '2024-12-24 07:28:49'),
(1907, 16, 54.307948, -2.228339, '2024-12-24 07:28:49', '2024-12-24 07:28:49'),
(1908, 18, 54.127833, -1.448422, '2024-12-24 07:28:49', '2024-12-24 07:28:49'),
(1909, 15, 58.116299, -7.545418, '2024-12-24 07:28:52', '2024-12-24 07:28:52'),
(1910, 16, 55.481050, -3.099049, '2024-12-24 07:28:52', '2024-12-24 07:28:52'),
(1911, 18, 53.445337, -1.605026, '2024-12-24 07:28:52', '2024-12-24 07:28:52'),
(1912, 15, 58.116299, -7.545418, '2024-12-24 07:28:52', '2024-12-24 07:28:52'),
(1913, 16, 55.481050, -3.099049, '2024-12-24 07:28:52', '2024-12-24 07:28:52'),
(1914, 18, 53.445337, -1.605026, '2024-12-24 07:28:52', '2024-12-24 07:28:52'),
(1915, 15, 56.248884, 1.038385, '2024-12-24 07:28:55', '2024-12-24 07:28:55'),
(1916, 16, 50.908263, -4.939570, '2024-12-24 07:28:55', '2024-12-24 07:28:55'),
(1917, 18, 51.043066, -1.823318, '2024-12-24 07:28:55', '2024-12-24 07:28:55'),
(1918, 15, 56.248884, 1.038385, '2024-12-24 07:28:55', '2024-12-24 07:28:55'),
(1919, 16, 50.908263, -4.939570, '2024-12-24 07:28:55', '2024-12-24 07:28:55'),
(1920, 18, 51.043066, -1.823318, '2024-12-24 07:28:55', '2024-12-24 07:28:55'),
(1921, 15, 59.715360, -5.765383, '2024-12-24 07:28:58', '2024-12-24 07:28:58'),
(1922, 16, 50.076776, -1.706294, '2024-12-24 07:28:58', '2024-12-24 07:28:58'),
(1923, 18, 54.902835, -4.733092, '2024-12-24 07:28:58', '2024-12-24 07:28:58'),
(1924, 15, 59.715360, -5.765383, '2024-12-24 07:28:58', '2024-12-24 07:28:58'),
(1925, 16, 50.076776, -1.706294, '2024-12-24 07:28:58', '2024-12-24 07:28:58'),
(1926, 18, 54.902835, -4.733092, '2024-12-24 07:28:58', '2024-12-24 07:28:58'),
(1927, 15, 51.796718, -7.251578, '2024-12-24 07:29:01', '2024-12-24 07:29:01'),
(1928, 16, 59.275439, -6.055993, '2024-12-24 07:29:01', '2024-12-24 07:29:01'),
(1929, 18, 56.816964, -3.670746, '2024-12-24 07:29:01', '2024-12-24 07:29:01'),
(1930, 15, 51.796718, -7.251578, '2024-12-24 07:29:01', '2024-12-24 07:29:01'),
(1931, 16, 59.275439, -6.055993, '2024-12-24 07:29:01', '2024-12-24 07:29:01'),
(1932, 18, 56.816964, -3.670746, '2024-12-24 07:29:01', '2024-12-24 07:29:01'),
(1933, 15, 56.414555, -1.530861, '2024-12-24 07:29:04', '2024-12-24 07:29:04'),
(1934, 16, 56.863876, -2.611870, '2024-12-24 07:29:04', '2024-12-24 07:29:04'),
(1935, 18, 53.113868, -6.212519, '2024-12-24 07:29:04', '2024-12-24 07:29:04'),
(1936, 15, 56.414555, -1.530861, '2024-12-24 07:29:04', '2024-12-24 07:29:04'),
(1937, 16, 56.863876, -2.611870, '2024-12-24 07:29:04', '2024-12-24 07:29:04'),
(1938, 18, 53.113868, -6.212519, '2024-12-24 07:29:04', '2024-12-24 07:29:04'),
(1939, 15, 59.751467, -6.272185, '2024-12-24 07:29:07', '2024-12-24 07:29:07'),
(1940, 16, 57.280177, -4.900033, '2024-12-24 07:29:07', '2024-12-24 07:29:07'),
(1941, 18, 56.800952, -5.365094, '2024-12-24 07:29:07', '2024-12-24 07:29:07'),
(1942, 15, 59.751467, -6.272185, '2024-12-24 07:29:07', '2024-12-24 07:29:07'),
(1943, 16, 57.280177, -4.900033, '2024-12-24 07:29:07', '2024-12-24 07:29:07'),
(1944, 18, 56.800952, -5.365094, '2024-12-24 07:29:07', '2024-12-24 07:29:07'),
(1945, 15, 52.821993, -0.242582, '2024-12-24 07:29:10', '2024-12-24 07:29:10'),
(1946, 16, 56.117231, -1.095421, '2024-12-24 07:29:10', '2024-12-24 07:29:10'),
(1947, 18, 52.354756, -4.809173, '2024-12-24 07:29:10', '2024-12-24 07:29:10'),
(1948, 15, 52.821993, -0.242582, '2024-12-24 07:29:10', '2024-12-24 07:29:10'),
(1949, 16, 56.117231, -1.095421, '2024-12-24 07:29:10', '2024-12-24 07:29:10'),
(1950, 18, 52.354756, -4.809173, '2024-12-24 07:29:10', '2024-12-24 07:29:10'),
(1951, 15, 50.860021, -4.454764, '2024-12-24 07:29:13', '2024-12-24 07:29:13'),
(1952, 16, 53.671276, -3.846325, '2024-12-24 07:29:13', '2024-12-24 07:29:13'),
(1953, 18, 56.443675, -7.479987, '2024-12-24 07:29:13', '2024-12-24 07:29:13'),
(1954, 15, 50.860021, -4.454764, '2024-12-24 07:29:13', '2024-12-24 07:29:13'),
(1955, 16, 53.671276, -3.846325, '2024-12-24 07:29:13', '2024-12-24 07:29:13'),
(1956, 18, 56.443675, -7.479987, '2024-12-24 07:29:13', '2024-12-24 07:29:13'),
(1957, 15, 59.808813, -5.896963, '2024-12-24 07:29:16', '2024-12-24 07:29:16'),
(1958, 16, 57.528087, 0.575636, '2024-12-24 07:29:16', '2024-12-24 07:29:16'),
(1959, 18, 53.567198, -1.613899, '2024-12-24 07:29:16', '2024-12-24 07:29:16'),
(1960, 15, 59.808813, -5.896963, '2024-12-24 07:29:16', '2024-12-24 07:29:16'),
(1961, 16, 57.528087, 0.575636, '2024-12-24 07:29:16', '2024-12-24 07:29:16');
INSERT INTO `RidersLocations` (`id`, `rider_id`, `lat`, `lng`, `created_at`, `updated_at`) VALUES
(1962, 18, 53.567198, -1.613899, '2024-12-24 07:29:16', '2024-12-24 07:29:16'),
(1963, 15, 56.862728, -2.417710, '2024-12-24 07:29:19', '2024-12-24 07:29:19'),
(1964, 16, 53.462443, -4.621255, '2024-12-24 07:29:19', '2024-12-24 07:29:19'),
(1965, 18, 52.291500, -4.231983, '2024-12-24 07:29:19', '2024-12-24 07:29:19'),
(1966, 15, 56.862728, -2.417710, '2024-12-24 07:29:19', '2024-12-24 07:29:19'),
(1967, 16, 53.462443, -4.621255, '2024-12-24 07:29:19', '2024-12-24 07:29:19'),
(1968, 18, 52.291500, -4.231983, '2024-12-24 07:29:19', '2024-12-24 07:29:19'),
(1969, 15, 56.220042, -2.000779, '2024-12-24 07:29:22', '2024-12-24 07:29:22'),
(1970, 16, 52.094257, 1.591964, '2024-12-24 07:29:22', '2024-12-24 07:29:22'),
(1971, 18, 59.852778, -1.231650, '2024-12-24 07:29:22', '2024-12-24 07:29:22'),
(1972, 15, 56.220042, -2.000779, '2024-12-24 07:29:22', '2024-12-24 07:29:22'),
(1973, 16, 52.094257, 1.591964, '2024-12-24 07:29:22', '2024-12-24 07:29:22'),
(1974, 18, 59.852778, -1.231650, '2024-12-24 07:29:22', '2024-12-24 07:29:22'),
(1975, 15, 56.712388, 1.430210, '2024-12-24 07:29:25', '2024-12-24 07:29:25'),
(1976, 16, 59.200435, -2.835803, '2024-12-24 07:29:25', '2024-12-24 07:29:25'),
(1977, 18, 52.633440, -7.289765, '2024-12-24 07:29:25', '2024-12-24 07:29:25'),
(1978, 15, 56.712388, 1.430210, '2024-12-24 07:29:25', '2024-12-24 07:29:25'),
(1979, 16, 59.200435, -2.835803, '2024-12-24 07:29:25', '2024-12-24 07:29:25'),
(1980, 18, 52.633440, -7.289765, '2024-12-24 07:29:25', '2024-12-24 07:29:25'),
(1981, 15, 59.695109, 1.715964, '2024-12-24 07:29:40', '2024-12-24 07:29:40'),
(1982, 16, 54.504791, -2.179962, '2024-12-24 07:29:40', '2024-12-24 07:29:40'),
(1983, 18, 58.814472, -7.807594, '2024-12-24 07:29:40', '2024-12-24 07:29:40'),
(1984, 15, 59.695109, 1.715964, '2024-12-24 07:29:40', '2024-12-24 07:29:40'),
(1985, 16, 54.504791, -2.179962, '2024-12-24 07:29:40', '2024-12-24 07:29:40'),
(1986, 18, 58.814472, -7.807594, '2024-12-24 07:29:40', '2024-12-24 07:29:40'),
(1987, 15, 58.351855, 1.985544, '2024-12-24 07:29:43', '2024-12-24 07:29:43'),
(1988, 16, 55.353790, -3.869041, '2024-12-24 07:29:43', '2024-12-24 07:29:43'),
(1989, 18, 50.780114, -4.268232, '2024-12-24 07:29:43', '2024-12-24 07:29:43'),
(1990, 15, 58.351855, 1.985544, '2024-12-24 07:29:43', '2024-12-24 07:29:43'),
(1991, 16, 55.353790, -3.869041, '2024-12-24 07:29:43', '2024-12-24 07:29:43'),
(1992, 18, 50.780114, -4.268232, '2024-12-24 07:29:43', '2024-12-24 07:29:43'),
(1993, 15, 51.301498, 0.559462, '2024-12-24 07:29:46', '2024-12-24 07:29:46'),
(1994, 16, 54.180890, -5.613489, '2024-12-24 07:29:46', '2024-12-24 07:29:46'),
(1995, 18, 59.789953, -5.154637, '2024-12-24 07:29:46', '2024-12-24 07:29:46'),
(1996, 15, 51.301498, 0.559462, '2024-12-24 07:29:46', '2024-12-24 07:29:46'),
(1997, 16, 54.180890, -5.613489, '2024-12-24 07:29:46', '2024-12-24 07:29:46'),
(1998, 18, 59.789953, -5.154637, '2024-12-24 07:29:46', '2024-12-24 07:29:46'),
(1999, 15, 55.140724, -4.583370, '2024-12-24 13:13:10', '2024-12-24 13:13:10'),
(2000, 16, 58.304267, 0.339907, '2024-12-24 13:13:10', '2024-12-24 13:13:10'),
(2001, 18, 54.433872, -5.940434, '2024-12-24 13:13:10', '2024-12-24 13:13:10'),
(2002, 15, 55.140724, -4.583370, '2024-12-24 13:13:10', '2024-12-24 13:13:10'),
(2003, 16, 58.304267, 0.339907, '2024-12-24 13:13:10', '2024-12-24 13:13:10'),
(2004, 18, 54.433872, -5.940434, '2024-12-24 13:13:10', '2024-12-24 13:13:10'),
(2005, 15, 59.478243, -7.251629, '2024-12-24 13:13:13', '2024-12-24 13:13:13'),
(2006, 16, 56.248271, -6.654034, '2024-12-24 13:13:13', '2024-12-24 13:13:13'),
(2007, 18, 51.908748, -5.559200, '2024-12-24 13:13:13', '2024-12-24 13:13:13'),
(2008, 15, 59.478243, -7.251629, '2024-12-24 13:13:13', '2024-12-24 13:13:13'),
(2009, 16, 56.248271, -6.654034, '2024-12-24 13:13:13', '2024-12-24 13:13:13'),
(2010, 18, 51.908748, -5.559200, '2024-12-24 13:13:13', '2024-12-24 13:13:13'),
(2011, 15, 53.422962, -5.840278, '2024-12-24 13:13:16', '2024-12-24 13:13:16'),
(2012, 16, 51.251528, -0.483101, '2024-12-24 13:13:16', '2024-12-24 13:13:16'),
(2013, 18, 59.871599, -0.882922, '2024-12-24 13:13:16', '2024-12-24 13:13:16'),
(2014, 15, 53.422962, -5.840278, '2024-12-24 13:13:16', '2024-12-24 13:13:16'),
(2015, 16, 51.251528, -0.483101, '2024-12-24 13:13:16', '2024-12-24 13:13:16'),
(2016, 18, 59.871599, -0.882922, '2024-12-24 13:13:16', '2024-12-24 13:13:16'),
(2017, 15, 51.555377, -2.460221, '2024-12-24 13:13:19', '2024-12-24 13:13:19'),
(2018, 16, 59.766722, -4.417550, '2024-12-24 13:13:19', '2024-12-24 13:13:19'),
(2019, 18, 53.311854, 1.059931, '2024-12-24 13:13:19', '2024-12-24 13:13:19'),
(2020, 15, 51.555377, -2.460221, '2024-12-24 13:13:19', '2024-12-24 13:13:19'),
(2021, 16, 59.766722, -4.417550, '2024-12-24 13:13:19', '2024-12-24 13:13:19'),
(2022, 18, 53.311854, 1.059931, '2024-12-24 13:13:19', '2024-12-24 13:13:19'),
(2023, 15, 59.072157, -7.546918, '2024-12-24 13:13:22', '2024-12-24 13:13:22'),
(2024, 16, 53.850846, -7.918276, '2024-12-24 13:13:22', '2024-12-24 13:13:22'),
(2025, 18, 52.639593, 1.155952, '2024-12-24 13:13:22', '2024-12-24 13:13:22'),
(2026, 15, 59.072157, -7.546918, '2024-12-24 13:13:22', '2024-12-24 13:13:22'),
(2027, 16, 53.850846, -7.918276, '2024-12-24 13:13:22', '2024-12-24 13:13:22'),
(2028, 18, 52.639593, 1.155952, '2024-12-24 13:13:22', '2024-12-24 13:13:22'),
(2029, 15, 50.095102, -3.989335, '2024-12-24 13:13:25', '2024-12-24 13:13:25'),
(2030, 16, 58.874033, -5.869621, '2024-12-24 13:13:25', '2024-12-24 13:13:25'),
(2031, 18, 53.850971, -7.864829, '2024-12-24 13:13:25', '2024-12-24 13:13:25'),
(2032, 15, 50.095102, -3.989335, '2024-12-24 13:13:25', '2024-12-24 13:13:25'),
(2033, 16, 58.874033, -5.869621, '2024-12-24 13:13:25', '2024-12-24 13:13:25'),
(2034, 18, 53.850971, -7.864829, '2024-12-24 13:13:25', '2024-12-24 13:13:25'),
(2035, 15, 50.949792, -4.224024, '2024-12-24 13:13:28', '2024-12-24 13:13:28'),
(2036, 16, 52.738265, -4.768323, '2024-12-24 13:13:28', '2024-12-24 13:13:28'),
(2037, 18, 59.725535, -4.083582, '2024-12-24 13:13:28', '2024-12-24 13:13:28'),
(2038, 15, 50.949792, -4.224024, '2024-12-24 13:13:28', '2024-12-24 13:13:28'),
(2039, 16, 52.738265, -4.768323, '2024-12-24 13:13:28', '2024-12-24 13:13:28'),
(2040, 18, 59.725535, -4.083582, '2024-12-24 13:13:28', '2024-12-24 13:13:28'),
(2041, 15, 53.555850, -4.686637, '2024-12-24 13:13:33', '2024-12-24 13:13:33'),
(2042, 16, 52.342525, -7.473220, '2024-12-24 13:13:33', '2024-12-24 13:13:33'),
(2043, 18, 50.692338, -6.817868, '2024-12-24 13:13:33', '2024-12-24 13:13:33'),
(2044, 15, 53.555850, -4.686637, '2024-12-24 13:13:33', '2024-12-24 13:13:33'),
(2045, 16, 52.342525, -7.473220, '2024-12-24 13:13:33', '2024-12-24 13:13:33'),
(2046, 18, 50.692338, -6.817868, '2024-12-24 13:13:33', '2024-12-24 13:13:33'),
(2047, 15, 53.219642, -1.206809, '2024-12-24 13:13:41', '2024-12-24 13:13:41'),
(2048, 16, 55.611314, 0.713283, '2024-12-24 13:13:41', '2024-12-24 13:13:41'),
(2049, 18, 59.472754, -7.553098, '2024-12-24 13:13:41', '2024-12-24 13:13:41'),
(2050, 15, 53.219642, -1.206809, '2024-12-24 13:13:41', '2024-12-24 13:13:41'),
(2051, 16, 55.611314, 0.713283, '2024-12-24 13:13:41', '2024-12-24 13:13:41'),
(2052, 18, 59.472754, -7.553098, '2024-12-24 13:13:41', '2024-12-24 13:13:41'),
(2053, 15, 57.408912, 1.819955, '2024-12-24 13:13:57', '2024-12-24 13:13:57'),
(2054, 16, 54.758863, -1.661454, '2024-12-24 13:13:57', '2024-12-24 13:13:57'),
(2055, 18, 58.519481, 0.003757, '2024-12-24 13:13:57', '2024-12-24 13:13:57'),
(2056, 15, 57.408912, 1.819955, '2024-12-24 13:13:57', '2024-12-24 13:13:57'),
(2057, 16, 54.758863, -1.661454, '2024-12-24 13:13:57', '2024-12-24 13:13:57'),
(2058, 18, 58.519481, 0.003757, '2024-12-24 13:13:57', '2024-12-24 13:13:57'),
(2059, 15, 53.498321, -7.506641, '2024-12-24 13:14:27', '2024-12-24 13:14:27'),
(2060, 16, 50.982713, -5.832878, '2024-12-24 13:14:27', '2024-12-24 13:14:27'),
(2061, 18, 55.967685, -7.001831, '2024-12-24 13:14:27', '2024-12-24 13:14:27'),
(2062, 15, 53.498321, -7.506641, '2024-12-24 13:14:27', '2024-12-24 13:14:27'),
(2063, 16, 50.982713, -5.832878, '2024-12-24 13:14:27', '2024-12-24 13:14:27'),
(2064, 18, 55.967685, -7.001831, '2024-12-24 13:14:27', '2024-12-24 13:14:27'),
(2065, 15, 50.113746, -0.806518, '2024-12-24 13:15:09', '2024-12-24 13:15:09'),
(2066, 16, 55.552465, -1.113362, '2024-12-24 13:15:09', '2024-12-24 13:15:09'),
(2067, 18, 57.236402, -2.905642, '2024-12-24 13:15:09', '2024-12-24 13:15:09'),
(2068, 15, 50.113746, -0.806518, '2024-12-24 13:15:09', '2024-12-24 13:15:09'),
(2069, 16, 55.552465, -1.113362, '2024-12-24 13:15:09', '2024-12-24 13:15:09'),
(2070, 18, 57.236402, -2.905642, '2024-12-24 13:15:09', '2024-12-24 13:15:09'),
(2071, 15, 55.191425, -3.102231, '2024-12-24 13:16:15', '2024-12-24 13:16:15'),
(2072, 16, 52.535647, 1.906799, '2024-12-24 13:16:15', '2024-12-24 13:16:15'),
(2073, 18, 50.412799, 0.817973, '2024-12-24 13:16:15', '2024-12-24 13:16:15'),
(2074, 15, 55.191425, -3.102231, '2024-12-24 13:16:15', '2024-12-24 13:16:15'),
(2075, 16, 52.535647, 1.906799, '2024-12-24 13:16:15', '2024-12-24 13:16:15'),
(2076, 18, 50.412799, 0.817973, '2024-12-24 13:16:15', '2024-12-24 13:16:15'),
(2077, 15, 57.157942, -5.431398, '2024-12-24 13:18:25', '2024-12-24 13:18:25'),
(2078, 16, 52.213772, -1.186567, '2024-12-24 13:18:25', '2024-12-24 13:18:25'),
(2079, 18, 52.436784, -7.498626, '2024-12-24 13:18:25', '2024-12-24 13:18:25'),
(2080, 15, 57.157942, -5.431398, '2024-12-24 13:18:25', '2024-12-24 13:18:25'),
(2081, 16, 52.213772, -1.186567, '2024-12-24 13:18:25', '2024-12-24 13:18:25'),
(2082, 18, 52.436784, -7.498626, '2024-12-24 13:18:25', '2024-12-24 13:18:25'),
(2083, 15, 53.392611, 1.905447, '2024-12-24 13:19:25', '2024-12-24 13:19:25'),
(2084, 16, 59.325629, -4.271220, '2024-12-24 13:19:25', '2024-12-24 13:19:25'),
(2085, 18, 50.195853, -1.352373, '2024-12-24 13:19:25', '2024-12-24 13:19:25'),
(2086, 15, 53.392611, 1.905447, '2024-12-24 13:19:25', '2024-12-24 13:19:25'),
(2087, 16, 59.325629, -4.271220, '2024-12-24 13:19:25', '2024-12-24 13:19:25'),
(2088, 18, 50.195853, -1.352373, '2024-12-24 13:19:25', '2024-12-24 13:19:25'),
(2089, 15, 56.572982, -4.287939, '2024-12-24 13:23:49', '2024-12-24 13:23:49'),
(2090, 16, 50.732160, -1.489533, '2024-12-24 13:23:49', '2024-12-24 13:23:49'),
(2091, 18, 52.843510, 1.738138, '2024-12-24 13:23:49', '2024-12-24 13:23:49'),
(2092, 15, 56.572982, -4.287939, '2024-12-24 13:23:49', '2024-12-24 13:23:49'),
(2093, 16, 50.732160, -1.489533, '2024-12-24 13:23:49', '2024-12-24 13:23:49'),
(2094, 18, 52.843510, 1.738138, '2024-12-24 13:23:49', '2024-12-24 13:23:49'),
(2095, 15, 56.461203, -1.140615, '2024-12-24 13:24:29', '2024-12-24 13:24:29'),
(2096, 16, 51.920213, -1.094798, '2024-12-24 13:24:29', '2024-12-24 13:24:29'),
(2097, 18, 51.338617, -2.143247, '2024-12-24 13:24:29', '2024-12-24 13:24:29'),
(2098, 15, 56.461203, -1.140615, '2024-12-24 13:24:29', '2024-12-24 13:24:29'),
(2099, 16, 51.920213, -1.094798, '2024-12-24 13:24:29', '2024-12-24 13:24:29'),
(2100, 18, 51.338617, -2.143247, '2024-12-24 13:24:29', '2024-12-24 13:24:29'),
(2101, 15, 51.996230, -2.064480, '2024-12-24 13:24:32', '2024-12-24 13:24:32'),
(2102, 16, 58.833524, -1.515555, '2024-12-24 13:24:32', '2024-12-24 13:24:32'),
(2103, 18, 50.331150, -3.904390, '2024-12-24 13:24:32', '2024-12-24 13:24:32'),
(2104, 15, 51.996230, -2.064480, '2024-12-24 13:24:32', '2024-12-24 13:24:32'),
(2105, 16, 58.833524, -1.515555, '2024-12-24 13:24:32', '2024-12-24 13:24:32'),
(2106, 18, 50.331150, -3.904390, '2024-12-24 13:24:32', '2024-12-24 13:24:32'),
(2107, 15, 56.179408, -4.141822, '2024-12-24 13:24:36', '2024-12-24 13:24:36'),
(2108, 16, 51.178723, -4.678313, '2024-12-24 13:24:36', '2024-12-24 13:24:36'),
(2109, 18, 54.679406, 1.716004, '2024-12-24 13:24:36', '2024-12-24 13:24:36'),
(2110, 15, 56.179408, -4.141822, '2024-12-24 13:24:36', '2024-12-24 13:24:36'),
(2111, 16, 51.178723, -4.678313, '2024-12-24 13:24:36', '2024-12-24 13:24:36'),
(2112, 18, 54.679406, 1.716004, '2024-12-24 13:24:36', '2024-12-24 13:24:36'),
(2113, 15, 58.673153, -2.239009, '2024-12-24 13:24:40', '2024-12-24 13:24:40'),
(2114, 16, 54.278566, -0.212335, '2024-12-24 13:24:40', '2024-12-24 13:24:40'),
(2115, 18, 55.866430, -7.832053, '2024-12-24 13:24:40', '2024-12-24 13:24:40'),
(2116, 15, 58.673153, -2.239009, '2024-12-24 13:24:40', '2024-12-24 13:24:40'),
(2117, 16, 54.278566, -0.212335, '2024-12-24 13:24:40', '2024-12-24 13:24:40'),
(2118, 18, 55.866430, -7.832053, '2024-12-24 13:24:40', '2024-12-24 13:24:40'),
(2119, 15, 50.958591, -6.832159, '2024-12-24 13:24:44', '2024-12-24 13:24:44'),
(2120, 16, 52.372805, -7.162473, '2024-12-24 13:24:44', '2024-12-24 13:24:44'),
(2121, 18, 55.489266, -5.879144, '2024-12-24 13:24:44', '2024-12-24 13:24:44'),
(2122, 15, 50.958591, -6.832159, '2024-12-24 13:24:44', '2024-12-24 13:24:44'),
(2123, 16, 52.372805, -7.162473, '2024-12-24 13:24:44', '2024-12-24 13:24:44'),
(2124, 18, 55.489266, -5.879144, '2024-12-24 13:24:44', '2024-12-24 13:24:44'),
(2125, 15, 53.423009, -3.473607, '2024-12-24 13:24:53', '2024-12-24 13:24:53'),
(2126, 16, 50.545916, -1.905572, '2024-12-24 13:24:53', '2024-12-24 13:24:53'),
(2127, 18, 59.655280, -4.169597, '2024-12-24 13:24:53', '2024-12-24 13:24:53'),
(2128, 15, 53.423009, -3.473607, '2024-12-24 13:24:53', '2024-12-24 13:24:53'),
(2129, 16, 50.545916, -1.905572, '2024-12-24 13:24:53', '2024-12-24 13:24:53'),
(2130, 18, 59.655280, -4.169597, '2024-12-24 13:24:53', '2024-12-24 13:24:53'),
(2131, 15, 53.135496, 0.415824, '2024-12-24 13:24:56', '2024-12-24 13:24:56'),
(2132, 16, 51.221543, -6.065895, '2024-12-24 13:24:56', '2024-12-24 13:24:56'),
(2133, 18, 52.325860, -2.153202, '2024-12-24 13:24:56', '2024-12-24 13:24:56'),
(2134, 15, 53.135496, 0.415824, '2024-12-24 13:24:56', '2024-12-24 13:24:56'),
(2135, 16, 51.221543, -6.065895, '2024-12-24 13:24:56', '2024-12-24 13:24:56'),
(2136, 18, 52.325860, -2.153202, '2024-12-24 13:24:56', '2024-12-24 13:24:56'),
(2137, 15, 56.746558, -7.872413, '2024-12-24 13:25:13', '2024-12-24 13:25:13'),
(2138, 16, 58.327530, -0.176861, '2024-12-24 13:25:13', '2024-12-24 13:25:13'),
(2139, 18, 51.007736, -3.045263, '2024-12-24 13:25:13', '2024-12-24 13:25:13'),
(2140, 15, 56.746558, -7.872413, '2024-12-24 13:25:13', '2024-12-24 13:25:13'),
(2141, 16, 58.327530, -0.176861, '2024-12-24 13:25:13', '2024-12-24 13:25:13'),
(2142, 18, 51.007736, -3.045263, '2024-12-24 13:25:13', '2024-12-24 13:25:13'),
(2143, 15, 54.101481, -2.728766, '2024-12-24 13:25:16', '2024-12-24 13:25:16'),
(2144, 16, 50.744593, -7.614041, '2024-12-24 13:25:16', '2024-12-24 13:25:16'),
(2145, 18, 57.824154, -3.148004, '2024-12-24 13:25:16', '2024-12-24 13:25:16'),
(2146, 15, 54.101481, -2.728766, '2024-12-24 13:25:16', '2024-12-24 13:25:16'),
(2147, 16, 50.744593, -7.614041, '2024-12-24 13:25:16', '2024-12-24 13:25:16'),
(2148, 18, 57.824154, -3.148004, '2024-12-24 13:25:16', '2024-12-24 13:25:16'),
(2149, 15, 58.834700, -0.686979, '2024-12-24 13:25:19', '2024-12-24 13:25:19'),
(2150, 16, 54.994461, -2.004495, '2024-12-24 13:25:19', '2024-12-24 13:25:19'),
(2151, 18, 50.053904, -6.179794, '2024-12-24 13:25:19', '2024-12-24 13:25:19'),
(2152, 15, 58.834700, -0.686979, '2024-12-24 13:25:19', '2024-12-24 13:25:19'),
(2153, 16, 54.994461, -2.004495, '2024-12-24 13:25:19', '2024-12-24 13:25:19'),
(2154, 18, 50.053904, -6.179794, '2024-12-24 13:25:19', '2024-12-24 13:25:19'),
(2155, 15, 50.979652, -7.705920, '2024-12-24 13:25:25', '2024-12-24 13:25:25'),
(2156, 16, 59.206039, -4.695965, '2024-12-24 13:25:25', '2024-12-24 13:25:25'),
(2157, 18, 50.714257, 1.551517, '2024-12-24 13:25:25', '2024-12-24 13:25:25'),
(2158, 15, 50.979652, -7.705920, '2024-12-24 13:25:25', '2024-12-24 13:25:25'),
(2159, 16, 59.206039, -4.695965, '2024-12-24 13:25:25', '2024-12-24 13:25:25'),
(2160, 18, 50.714257, 1.551517, '2024-12-24 13:25:25', '2024-12-24 13:25:25'),
(2161, 15, 55.817171, -4.216184, '2024-12-24 13:25:31', '2024-12-24 13:25:31'),
(2162, 16, 53.384305, -7.269033, '2024-12-24 13:25:31', '2024-12-24 13:25:31'),
(2163, 18, 54.442417, -2.501148, '2024-12-24 13:25:31', '2024-12-24 13:25:31'),
(2164, 15, 55.817171, -4.216184, '2024-12-24 13:25:31', '2024-12-24 13:25:31'),
(2165, 16, 53.384305, -7.269033, '2024-12-24 13:25:31', '2024-12-24 13:25:31'),
(2166, 18, 54.442417, -2.501148, '2024-12-24 13:25:31', '2024-12-24 13:25:31'),
(2167, 15, 51.323156, 0.229117, '2024-12-24 13:25:39', '2024-12-24 13:25:39'),
(2168, 16, 55.940904, -1.250906, '2024-12-24 13:25:39', '2024-12-24 13:25:39'),
(2169, 18, 55.322737, -0.934330, '2024-12-24 13:25:39', '2024-12-24 13:25:39'),
(2170, 15, 51.323156, 0.229117, '2024-12-24 13:25:39', '2024-12-24 13:25:39'),
(2171, 16, 55.940904, -1.250906, '2024-12-24 13:25:39', '2024-12-24 13:25:39'),
(2172, 18, 55.322737, -0.934330, '2024-12-24 13:25:39', '2024-12-24 13:25:39'),
(2173, 15, 55.919997, -2.880372, '2024-12-24 13:25:55', '2024-12-24 13:25:55'),
(2174, 16, 59.691071, -7.423101, '2024-12-24 13:25:55', '2024-12-24 13:25:55'),
(2175, 18, 57.742252, 1.504150, '2024-12-24 13:25:55', '2024-12-24 13:25:55'),
(2176, 15, 55.919997, -2.880372, '2024-12-24 13:25:55', '2024-12-24 13:25:55'),
(2177, 16, 59.691071, -7.423101, '2024-12-24 13:25:55', '2024-12-24 13:25:55'),
(2178, 18, 57.742252, 1.504150, '2024-12-24 13:25:55', '2024-12-24 13:25:55'),
(2179, 15, 56.658036, -5.895771, '2024-12-24 13:26:23', '2024-12-24 13:26:23'),
(2180, 16, 50.784312, -7.375687, '2024-12-24 13:26:23', '2024-12-24 13:26:23'),
(2181, 18, 56.892499, 0.277576, '2024-12-24 13:26:23', '2024-12-24 13:26:23'),
(2182, 15, 56.658036, -5.895771, '2024-12-24 13:26:23', '2024-12-24 13:26:23'),
(2183, 16, 50.784312, -7.375687, '2024-12-24 13:26:23', '2024-12-24 13:26:23'),
(2184, 18, 56.892499, 0.277576, '2024-12-24 13:26:23', '2024-12-24 13:26:23'),
(2185, 15, 52.714162, -3.848096, '2024-12-24 13:26:38', '2024-12-24 13:26:38'),
(2186, 16, 53.986912, -3.497383, '2024-12-24 13:26:38', '2024-12-24 13:26:38'),
(2187, 18, 57.192681, -2.840500, '2024-12-24 13:26:38', '2024-12-24 13:26:38'),
(2188, 15, 52.714162, -3.848096, '2024-12-24 13:26:38', '2024-12-24 13:26:38'),
(2189, 16, 53.986912, -3.497383, '2024-12-24 13:26:38', '2024-12-24 13:26:38'),
(2190, 18, 57.192681, -2.840500, '2024-12-24 13:26:38', '2024-12-24 13:26:38'),
(2191, 15, 55.408340, -6.075364, '2024-12-24 13:27:04', '2024-12-24 13:27:04'),
(2192, 16, 51.124243, -1.176811, '2024-12-24 13:27:04', '2024-12-24 13:27:04'),
(2193, 18, 53.944676, -0.165419, '2024-12-24 13:27:04', '2024-12-24 13:27:04'),
(2194, 15, 55.408340, -6.075364, '2024-12-24 13:27:04', '2024-12-24 13:27:04'),
(2195, 16, 51.124243, -1.176811, '2024-12-24 13:27:04', '2024-12-24 13:27:04'),
(2196, 18, 53.944676, -0.165419, '2024-12-24 13:27:04', '2024-12-24 13:27:04'),
(2197, 15, 56.661752, -0.528066, '2024-12-24 19:06:56', '2024-12-24 19:06:56'),
(2198, 16, 54.698821, -5.984364, '2024-12-24 19:06:56', '2024-12-24 19:06:56'),
(2199, 18, 57.023982, -2.985315, '2024-12-24 19:06:56', '2024-12-24 19:06:56'),
(2200, 15, 52.094206, 0.477930, '2024-12-24 19:06:59', '2024-12-24 19:06:59'),
(2201, 16, 55.208643, 0.382170, '2024-12-24 19:06:59', '2024-12-24 19:06:59'),
(2202, 18, 51.443482, -7.419297, '2024-12-24 19:06:59', '2024-12-24 19:06:59'),
(2203, 15, 59.178925, -6.980440, '2024-12-24 19:07:01', '2024-12-24 19:07:01'),
(2204, 16, 58.198618, -5.166064, '2024-12-24 19:07:01', '2024-12-24 19:07:01'),
(2205, 18, 51.731420, -1.502365, '2024-12-24 19:07:01', '2024-12-24 19:07:01'),
(2206, 15, 56.749825, 0.920735, '2024-12-24 19:07:05', '2024-12-24 19:07:05'),
(2207, 16, 53.185782, 0.688182, '2024-12-24 19:07:05', '2024-12-24 19:07:05'),
(2208, 18, 58.383994, -7.409894, '2024-12-24 19:07:05', '2024-12-24 19:07:05'),
(2209, 15, 56.933464, 1.982980, '2024-12-24 19:07:08', '2024-12-24 19:07:08'),
(2210, 16, 58.005818, -5.869542, '2024-12-24 19:07:08', '2024-12-24 19:07:08'),
(2211, 18, 54.231548, 1.800378, '2024-12-24 19:07:08', '2024-12-24 19:07:08'),
(2212, 15, 51.985293, -4.078833, '2024-12-24 19:07:11', '2024-12-24 19:07:11'),
(2213, 16, 51.954949, 1.235208, '2024-12-24 19:07:11', '2024-12-24 19:07:11'),
(2214, 18, 52.312132, -4.643060, '2024-12-24 19:07:11', '2024-12-24 19:07:11'),
(2215, 15, 50.270381, -2.482973, '2024-12-24 19:07:14', '2024-12-24 19:07:14'),
(2216, 16, 54.317181, -1.563617, '2024-12-24 19:07:14', '2024-12-24 19:07:14'),
(2217, 18, 59.801836, -0.553778, '2024-12-24 19:07:14', '2024-12-24 19:07:14'),
(2218, 15, 51.880147, -2.773187, '2024-12-24 19:07:18', '2024-12-24 19:07:18'),
(2219, 16, 50.959530, -2.967105, '2024-12-24 19:07:18', '2024-12-24 19:07:18'),
(2220, 18, 54.807036, -0.254121, '2024-12-24 19:07:18', '2024-12-24 19:07:18'),
(2221, 15, 54.597474, -0.477761, '2024-12-24 19:07:22', '2024-12-24 19:07:22'),
(2222, 16, 52.179677, -4.716671, '2024-12-24 19:07:22', '2024-12-24 19:07:22'),
(2223, 18, 52.796330, -1.556492, '2024-12-24 19:07:22', '2024-12-24 19:07:22'),
(2224, 15, 52.381664, 1.380131, '2024-12-24 19:07:29', '2024-12-24 19:07:29'),
(2225, 16, 58.261340, -6.353325, '2024-12-24 19:07:29', '2024-12-24 19:07:29'),
(2226, 18, 53.104784, -6.286022, '2024-12-24 19:07:29', '2024-12-24 19:07:29'),
(2227, 15, 59.341616, -2.552727, '2024-12-24 19:07:32', '2024-12-24 19:07:32'),
(2228, 16, 54.759710, -2.839378, '2024-12-24 19:07:32', '2024-12-24 19:07:32'),
(2229, 18, 52.459765, -0.362613, '2024-12-24 19:07:32', '2024-12-24 19:07:32'),
(2230, 15, 59.341616, -2.552727, '2024-12-24 19:07:32', '2024-12-24 19:07:32'),
(2231, 16, 54.759710, -2.839378, '2024-12-24 19:07:32', '2024-12-24 19:07:32'),
(2232, 18, 52.459765, -0.362613, '2024-12-24 19:07:32', '2024-12-24 19:07:32'),
(2233, 15, 53.989352, -0.772938, '2024-12-24 19:07:36', '2024-12-24 19:07:36'),
(2234, 16, 57.054025, -7.097979, '2024-12-24 19:07:36', '2024-12-24 19:07:36'),
(2235, 18, 53.420779, -6.127672, '2024-12-24 19:07:36', '2024-12-24 19:07:36'),
(2236, 15, 53.989352, -0.772938, '2024-12-24 19:07:36', '2024-12-24 19:07:36'),
(2237, 16, 57.054025, -7.097979, '2024-12-24 19:07:36', '2024-12-24 19:07:36'),
(2238, 18, 53.420779, -6.127672, '2024-12-24 19:07:36', '2024-12-24 19:07:36'),
(2239, 15, 53.614013, -3.632151, '2024-12-24 19:07:39', '2024-12-24 19:07:39'),
(2240, 16, 58.623204, -6.485324, '2024-12-24 19:07:39', '2024-12-24 19:07:39'),
(2241, 18, 50.349889, 1.957337, '2024-12-24 19:07:39', '2024-12-24 19:07:39'),
(2242, 15, 53.614013, -3.632151, '2024-12-24 19:07:39', '2024-12-24 19:07:39'),
(2243, 16, 58.623204, -6.485324, '2024-12-24 19:07:39', '2024-12-24 19:07:39'),
(2244, 18, 50.349889, 1.957337, '2024-12-24 19:07:39', '2024-12-24 19:07:39'),
(2245, 15, 51.869189, 0.381711, '2024-12-24 19:07:42', '2024-12-24 19:07:42'),
(2246, 16, 55.146904, -7.606609, '2024-12-24 19:07:42', '2024-12-24 19:07:42'),
(2247, 18, 51.219283, -7.940947, '2024-12-24 19:07:42', '2024-12-24 19:07:42'),
(2248, 15, 51.869189, 0.381711, '2024-12-24 19:07:42', '2024-12-24 19:07:42'),
(2249, 16, 55.146904, -7.606609, '2024-12-24 19:07:42', '2024-12-24 19:07:42'),
(2250, 18, 51.219283, -7.940947, '2024-12-24 19:07:42', '2024-12-24 19:07:42'),
(2251, 15, 53.925905, -4.944455, '2024-12-24 19:07:45', '2024-12-24 19:07:45'),
(2252, 16, 50.129143, -1.547900, '2024-12-24 19:07:45', '2024-12-24 19:07:45'),
(2253, 18, 55.518351, -4.365048, '2024-12-24 19:07:45', '2024-12-24 19:07:45'),
(2254, 15, 53.925905, -4.944455, '2024-12-24 19:07:45', '2024-12-24 19:07:45'),
(2255, 16, 50.129143, -1.547900, '2024-12-24 19:07:45', '2024-12-24 19:07:45'),
(2256, 18, 55.518351, -4.365048, '2024-12-24 19:07:45', '2024-12-24 19:07:45'),
(2257, 15, 57.570047, -5.743544, '2024-12-24 19:07:48', '2024-12-24 19:07:48'),
(2258, 16, 53.125811, -6.277641, '2024-12-24 19:07:48', '2024-12-24 19:07:48'),
(2259, 18, 58.197595, -1.841099, '2024-12-24 19:07:48', '2024-12-24 19:07:48'),
(2260, 15, 57.570047, -5.743544, '2024-12-24 19:07:48', '2024-12-24 19:07:48'),
(2261, 16, 53.125811, -6.277641, '2024-12-24 19:07:48', '2024-12-24 19:07:48'),
(2262, 18, 58.197595, -1.841099, '2024-12-24 19:07:48', '2024-12-24 19:07:48'),
(2263, 15, 57.589495, -3.129376, '2024-12-24 19:07:51', '2024-12-24 19:07:51'),
(2264, 16, 53.861718, -0.189830, '2024-12-24 19:07:51', '2024-12-24 19:07:51'),
(2265, 18, 59.416428, -0.739253, '2024-12-24 19:07:51', '2024-12-24 19:07:51'),
(2266, 15, 57.589495, -3.129376, '2024-12-24 19:07:51', '2024-12-24 19:07:51'),
(2267, 16, 53.861718, -0.189830, '2024-12-24 19:07:51', '2024-12-24 19:07:51'),
(2268, 18, 59.416428, -0.739253, '2024-12-24 19:07:51', '2024-12-24 19:07:51'),
(2269, 15, 52.110634, -1.805365, '2024-12-24 19:07:54', '2024-12-24 19:07:54'),
(2270, 16, 51.302681, -0.171260, '2024-12-24 19:07:54', '2024-12-24 19:07:54'),
(2271, 18, 50.455280, -5.109205, '2024-12-24 19:07:54', '2024-12-24 19:07:54'),
(2272, 15, 52.110634, -1.805365, '2024-12-24 19:07:54', '2024-12-24 19:07:54'),
(2273, 16, 51.302681, -0.171260, '2024-12-24 19:07:54', '2024-12-24 19:07:54'),
(2274, 18, 50.455280, -5.109205, '2024-12-24 19:07:54', '2024-12-24 19:07:54'),
(2275, 15, 50.520330, -2.977170, '2024-12-24 19:07:58', '2024-12-24 19:07:58'),
(2276, 16, 55.309807, -7.957431, '2024-12-24 19:07:58', '2024-12-24 19:07:58'),
(2277, 18, 59.988500, -5.221432, '2024-12-24 19:07:58', '2024-12-24 19:07:58'),
(2278, 15, 50.520330, -2.977170, '2024-12-24 19:07:58', '2024-12-24 19:07:58'),
(2279, 16, 55.309807, -7.957431, '2024-12-24 19:07:58', '2024-12-24 19:07:58'),
(2280, 18, 59.988500, -5.221432, '2024-12-24 19:07:58', '2024-12-24 19:07:58'),
(2281, 15, 52.484118, 0.000514, '2024-12-24 19:08:06', '2024-12-24 19:08:06'),
(2282, 16, 56.385215, -0.586047, '2024-12-24 19:08:06', '2024-12-24 19:08:06'),
(2283, 18, 57.799602, -1.776342, '2024-12-24 19:08:06', '2024-12-24 19:08:06'),
(2284, 15, 52.484118, 0.000514, '2024-12-24 19:08:06', '2024-12-24 19:08:06'),
(2285, 16, 56.385215, -0.586047, '2024-12-24 19:08:06', '2024-12-24 19:08:06'),
(2286, 18, 57.799602, -1.776342, '2024-12-24 19:08:06', '2024-12-24 19:08:06'),
(2287, 15, 58.886696, 0.824026, '2024-12-24 19:08:13', '2024-12-24 19:08:13'),
(2288, 16, 56.944987, -7.340347, '2024-12-24 19:08:13', '2024-12-24 19:08:13'),
(2289, 18, 51.077559, -1.201943, '2024-12-24 19:08:13', '2024-12-24 19:08:13'),
(2290, 15, 58.886696, 0.824026, '2024-12-24 19:08:13', '2024-12-24 19:08:13'),
(2291, 16, 56.944987, -7.340347, '2024-12-24 19:08:13', '2024-12-24 19:08:13'),
(2292, 18, 51.077559, -1.201943, '2024-12-24 19:08:13', '2024-12-24 19:08:13'),
(2293, 15, 51.529993, -6.669685, '2024-12-24 19:08:25', '2024-12-24 19:08:25'),
(2294, 16, 50.639219, -7.981543, '2024-12-24 19:08:25', '2024-12-24 19:08:25'),
(2295, 18, 59.857318, -2.605064, '2024-12-24 19:08:25', '2024-12-24 19:08:25'),
(2296, 15, 51.529993, -6.669685, '2024-12-24 19:08:25', '2024-12-24 19:08:25'),
(2297, 16, 50.639219, -7.981543, '2024-12-24 19:08:25', '2024-12-24 19:08:25'),
(2298, 18, 59.857318, -2.605064, '2024-12-24 19:08:25', '2024-12-24 19:08:25'),
(2299, 15, 54.814901, 0.128257, '2024-12-24 19:08:42', '2024-12-24 19:08:42'),
(2300, 16, 58.394726, -3.592391, '2024-12-24 19:08:42', '2024-12-24 19:08:42'),
(2301, 18, 50.064868, -7.854843, '2024-12-24 19:08:42', '2024-12-24 19:08:42'),
(2302, 15, 54.814901, 0.128257, '2024-12-24 19:08:42', '2024-12-24 19:08:42'),
(2303, 16, 58.394726, -3.592391, '2024-12-24 19:08:42', '2024-12-24 19:08:42'),
(2304, 18, 50.064868, -7.854843, '2024-12-24 19:08:42', '2024-12-24 19:08:42'),
(2305, 15, 58.167979, -3.481323, '2024-12-24 19:08:54', '2024-12-24 19:08:54'),
(2306, 16, 58.438704, -0.281725, '2024-12-24 19:08:54', '2024-12-24 19:08:54'),
(2307, 18, 58.316870, 0.279811, '2024-12-24 19:08:54', '2024-12-24 19:08:54'),
(2308, 15, 58.167979, -3.481323, '2024-12-24 19:08:54', '2024-12-24 19:08:54'),
(2309, 16, 58.438704, -0.281725, '2024-12-24 19:08:54', '2024-12-24 19:08:54'),
(2310, 18, 58.316870, 0.279811, '2024-12-24 19:08:54', '2024-12-24 19:08:54'),
(2311, 15, 54.738574, 0.913211, '2024-12-24 19:09:27', '2024-12-24 19:09:27'),
(2312, 16, 58.848852, -4.859931, '2024-12-24 19:09:27', '2024-12-24 19:09:27'),
(2313, 18, 52.401227, -5.602124, '2024-12-24 19:09:27', '2024-12-24 19:09:27'),
(2314, 15, 54.738574, 0.913211, '2024-12-24 19:09:27', '2024-12-24 19:09:27'),
(2315, 16, 58.848852, -4.859931, '2024-12-24 19:09:27', '2024-12-24 19:09:27'),
(2316, 18, 52.401227, -5.602124, '2024-12-24 19:09:27', '2024-12-24 19:09:27'),
(2317, 15, 52.785671, -5.745340, '2024-12-24 19:09:46', '2024-12-24 19:09:46'),
(2318, 16, 59.582257, -5.017154, '2024-12-24 19:09:46', '2024-12-24 19:09:46'),
(2319, 18, 52.503772, -6.999675, '2024-12-24 19:09:46', '2024-12-24 19:09:46'),
(2320, 15, 52.785671, -5.745340, '2024-12-24 19:09:46', '2024-12-24 19:09:46'),
(2321, 16, 59.582257, -5.017154, '2024-12-24 19:09:46', '2024-12-24 19:09:46'),
(2322, 18, 52.503772, -6.999675, '2024-12-24 19:09:46', '2024-12-24 19:09:46'),
(2323, 15, 54.665224, -7.511858, '2024-12-24 19:10:53', '2024-12-24 19:10:53'),
(2324, 16, 50.783036, -1.478143, '2024-12-24 19:10:53', '2024-12-24 19:10:53'),
(2325, 18, 56.550104, 0.716431, '2024-12-24 19:10:53', '2024-12-24 19:10:53'),
(2326, 15, 54.665224, -7.511858, '2024-12-24 19:10:53', '2024-12-24 19:10:53'),
(2327, 16, 50.783036, -1.478143, '2024-12-24 19:10:53', '2024-12-24 19:10:53'),
(2328, 18, 56.550104, 0.716431, '2024-12-24 19:10:53', '2024-12-24 19:10:53'),
(2329, 15, 53.803840, -2.832960, '2024-12-24 19:12:40', '2024-12-24 19:12:40'),
(2330, 16, 52.051135, -6.146814, '2024-12-24 19:12:40', '2024-12-24 19:12:40'),
(2331, 18, 59.643230, -2.833286, '2024-12-24 19:12:40', '2024-12-24 19:12:40'),
(2332, 15, 53.803840, -2.832960, '2024-12-24 19:12:40', '2024-12-24 19:12:40'),
(2333, 16, 52.051135, -6.146814, '2024-12-24 19:12:40', '2024-12-24 19:12:40'),
(2334, 18, 59.643230, -2.833286, '2024-12-24 19:12:40', '2024-12-24 19:12:40'),
(2335, 15, 56.934963, -2.205851, '2024-12-24 19:16:19', '2024-12-24 19:16:19'),
(2336, 16, 59.274915, -5.880649, '2024-12-24 19:16:19', '2024-12-24 19:16:19'),
(2337, 18, 59.390803, -6.849687, '2024-12-24 19:16:19', '2024-12-24 19:16:19'),
(2338, 15, 56.934963, -2.205851, '2024-12-24 19:16:19', '2024-12-24 19:16:19'),
(2339, 16, 59.274915, -5.880649, '2024-12-24 19:16:19', '2024-12-24 19:16:19'),
(2340, 18, 59.390803, -6.849687, '2024-12-24 19:16:19', '2024-12-24 19:16:19'),
(2341, 15, 51.177170, -2.846975, '2024-12-24 19:20:48', '2024-12-24 19:20:48'),
(2342, 16, 55.801623, -2.532066, '2024-12-24 19:20:48', '2024-12-24 19:20:48'),
(2343, 18, 52.255681, -3.552644, '2024-12-24 19:20:48', '2024-12-24 19:20:48'),
(2344, 15, 51.177170, -2.846975, '2024-12-24 19:20:48', '2024-12-24 19:20:48'),
(2345, 16, 55.801623, -2.532066, '2024-12-24 19:20:48', '2024-12-24 19:20:48'),
(2346, 18, 52.255681, -3.552644, '2024-12-24 19:20:48', '2024-12-24 19:20:48'),
(2347, 15, 52.795729, -6.617203, '2024-12-24 19:29:30', '2024-12-24 19:29:30'),
(2348, 16, 53.124174, -1.539393, '2024-12-24 19:29:30', '2024-12-24 19:29:30'),
(2349, 18, 50.524226, -0.866601, '2024-12-24 19:29:30', '2024-12-24 19:29:30'),
(2350, 15, 52.795729, -6.617203, '2024-12-24 19:29:30', '2024-12-24 19:29:30'),
(2351, 16, 53.124174, -1.539393, '2024-12-24 19:29:30', '2024-12-24 19:29:30'),
(2352, 18, 50.524226, -0.866601, '2024-12-24 19:29:30', '2024-12-24 19:29:30'),
(2353, 15, 51.726905, -0.625575, '2024-12-24 19:29:32', '2024-12-24 19:29:32'),
(2354, 16, 59.646500, 0.439340, '2024-12-24 19:29:32', '2024-12-24 19:29:32'),
(2355, 18, 55.481366, -5.488706, '2024-12-24 19:29:32', '2024-12-24 19:29:32'),
(2356, 15, 51.726905, -0.625575, '2024-12-24 19:29:32', '2024-12-24 19:29:32'),
(2357, 16, 59.646500, 0.439340, '2024-12-24 19:29:32', '2024-12-24 19:29:32'),
(2358, 18, 55.481366, -5.488706, '2024-12-24 19:29:33', '2024-12-24 19:29:33'),
(2359, 15, 52.886070, -4.952372, '2024-12-24 19:29:35', '2024-12-24 19:29:35'),
(2360, 16, 58.854544, 0.852040, '2024-12-24 19:29:35', '2024-12-24 19:29:35'),
(2361, 18, 55.988957, -0.620502, '2024-12-24 19:29:35', '2024-12-24 19:29:35'),
(2362, 15, 52.886070, -4.952372, '2024-12-24 19:29:35', '2024-12-24 19:29:35'),
(2363, 16, 58.854544, 0.852040, '2024-12-24 19:29:35', '2024-12-24 19:29:35'),
(2364, 18, 55.988957, -0.620502, '2024-12-24 19:29:36', '2024-12-24 19:29:36'),
(2365, 15, 51.975230, -0.596668, '2024-12-24 19:29:39', '2024-12-24 19:29:39'),
(2366, 16, 52.318974, -2.717233, '2024-12-24 19:29:39', '2024-12-24 19:29:39'),
(2367, 18, 54.615859, -5.833341, '2024-12-24 19:29:39', '2024-12-24 19:29:39'),
(2368, 15, 51.975230, -0.596668, '2024-12-24 19:29:39', '2024-12-24 19:29:39'),
(2369, 16, 52.318974, -2.717233, '2024-12-24 19:29:39', '2024-12-24 19:29:39'),
(2370, 18, 54.615859, -5.833341, '2024-12-24 19:29:39', '2024-12-24 19:29:39'),
(2371, 15, 59.660255, -6.372244, '2024-12-24 19:29:45', '2024-12-24 19:29:45'),
(2372, 16, 59.934503, 1.345354, '2024-12-24 19:29:45', '2024-12-24 19:29:45'),
(2373, 18, 59.203399, 0.513792, '2024-12-24 19:29:45', '2024-12-24 19:29:45'),
(2374, 15, 59.660255, -6.372244, '2024-12-24 19:29:45', '2024-12-24 19:29:45'),
(2375, 16, 59.934503, 1.345354, '2024-12-24 19:29:45', '2024-12-24 19:29:45'),
(2376, 18, 59.203399, 0.513792, '2024-12-24 19:29:45', '2024-12-24 19:29:45'),
(2377, 15, 53.260052, -4.856532, '2024-12-24 19:29:49', '2024-12-24 19:29:49'),
(2378, 16, 56.245434, 0.917343, '2024-12-24 19:29:49', '2024-12-24 19:29:49'),
(2379, 18, 56.290273, -7.891756, '2024-12-24 19:29:49', '2024-12-24 19:29:49'),
(2380, 15, 53.260052, -4.856532, '2024-12-24 19:29:49', '2024-12-24 19:29:49'),
(2381, 16, 56.245434, 0.917343, '2024-12-24 19:29:49', '2024-12-24 19:29:49'),
(2382, 18, 56.290273, -7.891756, '2024-12-24 19:29:49', '2024-12-24 19:29:49'),
(2383, 15, 56.966733, 0.531969, '2024-12-24 19:29:52', '2024-12-24 19:29:52'),
(2384, 16, 54.769300, -7.656637, '2024-12-24 19:29:52', '2024-12-24 19:29:52'),
(2385, 18, 50.975011, -1.671944, '2024-12-24 19:29:52', '2024-12-24 19:29:52'),
(2386, 15, 56.966733, 0.531969, '2024-12-24 19:29:52', '2024-12-24 19:29:52'),
(2387, 16, 54.769300, -7.656637, '2024-12-24 19:29:52', '2024-12-24 19:29:52'),
(2388, 18, 50.975011, -1.671944, '2024-12-24 19:29:52', '2024-12-24 19:29:52'),
(2389, 15, 54.352716, -5.399748, '2024-12-24 19:29:55', '2024-12-24 19:29:55'),
(2390, 16, 57.412828, 0.701141, '2024-12-24 19:29:55', '2024-12-24 19:29:55'),
(2391, 18, 54.064349, -0.870635, '2024-12-24 19:29:55', '2024-12-24 19:29:55'),
(2392, 15, 54.352716, -5.399748, '2024-12-24 19:29:55', '2024-12-24 19:29:55'),
(2393, 16, 57.412828, 0.701141, '2024-12-24 19:29:55', '2024-12-24 19:29:55'),
(2394, 18, 54.064349, -0.870635, '2024-12-24 19:29:55', '2024-12-24 19:29:55'),
(2395, 15, 57.924128, -4.403067, '2024-12-24 19:29:58', '2024-12-24 19:29:58'),
(2396, 16, 59.560711, -0.794911, '2024-12-24 19:29:58', '2024-12-24 19:29:58'),
(2397, 18, 53.204326, -5.644607, '2024-12-24 19:29:58', '2024-12-24 19:29:58'),
(2398, 15, 57.924128, -4.403067, '2024-12-24 19:29:58', '2024-12-24 19:29:58'),
(2399, 16, 59.560711, -0.794911, '2024-12-24 19:29:58', '2024-12-24 19:29:58'),
(2400, 18, 53.204326, -5.644607, '2024-12-24 19:29:58', '2024-12-24 19:29:58'),
(2401, 15, 50.368801, -1.791506, '2024-12-24 19:30:01', '2024-12-24 19:30:01'),
(2402, 16, 57.202148, -3.728571, '2024-12-24 19:30:01', '2024-12-24 19:30:01'),
(2403, 18, 59.033033, -7.070981, '2024-12-24 19:30:01', '2024-12-24 19:30:01'),
(2404, 15, 50.368801, -1.791506, '2024-12-24 19:30:01', '2024-12-24 19:30:01'),
(2405, 16, 57.202148, -3.728571, '2024-12-24 19:30:01', '2024-12-24 19:30:01'),
(2406, 18, 59.033033, -7.070981, '2024-12-24 19:30:01', '2024-12-24 19:30:01'),
(2407, 15, 57.136674, -4.715762, '2024-12-24 19:30:05', '2024-12-24 19:30:05'),
(2408, 16, 53.544178, 1.758081, '2024-12-24 19:30:05', '2024-12-24 19:30:05'),
(2409, 18, 54.014964, -1.639836, '2024-12-24 19:30:05', '2024-12-24 19:30:05'),
(2410, 15, 57.136674, -4.715762, '2024-12-24 19:30:05', '2024-12-24 19:30:05'),
(2411, 16, 53.544178, 1.758081, '2024-12-24 19:30:05', '2024-12-24 19:30:05'),
(2412, 18, 54.014964, -1.639836, '2024-12-24 19:30:05', '2024-12-24 19:30:05'),
(2413, 15, 57.724141, -3.279688, '2024-12-24 19:30:08', '2024-12-24 19:30:08'),
(2414, 16, 50.241485, -1.248194, '2024-12-24 19:30:08', '2024-12-24 19:30:08'),
(2415, 18, 51.151598, -6.014450, '2024-12-24 19:30:08', '2024-12-24 19:30:08'),
(2416, 15, 57.724141, -3.279688, '2024-12-24 19:30:08', '2024-12-24 19:30:08'),
(2417, 16, 50.241485, -1.248194, '2024-12-24 19:30:08', '2024-12-24 19:30:08'),
(2418, 18, 51.151598, -6.014450, '2024-12-24 19:30:08', '2024-12-24 19:30:08'),
(2419, 15, 55.993184, 0.148747, '2024-12-24 19:30:11', '2024-12-24 19:30:11'),
(2420, 16, 58.047658, -4.502464, '2024-12-24 19:30:11', '2024-12-24 19:30:11'),
(2421, 18, 54.112708, 0.088307, '2024-12-24 19:30:11', '2024-12-24 19:30:11'),
(2422, 15, 55.993184, 0.148747, '2024-12-24 19:30:11', '2024-12-24 19:30:11'),
(2423, 16, 58.047658, -4.502464, '2024-12-24 19:30:11', '2024-12-24 19:30:11'),
(2424, 18, 54.112708, 0.088307, '2024-12-24 19:30:11', '2024-12-24 19:30:11'),
(2425, 15, 52.488822, -3.165821, '2024-12-24 19:30:16', '2024-12-24 19:30:16'),
(2426, 16, 57.825266, -6.124787, '2024-12-24 19:30:16', '2024-12-24 19:30:16'),
(2427, 18, 58.798442, -6.160842, '2024-12-24 19:30:16', '2024-12-24 19:30:16'),
(2428, 15, 52.488822, -3.165821, '2024-12-24 19:30:16', '2024-12-24 19:30:16'),
(2429, 16, 57.825266, -6.124787, '2024-12-24 19:30:16', '2024-12-24 19:30:16'),
(2430, 18, 58.798442, -6.160842, '2024-12-24 19:30:16', '2024-12-24 19:30:16'),
(2431, 15, 59.598797, -3.328694, '2024-12-24 19:30:21', '2024-12-24 19:30:21'),
(2432, 16, 58.665685, -2.801731, '2024-12-24 19:30:21', '2024-12-24 19:30:21'),
(2433, 18, 59.223361, 0.337771, '2024-12-24 19:30:21', '2024-12-24 19:30:21'),
(2434, 15, 59.598797, -3.328694, '2024-12-24 19:30:21', '2024-12-24 19:30:21'),
(2435, 16, 58.665685, -2.801731, '2024-12-24 19:30:21', '2024-12-24 19:30:21'),
(2436, 18, 59.223361, 0.337771, '2024-12-24 19:30:21', '2024-12-24 19:30:21'),
(2437, 15, 58.709580, -4.868380, '2024-12-24 19:30:25', '2024-12-24 19:30:25'),
(2438, 16, 51.196970, -4.721428, '2024-12-24 19:30:25', '2024-12-24 19:30:25'),
(2439, 18, 55.121806, -4.442167, '2024-12-24 19:30:25', '2024-12-24 19:30:25'),
(2440, 15, 58.709580, -4.868380, '2024-12-24 19:30:25', '2024-12-24 19:30:25'),
(2441, 16, 51.196970, -4.721428, '2024-12-24 19:30:25', '2024-12-24 19:30:25'),
(2442, 18, 55.121806, -4.442167, '2024-12-24 19:30:25', '2024-12-24 19:30:25'),
(2443, 15, 56.603630, -3.787537, '2024-12-25 19:16:40', '2024-12-25 19:16:40'),
(2444, 16, 50.172942, -2.943638, '2024-12-25 19:16:40', '2024-12-25 19:16:40'),
(2445, 18, 53.976958, -2.916365, '2024-12-25 19:16:40', '2024-12-25 19:16:40'),
(2446, 15, 56.603630, -3.787537, '2024-12-25 19:16:40', '2024-12-25 19:16:40'),
(2447, 16, 50.172942, -2.943638, '2024-12-25 19:16:40', '2024-12-25 19:16:40'),
(2448, 18, 53.976958, -2.916365, '2024-12-25 19:16:40', '2024-12-25 19:16:40'),
(2449, 15, 50.300913, -7.072611, '2024-12-25 19:16:43', '2024-12-25 19:16:43'),
(2450, 16, 54.542861, -5.678848, '2024-12-25 19:16:43', '2024-12-25 19:16:43'),
(2451, 18, 51.871490, -3.824569, '2024-12-25 19:16:43', '2024-12-25 19:16:43'),
(2452, 15, 50.300913, -7.072611, '2024-12-25 19:16:43', '2024-12-25 19:16:43'),
(2453, 16, 54.542861, -5.678848, '2024-12-25 19:16:43', '2024-12-25 19:16:43'),
(2454, 18, 51.871490, -3.824569, '2024-12-25 19:16:43', '2024-12-25 19:16:43'),
(2455, 15, 56.949724, 0.823179, '2024-12-25 19:16:46', '2024-12-25 19:16:46'),
(2456, 16, 59.679693, -1.358114, '2024-12-25 19:16:46', '2024-12-25 19:16:46'),
(2457, 18, 59.258376, -6.240183, '2024-12-25 19:16:46', '2024-12-25 19:16:46'),
(2458, 15, 56.949724, 0.823179, '2024-12-25 19:16:46', '2024-12-25 19:16:46'),
(2459, 16, 59.679693, -1.358114, '2024-12-25 19:16:46', '2024-12-25 19:16:46'),
(2460, 18, 59.258376, -6.240183, '2024-12-25 19:16:46', '2024-12-25 19:16:46'),
(2461, 15, 58.168696, 0.171707, '2024-12-25 19:16:49', '2024-12-25 19:16:49'),
(2462, 16, 54.940346, -4.107383, '2024-12-25 19:16:49', '2024-12-25 19:16:49'),
(2463, 18, 54.571642, 0.754361, '2024-12-25 19:16:49', '2024-12-25 19:16:49'),
(2464, 15, 58.168696, 0.171707, '2024-12-25 19:16:49', '2024-12-25 19:16:49'),
(2465, 16, 54.940346, -4.107383, '2024-12-25 19:16:49', '2024-12-25 19:16:49'),
(2466, 18, 54.571642, 0.754361, '2024-12-25 19:16:49', '2024-12-25 19:16:49'),
(2467, 15, 56.328613, -5.861926, '2024-12-25 19:16:52', '2024-12-25 19:16:52'),
(2468, 16, 54.766423, -0.517785, '2024-12-25 19:16:52', '2024-12-25 19:16:52'),
(2469, 18, 53.433113, -1.017170, '2024-12-25 19:16:52', '2024-12-25 19:16:52'),
(2470, 15, 56.328613, -5.861926, '2024-12-25 19:16:52', '2024-12-25 19:16:52'),
(2471, 16, 54.766423, -0.517785, '2024-12-25 19:16:52', '2024-12-25 19:16:52'),
(2472, 18, 53.433113, -1.017170, '2024-12-25 19:16:52', '2024-12-25 19:16:52'),
(2473, 15, 57.250182, -4.485349, '2024-12-25 19:16:55', '2024-12-25 19:16:55'),
(2474, 16, 54.767300, -4.951612, '2024-12-25 19:16:55', '2024-12-25 19:16:55'),
(2475, 18, 57.581155, -7.808649, '2024-12-25 19:16:55', '2024-12-25 19:16:55'),
(2476, 15, 57.250182, -4.485349, '2024-12-25 19:16:55', '2024-12-25 19:16:55'),
(2477, 16, 54.767300, -4.951612, '2024-12-25 19:16:55', '2024-12-25 19:16:55'),
(2478, 18, 57.581155, -7.808649, '2024-12-25 19:16:55', '2024-12-25 19:16:55'),
(2479, 15, 59.856197, -0.367949, '2024-12-25 19:16:58', '2024-12-25 19:16:58'),
(2480, 16, 55.329303, 0.938175, '2024-12-25 19:16:58', '2024-12-25 19:16:58'),
(2481, 18, 59.834761, -4.720807, '2024-12-25 19:16:58', '2024-12-25 19:16:58'),
(2482, 15, 59.856197, -0.367949, '2024-12-25 19:16:58', '2024-12-25 19:16:58'),
(2483, 16, 55.329303, 0.938175, '2024-12-25 19:16:58', '2024-12-25 19:16:58'),
(2484, 18, 59.834761, -4.720807, '2024-12-25 19:16:58', '2024-12-25 19:16:58'),
(2485, 15, 59.780911, -3.061665, '2024-12-25 19:17:01', '2024-12-25 19:17:01'),
(2486, 16, 54.469962, -6.122952, '2024-12-25 19:17:01', '2024-12-25 19:17:01'),
(2487, 18, 51.930602, 0.413380, '2024-12-25 19:17:01', '2024-12-25 19:17:01'),
(2488, 15, 59.780911, -3.061665, '2024-12-25 19:17:01', '2024-12-25 19:17:01'),
(2489, 16, 54.469962, -6.122952, '2024-12-25 19:17:01', '2024-12-25 19:17:01'),
(2490, 18, 51.930602, 0.413380, '2024-12-25 19:17:01', '2024-12-25 19:17:01'),
(2491, 15, 54.162895, -4.187682, '2024-12-25 19:17:04', '2024-12-25 19:17:04'),
(2492, 16, 53.966001, -2.264513, '2024-12-25 19:17:04', '2024-12-25 19:17:04'),
(2493, 18, 50.354206, 1.634578, '2024-12-25 19:17:04', '2024-12-25 19:17:04'),
(2494, 15, 54.162895, -4.187682, '2024-12-25 19:17:04', '2024-12-25 19:17:04'),
(2495, 16, 53.966001, -2.264513, '2024-12-25 19:17:04', '2024-12-25 19:17:04'),
(2496, 18, 50.354206, 1.634578, '2024-12-25 19:17:04', '2024-12-25 19:17:04'),
(2497, 15, 52.078237, -4.197139, '2024-12-25 19:17:07', '2024-12-25 19:17:07'),
(2498, 16, 51.786316, -3.884759, '2024-12-25 19:17:07', '2024-12-25 19:17:07'),
(2499, 18, 56.744986, -1.744958, '2024-12-25 19:17:07', '2024-12-25 19:17:07'),
(2500, 15, 52.078237, -4.197139, '2024-12-25 19:17:07', '2024-12-25 19:17:07'),
(2501, 16, 51.786316, -3.884759, '2024-12-25 19:17:07', '2024-12-25 19:17:07'),
(2502, 18, 56.744986, -1.744958, '2024-12-25 19:17:07', '2024-12-25 19:17:07'),
(2503, 15, 50.683226, 1.305199, '2024-12-25 19:17:10', '2024-12-25 19:17:10'),
(2504, 16, 54.396722, 0.018733, '2024-12-25 19:17:10', '2024-12-25 19:17:10'),
(2505, 18, 56.096117, 1.178384, '2024-12-25 19:17:10', '2024-12-25 19:17:10'),
(2506, 15, 50.683226, 1.305199, '2024-12-25 19:17:10', '2024-12-25 19:17:10'),
(2507, 16, 54.396722, 0.018733, '2024-12-25 19:17:10', '2024-12-25 19:17:10'),
(2508, 18, 56.096117, 1.178384, '2024-12-25 19:17:10', '2024-12-25 19:17:10'),
(2509, 15, 50.396314, -2.579313, '2024-12-25 19:17:13', '2024-12-25 19:17:13'),
(2510, 16, 50.529575, 1.065400, '2024-12-25 19:17:13', '2024-12-25 19:17:13'),
(2511, 18, 54.462764, -3.345286, '2024-12-25 19:17:13', '2024-12-25 19:17:13'),
(2512, 15, 50.396314, -2.579313, '2024-12-25 19:17:13', '2024-12-25 19:17:13'),
(2513, 16, 50.529575, 1.065400, '2024-12-25 19:17:13', '2024-12-25 19:17:13'),
(2514, 18, 54.462764, -3.345286, '2024-12-25 19:17:13', '2024-12-25 19:17:13'),
(2515, 15, 56.120452, -4.063298, '2024-12-25 19:17:16', '2024-12-25 19:17:16'),
(2516, 16, 53.570761, -6.241763, '2024-12-25 19:17:16', '2024-12-25 19:17:16'),
(2517, 18, 58.131576, -2.510295, '2024-12-25 19:17:16', '2024-12-25 19:17:16'),
(2518, 15, 56.120452, -4.063298, '2024-12-25 19:17:16', '2024-12-25 19:17:16'),
(2519, 16, 53.570761, -6.241763, '2024-12-25 19:17:16', '2024-12-25 19:17:16'),
(2520, 18, 58.131576, -2.510295, '2024-12-25 19:17:16', '2024-12-25 19:17:16'),
(2521, 15, 54.571925, 0.608142, '2024-12-25 19:17:19', '2024-12-25 19:17:19'),
(2522, 16, 50.008301, -1.617061, '2024-12-25 19:17:19', '2024-12-25 19:17:19'),
(2523, 18, 59.265753, -3.496467, '2024-12-25 19:17:19', '2024-12-25 19:17:19'),
(2524, 15, 54.571925, 0.608142, '2024-12-25 19:17:19', '2024-12-25 19:17:19'),
(2525, 16, 50.008301, -1.617061, '2024-12-25 19:17:19', '2024-12-25 19:17:19'),
(2526, 18, 59.265753, -3.496467, '2024-12-25 19:17:19', '2024-12-25 19:17:19'),
(2527, 15, 52.567795, -0.458364, '2024-12-25 19:17:22', '2024-12-25 19:17:22'),
(2528, 16, 50.061708, 0.820331, '2024-12-25 19:17:22', '2024-12-25 19:17:22'),
(2529, 18, 50.182419, -6.336793, '2024-12-25 19:17:22', '2024-12-25 19:17:22'),
(2530, 15, 52.567795, -0.458364, '2024-12-25 19:17:22', '2024-12-25 19:17:22'),
(2531, 16, 50.061708, 0.820331, '2024-12-25 19:17:22', '2024-12-25 19:17:22'),
(2532, 18, 50.182419, -6.336793, '2024-12-25 19:17:22', '2024-12-25 19:17:22'),
(2533, 15, 54.178230, -6.031210, '2024-12-25 19:17:25', '2024-12-25 19:17:25'),
(2534, 16, 57.267914, -0.951147, '2024-12-25 19:17:25', '2024-12-25 19:17:25'),
(2535, 18, 50.775289, -6.141820, '2024-12-25 19:17:25', '2024-12-25 19:17:25'),
(2536, 15, 54.178230, -6.031210, '2024-12-25 19:17:25', '2024-12-25 19:17:25'),
(2537, 16, 57.267914, -0.951147, '2024-12-25 19:17:25', '2024-12-25 19:17:25'),
(2538, 18, 50.775289, -6.141820, '2024-12-25 19:17:25', '2024-12-25 19:17:25');

-- --------------------------------------------------------

--
-- Table structure for table `TokenBlacklist`
--

CREATE TABLE `TokenBlacklist` (
  `id` int(11) NOT NULL,
  `token` text NOT NULL,
  `user_id` int(11) NOT NULL,
  `expires_at` datetime NOT NULL,
  `created_at` timestamp NULL DEFAULT current_timestamp()
) ENGINE=InnoDB DEFAULT CHARSET=utf8mb4 COLLATE=utf8mb4_unicode_ci;

-- --------------------------------------------------------

--
-- Table structure for table `Users`
--

CREATE TABLE `Users` (
  `id` int(11) NOT NULL,
  `name` varchar(255) NOT NULL,
  `username` varchar(50) NOT NULL,
  `email` varchar(255) NOT NULL,
  `phone` varchar(20) DEFAULT NULL,
  `password` varchar(255) NOT NULL,
  `user_type` enum('Super Admin','Admin','Rider') NOT NULL,
  `company_id` int(11) DEFAULT NULL,
  `is_active` tinyint(1) DEFAULT 1,
  `created_at` timestamp NOT NULL DEFAULT current_timestamp(),
  `updated_at` timestamp NOT NULL DEFAULT current_timestamp() ON UPDATE current_timestamp(),
  `admin_pin` varchar(255) DEFAULT NULL,
  `fcm_token` varchar(255) DEFAULT NULL,
  `fcm_token_updated_at` timestamp NULL DEFAULT NULL
) ENGINE=InnoDB DEFAULT CHARSET=utf8mb4 COLLATE=utf8mb4_general_ci;

--
-- Dumping data for table `Users`
--

INSERT INTO `Users` (`id`, `name`, `username`, `email`, `phone`, `password`, `user_type`, `company_id`, `is_active`, `created_at`, `updated_at`, `admin_pin`, `fcm_token`, `fcm_token_updated_at`) VALUES
(1, 'Muhammad Naveed', 'mnaveedpaki', 'mnaveedpaki@gmail.com', '+923405138556', '$2y$10$gv84oZtEAPTYA9n1X6t/I.MP2zotLTui21xctCDB3O7iWVZEEeZLq', 'Super Admin', NULL, 1, '2024-12-19 19:43:41', '2025-01-28 19:46:53', NULL, NULL, NULL),
(3, 'Adeel Nawab', 'adeel', 'adeel@gmail.com', '0329032984', '$2y$10$ANA.7WgviFpqOnvcSsSLJeGnEWC95Df/L/dPCnnSQHhFhao.lo4nK', 'Admin', 2, 1, '2024-12-19 20:15:00', '2024-12-23 02:10:11', NULL, NULL, NULL),
(15, 'rider33', 'r1', 'horse8687@mailbai.com', '0333756565', '$2y$10$t.O5k8TKbcBYmeRXRVG/iuN32nba4UDrehQrWlO6w0oVOPhCBE40i', 'Rider', NULL, 1, '2024-12-20 08:54:55', '2025-01-27 11:10:34', NULL, 'cZ2c1VLFR5uf1neUXwOwlg:APA91bHlkc-FaCtJRNIuFUzMExko00L8E22HGWQaeBl9zTD28EhqsEz65njVMnV9qg0IKejI8h8MCUU-s_49V8d4NMRmHWtRE6vH9-SD8tIZzq5LeuuhXP0', '2025-01-27 10:15:53'),
(16, 'Naveed R2', 'r2', 'r2@g.c', '98237529837', '$2y$10$qkSCQr0p9vdHnORCKMIAq.ybYS02no5LFBvly7PywmkBSma2EBTrO', 'Rider', NULL, 1, '2024-12-20 08:54:55', '2025-05-14 09:22:09', NULL, 'fOYg3MXdRaCNqT-B3Ys2Ik:APA91bHYjbXgvxILGILmMB3lL-YYw8ksb8Z2w01O_OyeVU05bAdXgngIuRmsECdjLeS9ExikEhK_RRCAFD-pE3l3Wg5DpXqxgmG60g34PJ5rqA-T6VXUlq8', '2025-05-14 09:22:09'),
(18, 're', 'r4', 'r4@g.c', '3434343', '$2y$10$.5hmgPPfoo9ZUOLQiOLzfOFa8jyzNeQfJHRFbNUWhMVCt./..nIhK', 'Rider', NULL, 1, '2024-12-21 18:03:23', '2024-12-21 21:01:47', NULL, NULL, NULL),
(25, 'Muhammad Naveed', 'mn', 'mnaveedpaki1@gmail.com', '123123123', '$2y$10$xz0IqDkJhKpxRj5OjZo29epYxZ1BsOop3dDazHGe/j68zMFw8oija', 'Admin', 2, 1, '2024-12-21 23:48:45', '2025-02-03 17:58:19', '$2y$10$xtgv6aZ4POf2iqMR/Vn4oevJQCCUY8LMmQdrePjJGsVNBcHVS6W2m', NULL, NULL),
(26, 'ali', 'ali', 'ali@gm.c', '29839878', '$2y$10$.PjeVKrzYC.ankSgW6C4wePKkssTD4tPyKQ6E0nu3q2fpwEExE1q2', 'Admin', 4, 1, '2024-12-21 23:57:06', '2024-12-22 07:38:38', NULL, NULL, NULL),
(27, 'sdkjn', 'sdkjvb', 'kdj@g.c', '876876', '$2y$10$k538.K9KmJCvXqG1WdelLeGpFQIIYkZHf3R7Nz.Z0isG5kbBrYyV2', 'Rider', NULL, 1, '2024-12-22 08:50:19', '2024-12-22 08:50:19', NULL, NULL, NULL),
(28, 'imran', 'imran', 'imran@gmail.com', '20938423', '$2y$10$EL/WN8nRFV5mlW.OzLuIEeMhoU1DLBk8r7l1axMHd4ATGwjiQ0E0i', 'Rider', NULL, 1, '2024-12-23 02:12:26', '2024-12-23 02:12:26', NULL, NULL, NULL),
(29, 'Mohsin', 'mohsin', 'mohsin@gmail.com', '+923489876890', '$2y$10$4/LCKdUioOPqDEqGc.O5q.HAOvAWjUytE6Vgaze0PVXofy2x6qOgy', 'Admin', 5, 1, '2024-12-25 19:20:16', '2024-12-25 19:21:21', NULL, NULL, NULL),
(30, 'Ahmad', 'rider1', 'rider1@gmail.com', '+92384745852', '$2y$10$K/9Rp9T.9XdT5mAoHi2dTuHnQ7u9UjPNxdJXFDQjaOBFa4mwRlS.y', 'Rider', NULL, 1, '2024-12-25 19:33:56', '2025-06-12 15:28:30', NULL, 'cXdF5kmJSDG-M6m-g62S0r:APA91bHhHySm__Y3xP7Mwdd-fz0f2b5ZXwCTr45yWoFvkOvhWeHy0PtAiadQMqoK3XmXNpA_2pGJoTJhG7SLKUobDuF-0Z7sisnOZ7FF7MgIJfSZqZ_pszs', '2025-06-12 15:28:30'),
(32, 'Ahmed Butt', 'ahmedbutt', 'Ahmedbutt34@hotmail.com', '+923217438654', '$2y$10$63y71Se8E9wfrSaLe5dSmOlhUz0dwTy2SZGNP0K9J3W1Jd/kyDr56', 'Super Admin', NULL, 1, '2025-01-03 12:33:07', '2025-01-03 12:33:07', NULL, NULL, NULL),
(33, 'Muhammad', 'muhammad1', 'ahmadbuttt34@gmail.com', '', '$2y$10$cptveXn.9UaBkqT3iTYCeew8pdReiYFZ1KVGveeER9dwcEOzAx.vW', 'Admin', NULL, 1, '2025-01-13 15:04:47', '2025-01-13 15:04:47', NULL, NULL, NULL),
(34, 'aslkdjl aslkdj', 'riderDani', 'mmas349@gmail.com', '12342567', '$2y$10$PevzwUL/5QXxLXJr31zVeuZUi4OrC2I1DxlNa8U/GWpQkbWN32vNa', 'Rider', NULL, 1, '2025-01-13 18:52:47', '2025-01-13 18:52:47', NULL, NULL, NULL),
(36, 'naveed', 'mnaveed123', 'mna25867@gmail.com', '2903842', '$2y$10$REFiwrqd4OE8GjiLOxLvaeJci3sFaKQ9xF8eLJg9BKwML7IJOhjT.', 'Rider', NULL, 1, '2025-01-23 23:23:35', '2025-01-28 19:52:02', NULL, 'cc4-1EsxTvO-Rj5DfCwXXx:APA91bHjWHfVcskcfAEU4rygOiRdWUFgZvyk8E0K7Cf7sYRkJshr21RqgI5cizHUr8aQmhgrK37-0Rd7JcLKYtCqtrAGXS4SYTaRTSsdiAuKdpf6kGyAmPY', '2025-01-28 19:52:02'),
(37, 'Rider number 1', 'rr1', 'mn9530044@gmail.com', '+923489876890', '$2y$10$w.vLB69ZVTJN2htqyxshkudV.Q8UEW7Dc9DuIsZVKWlhUyNyt/qQ2', 'Rider', NULL, 1, '2025-02-01 13:47:57', '2025-02-01 14:00:57', NULL, 'ehgv4iBtQL-qDFwSvghKuQ:APA91bGAa90nrU-epSSsRNWdZFWuXdgkIxjhndAw2AvI2FCUuR3A1JWPmaKRQPFp_NUD8P9UBA8MbESrBlabDDM8c5TL5b7uysM-iyzOXUKqJEFQhFOcw78', '2025-02-01 14:00:57'),
(39, 'Muhammad Mohsin', 'mmas349', 'mmas349@icloud.com', '', '$2y$10$0wyZiRQJlkUbQdIlLYSy1OqzGE/0Tk/Y08eDkb.CyW9Jfag.QelLq', 'Admin', 7, 1, '2025-02-07 20:32:32', '2025-02-07 22:01:37', '$2y$10$4smvxVtQITHJOH90JavhzuOkLLrxdemt9PY.8AsTrXbZn/Lr/Q7Um', NULL, NULL),
(40, 'Ahmed buttt', 'abuttt34', 'mohsin@meernmeer.com', '12312312', '$2y$10$n2kcjLv2GRHApLvE.m2jguc6ctdfGBklTtsOHDSTK7gDmV4fXGodK', 'Rider', NULL, 1, '2025-02-07 21:03:15', '2025-02-07 21:04:17', NULL, 'fBxOdnZSQDuflbzpV1d_91:APA91bHEcUW-sGVNGrrOI2ES6a3Bm_o8bCzKWXIQFSYl5VXpJrdNVlKXdtpybe9UativSzH6VwUfC1o_ycBL11A0Nz6TagSW0usEpMbScfwYXXAr-J9BES4', '2025-02-07 21:04:17'),
(41, 'Elia', 'elia123', 'sa@gmail.com', '12312312', '$2y$10$UPHf9KjTfsW.6CmDzrx1/uj35elD9Uz0BOMwOY5oWz/pn/z1mWS2G', 'Admin', 7, 1, '2025-02-07 22:36:56', '2025-02-07 22:36:56', NULL, NULL, NULL),
(42, 'Ali', 'ali123', 'ali@gmail.com', '21312313', '$2y$10$PG.rSYQKO6VRzM/1jGCMwuOcSTIByf462ojyFMaYOqFwwz8uE74hO', 'Admin', 7, 1, '2025-02-07 22:37:20', '2025-02-07 22:37:20', NULL, NULL, NULL),
(44, 'muhammad arbab123', 'marbab', 'marbab1@gmail.com', '34534', '$2y$10$ZFSm.XeCNFd3/fw7A6O1d.GS6bOrFRxV8zmsOC2TBL.cuFZv1kmoi', 'Rider', NULL, 1, '2025-02-21 18:10:10', '2025-02-21 18:15:09', NULL, 'eNJuSqZPStezhPTRImfK_T:APA91bH3BKddQ-I5GzL6VV-GEe6fS8sXNxrmSpNhEpK3Zhyvrfrx_at_yQ-n5FHPJTVzfdF_tdqVsoLVIumqhT4wIL5s6HOr1FnjE-63A6CthQ6Izn75trc', '2025-02-21 18:10:39'),
(45, 'rtdyfugihj', 'r22r', 'asdfghjk@gmail.com', '346578', '$2y$10$6/csIAGh6YoRkA6.QNM.hOeLLTMZEKOVk1V06MkGuziY8PO9WWfYG', 'Rider', NULL, 1, '2025-02-26 19:16:20', '2025-02-26 19:19:03', NULL, 'fBxOdnZSQDuflbzpV1d_91:APA91bHEcUW-sGVNGrrOI2ES6a3Bm_o8bCzKWXIQFSYl5VXpJrdNVlKXdtpybe9UativSzH6VwUfC1o_ycBL11A0Nz6TagSW0usEpMbScfwYXXAr-J9BES4', '2025-02-26 19:19:03'),
(47, 'rider33', 'rider33', 'rider33@gmail.com', '+441234567890', '$2y$10$P/0KKWvZUCiZiKCGftvvNeiq8lQ0dnusV.4FtAYu7U5D/0s1nCmWS', 'Rider', NULL, 1, '2025-03-02 12:55:06', '2025-03-02 12:55:06', NULL, NULL, NULL),
(48, 'm n a v e e d', 'mnaveed1234', 'mnaveed123@gmail.com', '+442342342344', '$2y$10$YkPfCRNFHAaxemA1DaScwOzM0Wi0MFlA2t69pu0IT2kF0jOYnVGnu', 'Admin', 2, 1, '2025-03-02 13:40:10', '2025-03-19 12:48:38', '$2y$10$jFTUkNa.dpXM4KKMim8KUu4ElStMjZROh9agdnP4TLRPaER05wH62', NULL, NULL),
(49, 'Dani Julia', 'dani123', 'info@kbrhcatering.com', '+447482197889', '$2y$10$DdnIdD2hI6sRdejFdkn9quPnL09OXeef/6yuI0kDpkIL8g0goBaUe', 'Admin', 10, 1, '2025-03-06 18:54:19', '2025-03-06 19:34:15', '$2y$10$gS4Wae9xbQJfupSwXiqEy.b.8uahWZm5RFONZNbj6oCiGPm3Qblj6', NULL, NULL),
(50, 'Driver Driverer', 'd1', 'a@hotmail.com', '+447482197889', '$2y$10$CQWjVi348u3g8.H0KL.EOeWnNqy.8ryjKqj2cx72ll7ynyq5c.B4m', 'Rider', NULL, 1, '2025-03-06 19:01:38', '2025-03-06 19:35:29', NULL, 'fBxOdnZSQDuflbzpV1d_91:APA91bHEcUW-sGVNGrrOI2ES6a3Bm_o8bCzKWXIQFSYl5VXpJrdNVlKXdtpybe9UativSzH6VwUfC1o_ycBL11A0Nz6TagSW0usEpMbScfwYXXAr-J9BES4', '2025-03-06 19:35:29'),
(51, 'driver 2', 'd2', 'wda@hotmail.com', '+447428197889', '$2y$10$LKzRvxZgSDK7H3WgJENYmOlgzr3b2oIGeIISYSodK2cqjk9aprnku', 'Rider', NULL, 1, '2025-03-06 19:39:07', '2025-03-06 19:39:14', NULL, 'fBxOdnZSQDuflbzpV1d_91:APA91bHEcUW-sGVNGrrOI2ES6a3Bm_o8bCzKWXIQFSYl5VXpJrdNVlKXdtpybe9UativSzH6VwUfC1o_ycBL11A0Nz6TagSW0usEpMbScfwYXXAr-J9BES4', '2025-03-06 19:39:14'),
(52, 'David', 'david', 'mohsin@neptasolutions.co.uk', '+447482197888', '$2y$10$OqvvsEEN/.9imRBhHAQgF.sD5/1q0PVhPb6GL177AY1StXUNT8zFm', 'Admin', 12, 1, '2025-05-11 13:43:26', '2025-05-11 13:43:26', NULL, NULL, NULL),
(53, 'Mark', 'mark', 'info@neptasolutions.co.uk', '+447482197886', '$2y$10$S94iUV8HG1ICuHIulacYEOL8oS1dbzY53i1OyuB22zzlmOoKpcTr2', 'Rider', NULL, 1, '2025-05-11 13:44:47', '2025-05-11 13:44:47', NULL, NULL, NULL);

-- --------------------------------------------------------

--
-- Table structure for table `UserTokens`
--

CREATE TABLE `UserTokens` (
  `id` int(11) NOT NULL,
  `user_id` int(11) NOT NULL,
  `token` text NOT NULL,
  `device_info` text DEFAULT NULL,
  `is_active` tinyint(1) DEFAULT 1,
  `expires_at` datetime NOT NULL,
  `created_at` timestamp NULL DEFAULT current_timestamp(),
  `updated_at` timestamp NULL DEFAULT current_timestamp() ON UPDATE current_timestamp()
) ENGINE=InnoDB DEFAULT CHARSET=utf8mb4 COLLATE=utf8mb4_unicode_ci;

--
-- Dumping data for table `UserTokens`
--

INSERT INTO `UserTokens` (`id`, `user_id`, `token`, `device_info`, `is_active`, `expires_at`, `created_at`, `updated_at`) VALUES
(57, 15, 'eyJ0eXAiOiJKV1QiLCJhbGciOiJIUzI1NiJ9.eyJ1c2VyX2lkIjoxNSwiaWF0IjoxNzM3MTEwNjQyLCJleHAiOjE3MzcxOTcwNDJ9.7yZGXY3VRxv2awrQO9ZftYkDhdTgoo7VJoaAmIKdjU4=', NULL, 0, '2025-01-18 10:44:02', '2025-01-17 10:44:02', '2025-01-17 12:49:54'),
(58, 15, 'eyJ0eXAiOiJKV1QiLCJhbGciOiJIUzI1NiJ9.eyJ1c2VyX2lkIjoxNSwiaWF0IjoxNzM3MTE4MTk0LCJleHAiOjE3MzcyMDQ1OTR9.sQMZSQyBzTDPp/Yv+/n7HRvLJlfz9i1/0zvdigVPv8o=', NULL, 0, '2025-01-18 12:49:54', '2025-01-17 12:49:54', '2025-01-18 06:23:27'),
(59, 15, 'eyJ0eXAiOiJKV1QiLCJhbGciOiJIUzI1NiJ9.eyJ1c2VyX2lkIjoxNSwiaWF0IjoxNzM3MTgxNDA3LCJleHAiOjE3MzcyNjc4MDd9.4ak9b3ZH+x/q3K5PaEpAcMllitOisnD4fTEBR7F7D4w=', NULL, 0, '2025-01-19 06:23:27', '2025-01-18 06:23:27', '2025-01-18 06:25:57'),
(60, 15, 'eyJ0eXAiOiJKV1QiLCJhbGciOiJIUzI1NiJ9.eyJ1c2VyX2lkIjoxNSwiaWF0IjoxNzM3MTgxNTU3LCJleHAiOjE3MzcyNjc5NTd9.cyjvpHAbVHG8kXejFwpw2KL6+BiYK3T0ySH1NU2BY2o=', NULL, 0, '2025-01-19 06:25:57', '2025-01-18 06:25:57', '2025-01-18 06:35:03'),
(61, 15, 'eyJ0eXAiOiJKV1QiLCJhbGciOiJIUzI1NiJ9.eyJ1c2VyX2lkIjoxNSwiaWF0IjoxNzM3MTgyMTAzLCJleHAiOjE3MzcyNjg1MDN9.hREJFz2T9EWLrXQxBHJlVWjV30CJHDlU24JWDbRDaZk=', NULL, 0, '2025-01-19 06:35:03', '2025-01-18 06:35:03', '2025-01-18 06:35:22'),
(62, 15, 'eyJ0eXAiOiJKV1QiLCJhbGciOiJIUzI1NiJ9.eyJ1c2VyX2lkIjoxNSwiaWF0IjoxNzM3MTgyMTIyLCJleHAiOjE3MzcyNjg1MjJ9.8Kr6QP+lW2bNKn+agk8nDByaj5ccjbtvrsK34rcNg2s=', NULL, 0, '2025-01-19 06:35:22', '2025-01-18 06:35:22', '2025-01-18 06:36:15'),
(63, 15, 'eyJ0eXAiOiJKV1QiLCJhbGciOiJIUzI1NiJ9.eyJ1c2VyX2lkIjoxNSwiaWF0IjoxNzM3MTgyMTc1LCJleHAiOjE3MzcyNjg1NzV9.U5uo8uNIb3j7u0MrXZoE4pXns4C/gqjpTqDb9tgd6U0=', NULL, 0, '2025-01-19 06:36:15', '2025-01-18 06:36:15', '2025-01-18 07:02:27'),
(64, 15, 'eyJ0eXAiOiJKV1QiLCJhbGciOiJIUzI1NiJ9.eyJ1c2VyX2lkIjoxNSwiaWF0IjoxNzM3MTgzNzQ3LCJleHAiOjE3MzcyNzAxNDd9./3hzcYdgtJvsnl27wdDaaTZ8sfZlZfJHYNV084mfLFk=', NULL, 0, '2025-01-19 07:02:27', '2025-01-18 07:02:27', '2025-01-18 07:16:05'),
(65, 15, 'eyJ0eXAiOiJKV1QiLCJhbGciOiJIUzI1NiJ9.eyJ1c2VyX2lkIjoxNSwiaWF0IjoxNzM3MTg0NTY1LCJleHAiOjE3MzcyNzA5NjV9.cotyPXEUYRKUamci1rdXLEUCL5dibzhL//cwyHUtctg=', NULL, 0, '2025-01-19 07:16:05', '2025-01-18 07:16:05', '2025-01-18 07:21:02'),
(66, 15, 'eyJ0eXAiOiJKV1QiLCJhbGciOiJIUzI1NiJ9.eyJ1c2VyX2lkIjoxNSwiaWF0IjoxNzM3MTg0ODYyLCJleHAiOjE3MzcyNzEyNjJ9.PmcvxQeE7XBFjjbG0rLRRRxEkXpNjF+FlFpOiIcjv9Q=', NULL, 0, '2025-01-19 07:21:02', '2025-01-18 07:21:02', '2025-01-18 18:46:44'),
(67, 15, 'eyJ0eXAiOiJKV1QiLCJhbGciOiJIUzI1NiJ9.eyJ1c2VyX2lkIjoxNSwiaWF0IjoxNzM3MjI2MDA0LCJleHAiOjE3MzczMTI0MDR9.dj82/k1XV7VCl/pvqz2Pw9VfStw3c4toefv7aJf1w5k=', NULL, 0, '2025-01-19 18:46:44', '2025-01-18 18:46:44', '2025-01-18 19:13:19'),
(68, 15, 'eyJ0eXAiOiJKV1QiLCJhbGciOiJIUzI1NiJ9.eyJ1c2VyX2lkIjoxNSwiaWF0IjoxNzM3MjI3NTk5LCJleHAiOjE3MzczMTM5OTl9.FzCFr2f2PVsJog0tMc5F9pua6HsKLZdjqOzERsgEj3Y=', NULL, 0, '2025-01-19 19:13:19', '2025-01-18 19:13:19', '2025-01-18 19:15:00'),
(69, 15, 'eyJ0eXAiOiJKV1QiLCJhbGciOiJIUzI1NiJ9.eyJ1c2VyX2lkIjoxNSwiaWF0IjoxNzM3MjI3NzAwLCJleHAiOjE3MzczMTQxMDB9.y/yCBQvkOUTgZjI4ZaPh5bDel3E9Tl7+ap8bqrz577Q=', NULL, 0, '2025-01-19 19:15:00', '2025-01-18 19:15:00', '2025-01-18 19:22:33'),
(70, 15, 'eyJ0eXAiOiJKV1QiLCJhbGciOiJIUzI1NiJ9.eyJ1c2VyX2lkIjoxNSwiaWF0IjoxNzM3MjI4MTUzLCJleHAiOjE3MzczMTQ1NTN9.gN656CwoYELB3lw4pFRjcvkJPPJpMHnPEP+4vh9fqK4=', NULL, 0, '2025-01-19 19:22:33', '2025-01-18 19:22:33', '2025-01-18 19:25:48'),
(71, 15, 'eyJ0eXAiOiJKV1QiLCJhbGciOiJIUzI1NiJ9.eyJ1c2VyX2lkIjoxNSwiaWF0IjoxNzM3MjI4MzQ4LCJleHAiOjE3MzczMTQ3NDh9./dP35eQ9QVE2M1cFtGZgzZUiLprbjx8+jIYTgWXnZvQ=', NULL, 0, '2025-01-19 19:25:48', '2025-01-18 19:25:48', '2025-01-18 19:26:42'),
(72, 15, 'eyJ0eXAiOiJKV1QiLCJhbGciOiJIUzI1NiJ9.eyJ1c2VyX2lkIjoxNSwiaWF0IjoxNzM3MjI4NDAyLCJleHAiOjE3MzczMTQ4MDJ9.Hfc9MqMFj0Vks2T22UOrk1UXMcQfr7VGyYf1ICv379Y=', NULL, 0, '2025-01-19 19:26:42', '2025-01-18 19:26:42', '2025-01-18 19:27:10'),
(73, 15, 'eyJ0eXAiOiJKV1QiLCJhbGciOiJIUzI1NiJ9.eyJ1c2VyX2lkIjoxNSwiaWF0IjoxNzM3MjI4NDMwLCJleHAiOjE3MzczMTQ4MzB9.4ZD1G2hcXFhdhsjkTLn4uffIICe8BFZb+BFDWSY7VRw=', NULL, 0, '2025-01-19 19:27:10', '2025-01-18 19:27:10', '2025-01-18 19:32:36'),
(74, 15, 'eyJ0eXAiOiJKV1QiLCJhbGciOiJIUzI1NiJ9.eyJ1c2VyX2lkIjoxNSwiaWF0IjoxNzM3MjI4NzU2LCJleHAiOjE3MzczMTUxNTZ9.aazqbRROoL8veATAflTtjSyxgPfvpMG+1ZwPAwh71Ek=', NULL, 0, '2025-01-19 19:32:36', '2025-01-18 19:32:36', '2025-01-18 19:33:33'),
(75, 15, 'eyJ0eXAiOiJKV1QiLCJhbGciOiJIUzI1NiJ9.eyJ1c2VyX2lkIjoxNSwiaWF0IjoxNzM3MjI4ODEzLCJleHAiOjE3MzczMTUyMTN9.TzVqBNOpfQh/r45gEtyakzvzFzRmEa0edngQK1jLQgc=', NULL, 0, '2025-01-19 19:33:33', '2025-01-18 19:33:33', '2025-01-18 19:36:22'),
(76, 15, 'eyJ0eXAiOiJKV1QiLCJhbGciOiJIUzI1NiJ9.eyJ1c2VyX2lkIjoxNSwiaWF0IjoxNzM3MjI4OTgyLCJleHAiOjE3MzczMTUzODJ9.Iziwj6beFyrBvYuku8Y3V/RXrf03mi4qCCQRaRcs+Zg=', NULL, 0, '2025-01-19 19:36:22', '2025-01-18 19:36:22', '2025-01-18 19:44:23'),
(77, 15, 'eyJ0eXAiOiJKV1QiLCJhbGciOiJIUzI1NiJ9.eyJ1c2VyX2lkIjoxNSwiaWF0IjoxNzM3MjI5NDYzLCJleHAiOjE3MzczMTU4NjN9.W6uIDdUaiMRXvhkiReOT5Rxi4pdHbI92JtquV9Gh9KU=', NULL, 0, '2025-01-19 19:44:23', '2025-01-18 19:44:23', '2025-01-18 19:56:32'),
(78, 15, 'eyJ0eXAiOiJKV1QiLCJhbGciOiJIUzI1NiJ9.eyJ1c2VyX2lkIjoxNSwiaWF0IjoxNzM3MjMwMTkyLCJleHAiOjE3MzczMTY1OTJ9.1JnqKb/FFMz/vSCyNoHcUXcAkGuNjvTIrmQ9Q5cfhoQ=', NULL, 0, '2025-01-19 19:56:32', '2025-01-18 19:56:32', '2025-01-18 20:14:51'),
(79, 16, 'eyJ0eXAiOiJKV1QiLCJhbGciOiJIUzI1NiJ9.eyJ1c2VyX2lkIjoxNiwiaWF0IjoxNzM3MjMwMjk1LCJleHAiOjE3MzczMTY2OTV9.XqV1qicf+zHlw/EZZJuNbIbu6blc18BpklpN115MjBw=', NULL, 0, '2025-01-19 19:58:15', '2025-01-18 19:58:15', '2025-01-18 20:01:37'),
(80, 16, 'eyJ0eXAiOiJKV1QiLCJhbGciOiJIUzI1NiJ9.eyJ1c2VyX2lkIjoxNiwiaWF0IjoxNzM3MjMwNDk3LCJleHAiOjE3MzczMTY4OTd9.oIf6t9pc/FCvIMDl8fCdHZY6n6soyxNLEnaY9YXlaLA=', NULL, 0, '2025-01-19 20:01:37', '2025-01-18 20:01:37', '2025-01-18 20:04:54'),
(81, 16, 'eyJ0eXAiOiJKV1QiLCJhbGciOiJIUzI1NiJ9.eyJ1c2VyX2lkIjoxNiwiaWF0IjoxNzM3MjMwNjk0LCJleHAiOjE3MzczMTcwOTR9.m6Fg8unc4oqVEnAd7gQtGlI31fkL8SgTI4bDQapHViM=', NULL, 0, '2025-01-19 20:04:54', '2025-01-18 20:04:54', '2025-01-18 20:13:08'),
(82, 16, 'eyJ0eXAiOiJKV1QiLCJhbGciOiJIUzI1NiJ9.eyJ1c2VyX2lkIjoxNiwiaWF0IjoxNzM3MjMxMTg4LCJleHAiOjE3MzczMTc1ODh9.tMb+exU+FwxB5vLG0U8Jcbb2/SywQIBRe8K6czTeAhA=', NULL, 0, '2025-01-19 20:13:08', '2025-01-18 20:13:08', '2025-01-19 09:40:13'),
(83, 15, 'eyJ0eXAiOiJKV1QiLCJhbGciOiJIUzI1NiJ9.eyJ1c2VyX2lkIjoxNSwiaWF0IjoxNzM3MjMxMjkxLCJleHAiOjE3MzczMTc2OTF9.SG4cKeUq6P7Xf1FjQvlkBY3mfEhRQWd19TiMa5576Us=', NULL, 0, '2025-01-19 20:14:51', '2025-01-18 20:14:51', '2025-01-18 20:22:05'),
(84, 15, 'eyJ0eXAiOiJKV1QiLCJhbGciOiJIUzI1NiJ9.eyJ1c2VyX2lkIjoxNSwiaWF0IjoxNzM3MjMxNzI1LCJleHAiOjE3MzczMTgxMjV9.rSZJGhKEnfYatEF4yqbJmF+pMOZdY3M3VBSXZoe8l0s=', NULL, 0, '2025-01-19 20:22:05', '2025-01-18 20:22:05', '2025-01-18 20:37:56'),
(85, 15, 'eyJ0eXAiOiJKV1QiLCJhbGciOiJIUzI1NiJ9.eyJ1c2VyX2lkIjoxNSwiaWF0IjoxNzM3MjMyNjc2LCJleHAiOjE3MzczMTkwNzZ9.Ur2Ejt79wXc8AU1shwgIdIfEC6Ori/1AAdZ8xNQsCtY=', NULL, 0, '2025-01-19 20:37:56', '2025-01-18 20:37:56', '2025-01-18 20:58:25'),
(86, 15, 'eyJ0eXAiOiJKV1QiLCJhbGciOiJIUzI1NiJ9.eyJ1c2VyX2lkIjoxNSwiaWF0IjoxNzM3MjMzOTA1LCJleHAiOjE3MzczMjAzMDV9.u9wAu1d+L7HoHlIrtpYdNb2Zd34lQhryZw4xdIc3enc=', NULL, 0, '2025-01-19 20:58:25', '2025-01-18 20:58:25', '2025-01-18 21:03:40'),
(87, 15, 'eyJ0eXAiOiJKV1QiLCJhbGciOiJIUzI1NiJ9.eyJ1c2VyX2lkIjoxNSwiaWF0IjoxNzM3MjM0MjIwLCJleHAiOjE3MzczMjA2MjB9.uSHH51o4oiJ/j8RyiJcyPeoVJOtkocF5nGevqwd0UGw=', NULL, 0, '2025-01-19 21:03:40', '2025-01-18 21:03:40', '2025-01-18 21:10:41'),
(88, 15, 'eyJ0eXAiOiJKV1QiLCJhbGciOiJIUzI1NiJ9.eyJ1c2VyX2lkIjoxNSwiaWF0IjoxNzM3MjM0NjQxLCJleHAiOjE3MzczMjEwNDF9.YsYHdrV32ZjGpPiFgG0XxLPPwH6eJ2YXzuHqKl2pcMY=', NULL, 0, '2025-01-19 21:10:41', '2025-01-18 21:10:41', '2025-01-19 22:52:00'),
(89, 16, 'eyJ0eXAiOiJKV1QiLCJhbGciOiJIUzI1NiJ9.eyJ1c2VyX2lkIjoxNiwiaWF0IjoxNzM3Mjc5NjEzLCJleHAiOjE3MzczNjYwMTN9.KHZXH6wB3BwV4A81lRW8RNm7u82O60Pk9IKSPoC7Azw=', NULL, 0, '2025-01-20 09:40:13', '2025-01-19 09:40:13', '2025-01-19 14:01:36'),
(90, 16, 'eyJ0eXAiOiJKV1QiLCJhbGciOiJIUzI1NiJ9.eyJ1c2VyX2lkIjoxNiwiaWF0IjoxNzM3Mjk1Mjk2LCJleHAiOjE3MzczODE2OTZ9.tPSkJ323yFnJfN/QTb5shhtkZJGMUSrkIW1uvHDbKvQ=', NULL, 0, '2025-01-20 14:01:36', '2025-01-19 14:01:36', '2025-01-19 22:28:17'),
(91, 16, 'eyJ0eXAiOiJKV1QiLCJhbGciOiJIUzI1NiJ9.eyJ1c2VyX2lkIjoxNiwiaWF0IjoxNzM3MzI1Njk3LCJleHAiOjE3Mzc0MTIwOTd9.NWtAcKZbHizmDU8VO2IicBIAPCSDFWF39RczA9uMMq4=', NULL, 0, '2025-01-20 22:28:17', '2025-01-19 22:28:17', '2025-01-19 22:29:06'),
(92, 16, 'eyJ0eXAiOiJKV1QiLCJhbGciOiJIUzI1NiJ9.eyJ1c2VyX2lkIjoxNiwiaWF0IjoxNzM3MzI1NzQ2LCJleHAiOjE3Mzc0MTIxNDZ9.fxr5o5unfk6zmvsI1+X2VbZNccLlmPxunY3AItrJqoU=', NULL, 0, '2025-01-20 22:29:06', '2025-01-19 22:29:06', '2025-01-19 22:36:31'),
(93, 16, 'eyJ0eXAiOiJKV1QiLCJhbGciOiJIUzI1NiJ9.eyJ1c2VyX2lkIjoxNiwiaWF0IjoxNzM3MzI2MTkxLCJleHAiOjE3Mzc0MTI1OTF9.JUdUcRC7cdrzzE9GKfz+M+eRuUbQKSx9lu1QDHrDRR0=', NULL, 0, '2025-01-20 22:36:31', '2025-01-19 22:36:31', '2025-01-19 22:38:26'),
(94, 16, 'eyJ0eXAiOiJKV1QiLCJhbGciOiJIUzI1NiJ9.eyJ1c2VyX2lkIjoxNiwiaWF0IjoxNzM3MzI2MzA2LCJleHAiOjE3Mzc0MTI3MDZ9.4v+YQpSFFNg6eSsTFI7Irr2e1SuH5NT8xLkxTxAZ3xU=', NULL, 0, '2025-01-20 22:38:26', '2025-01-19 22:38:26', '2025-01-19 22:49:50'),
(95, 16, 'eyJ0eXAiOiJKV1QiLCJhbGciOiJIUzI1NiJ9.eyJ1c2VyX2lkIjoxNiwiaWF0IjoxNzM3MzI2OTkwLCJleHAiOjE3Mzc0MTMzOTB9.Qg9wg3tDj6QfJDGyDU/SIxDXV6FgfXhN9zDgVvF+6To=', NULL, 0, '2025-01-20 22:49:50', '2025-01-19 22:49:50', '2025-01-19 22:52:24'),
(96, 15, 'eyJ0eXAiOiJKV1QiLCJhbGciOiJIUzI1NiJ9.eyJ1c2VyX2lkIjoxNSwiaWF0IjoxNzM3MzI3MTIwLCJleHAiOjE3Mzc0MTM1MjB9.E08xDb7bFImu817+lvGeaVQryw3nOQExuvmoB1X25js=', NULL, 0, '2025-01-20 22:52:00', '2025-01-19 22:52:00', '2025-01-20 08:00:45'),
(97, 16, 'eyJ0eXAiOiJKV1QiLCJhbGciOiJIUzI1NiJ9.eyJ1c2VyX2lkIjoxNiwiaWF0IjoxNzM3MzI3MTQ0LCJleHAiOjE3Mzc0MTM1NDR9.Z/Q18z0LAIGrvm7jPB/KdkG7ZgzUdCf3rl39JRjlcAE=', NULL, 0, '2025-01-20 22:52:24', '2025-01-19 22:52:24', '2025-01-19 23:36:52'),
(98, 16, 'eyJ0eXAiOiJKV1QiLCJhbGciOiJIUzI1NiJ9.eyJ1c2VyX2lkIjoxNiwiaWF0IjoxNzM3MzI5ODEyLCJleHAiOjE3Mzc0MTYyMTJ9.qu4UunGaUttOavU2skxDR7dSQ69YbzIYeWO7rqBCfYw=', NULL, 0, '2025-01-20 23:36:52', '2025-01-19 23:36:52', '2025-01-19 23:41:29'),
(99, 16, 'eyJ0eXAiOiJKV1QiLCJhbGciOiJIUzI1NiJ9.eyJ1c2VyX2lkIjoxNiwiaWF0IjoxNzM3MzMwMDg5LCJleHAiOjE3Mzc0MTY0ODl9.9ok5I/2IUA24Opum/NdlzlvNdD7209MlCFRoljrimbc=', NULL, 0, '2025-01-20 23:41:29', '2025-01-19 23:41:29', '2025-01-21 07:30:35'),
(100, 15, 'eyJ0eXAiOiJKV1QiLCJhbGciOiJIUzI1NiJ9.eyJ1c2VyX2lkIjoxNSwiaWF0IjoxNzM3MzYwMDQ1LCJleHAiOjE3Mzc0NDY0NDV9.oAvFXPGpEi1R+2jibCGQnQJVv1rdL6wXU4FfxU7a07c=', NULL, 0, '2025-01-21 08:00:45', '2025-01-20 08:00:45', '2025-01-20 23:27:41'),
(101, 15, 'eyJ0eXAiOiJKV1QiLCJhbGciOiJIUzI1NiJ9.eyJ1c2VyX2lkIjoxNSwiaWF0IjoxNzM3NDE1NjYxLCJleHAiOjE3Mzc1MDIwNjF9.wapGXhiE6zvIfQ8yAMTvVZWuCuGdi6vdsP6fRoV/jds=', NULL, 0, '2025-01-21 23:27:41', '2025-01-20 23:27:41', '2025-01-20 23:48:56'),
(102, 15, 'eyJ0eXAiOiJKV1QiLCJhbGciOiJIUzI1NiJ9.eyJ1c2VyX2lkIjoxNSwiaWF0IjoxNzM3NDE2OTM2LCJleHAiOjE3Mzc1MDMzMzZ9.ZO2aFvEwrhsMdGFUYckBPcxvrrtD+mJ9ndBsUXFv/5k=', NULL, 0, '2025-01-21 23:48:56', '2025-01-20 23:48:56', '2025-01-20 23:50:26'),
(103, 15, 'eyJ0eXAiOiJKV1QiLCJhbGciOiJIUzI1NiJ9.eyJ1c2VyX2lkIjoxNSwiaWF0IjoxNzM3NDE3MDI2LCJleHAiOjE3Mzc1MDM0MjZ9.I0mp+uwAQb7tkwwU/h9twagC3v4R0nuyFbamZ9WEJ30=', NULL, 0, '2025-01-21 23:50:26', '2025-01-20 23:50:26', '2025-01-21 06:18:14'),
(104, 15, 'eyJ0eXAiOiJKV1QiLCJhbGciOiJIUzI1NiJ9.eyJ1c2VyX2lkIjoxNSwiaWF0IjoxNzM3NDQwMjk0LCJleHAiOjE3Mzc1MjY2OTR9.jy2IwmaRoO6UZRTbf1ijDkw3KSGEWYdvApWddaQ+dzc=', NULL, 0, '2025-01-22 06:18:14', '2025-01-21 06:18:14', '2025-01-21 07:28:01'),
(105, 15, 'eyJ0eXAiOiJKV1QiLCJhbGciOiJIUzI1NiJ9.eyJ1c2VyX2lkIjoxNSwiaWF0IjoxNzM3NDQ0NDgxLCJleHAiOjE3Mzc1MzA4ODF9.hdt9b3Qj8FrQLWgCMGdJyn9RxY/3IalpJpnXKYKJ/Ik=', NULL, 0, '2025-01-22 07:28:01', '2025-01-21 07:28:01', '2025-01-21 07:33:49'),
(106, 16, 'eyJ0eXAiOiJKV1QiLCJhbGciOiJIUzI1NiJ9.eyJ1c2VyX2lkIjoxNiwiaWF0IjoxNzM3NDQ0NjM1LCJleHAiOjE3Mzc1MzEwMzV9.fcQi7kiBUsewQsXNH1YAWc1MREbX4bpmUIhoC7tpvCs=', NULL, 0, '2025-01-22 07:30:35', '2025-01-21 07:30:35', '2025-01-22 16:21:59'),
(107, 15, 'eyJ0eXAiOiJKV1QiLCJhbGciOiJIUzI1NiJ9.eyJ1c2VyX2lkIjoxNSwiaWF0IjoxNzM3NDQ0ODI5LCJleHAiOjE3Mzc1MzEyMjl9.ti7mtJAONTTtMX4AKvTCup7/jpGI94tJEtX4oE2FYs0=', NULL, 0, '2025-01-22 07:33:49', '2025-01-21 07:33:49', '2025-01-21 12:28:48'),
(108, 15, 'eyJ0eXAiOiJKV1QiLCJhbGciOiJIUzI1NiJ9.eyJ1c2VyX2lkIjoxNSwiaWF0IjoxNzM3NDYyNTI4LCJleHAiOjE3Mzc1NDg5Mjh9.zzVNARQkkQQbRWc1/Z7dXh7cuOm2C52fjb9VslVaKpw=', NULL, 0, '2025-01-22 12:28:48', '2025-01-21 12:28:48', '2025-01-21 12:47:22'),
(109, 15, 'eyJ0eXAiOiJKV1QiLCJhbGciOiJIUzI1NiJ9.eyJ1c2VyX2lkIjoxNSwiaWF0IjoxNzM3NDYzNjQyLCJleHAiOjE3Mzc1NTAwNDJ9.FqiJnIct/NWJWNb/CJkHA+TU5D9jBkCaBJKSSf9BFic=', NULL, 0, '2025-01-22 12:47:22', '2025-01-21 12:47:22', '2025-01-22 04:59:46'),
(110, 15, 'eyJ0eXAiOiJKV1QiLCJhbGciOiJIUzI1NiJ9.eyJ1c2VyX2lkIjoxNSwiaWF0IjoxNzM3NTIxOTg2LCJleHAiOjE3Mzc2MDgzODZ9.ubAEyfUU5Kv9sHfMrDWJXhXBtb81y8rK0SuMejFtqn4=', NULL, 0, '2025-01-23 04:59:46', '2025-01-22 04:59:46', '2025-01-22 05:06:11'),
(111, 15, 'eyJ0eXAiOiJKV1QiLCJhbGciOiJIUzI1NiJ9.eyJ1c2VyX2lkIjoxNSwiaWF0IjoxNzM3NTIyMzcxLCJleHAiOjE3Mzc2MDg3NzF9.CJ2Fyao4nR7biU3Fodmf1zSYr1fMeOK+WMQNnziC/m8=', NULL, 0, '2025-01-23 05:06:11', '2025-01-22 05:06:11', '2025-01-22 05:11:17'),
(112, 15, 'eyJ0eXAiOiJKV1QiLCJhbGciOiJIUzI1NiJ9.eyJ1c2VyX2lkIjoxNSwiaWF0IjoxNzM3NTIyNjc3LCJleHAiOjE3Mzc2MDkwNzd9.4oSi45LWUJ3cIwgZukC3X8NCod3madGJ5JtcNi0+dTY=', NULL, 0, '2025-01-23 05:11:17', '2025-01-22 05:11:17', '2025-01-22 05:34:06'),
(113, 15, 'eyJ0eXAiOiJKV1QiLCJhbGciOiJIUzI1NiJ9.eyJ1c2VyX2lkIjoxNSwiaWF0IjoxNzM3NTI0MDQ2LCJleHAiOjE3Mzc2MTA0NDZ9.8qCMe0yDOWUXpc7+TxGkN42ZKmX92SDziA7FKJNrav4=', NULL, 0, '2025-01-23 05:34:06', '2025-01-22 05:34:06', '2025-01-22 05:56:04'),
(114, 15, 'eyJ0eXAiOiJKV1QiLCJhbGciOiJIUzI1NiJ9.eyJ1c2VyX2lkIjoxNSwiaWF0IjoxNzM3NTI1MzY0LCJleHAiOjE3Mzc2MTE3NjR9.FQGk4pJUF4nFX4JIJFS1WIVUQjO2KxST462LAJct3pQ=', NULL, 0, '2025-01-23 05:56:04', '2025-01-22 05:56:04', '2025-01-22 06:07:59'),
(115, 15, 'eyJ0eXAiOiJKV1QiLCJhbGciOiJIUzI1NiJ9.eyJ1c2VyX2lkIjoxNSwiaWF0IjoxNzM3NTI2MDc5LCJleHAiOjE3Mzc2MTI0Nzl9.QMrxK7nOY8SRLBCJdtX5ghXKXgWGvFazGXQxSNYxUbA=', NULL, 0, '2025-01-23 06:07:59', '2025-01-22 06:07:59', '2025-01-22 06:55:36'),
(116, 15, 'eyJ0eXAiOiJKV1QiLCJhbGciOiJIUzI1NiJ9.eyJ1c2VyX2lkIjoxNSwiaWF0IjoxNzM3NTI4OTM2LCJleHAiOjE3Mzc2MTUzMzZ9.+O9h5lyXhWIPVYXhzFhhDYESaDFkdKqh9xytYMbA3NA=', NULL, 0, '2025-01-23 06:55:36', '2025-01-22 06:55:36', '2025-01-22 07:06:44'),
(117, 15, 'eyJ0eXAiOiJKV1QiLCJhbGciOiJIUzI1NiJ9.eyJ1c2VyX2lkIjoxNSwiaWF0IjoxNzM3NTI5NjA0LCJleHAiOjE3Mzc2MTYwMDR9.b7XCnXURJE1wJG/vULlZh3V1/ieA/8+5mjuhtO0Lsiw=', NULL, 0, '2025-01-23 07:06:44', '2025-01-22 07:06:44', '2025-01-22 07:10:36'),
(118, 15, 'eyJ0eXAiOiJKV1QiLCJhbGciOiJIUzI1NiJ9.eyJ1c2VyX2lkIjoxNSwiaWF0IjoxNzM3NTI5ODM2LCJleHAiOjE3Mzc2MTYyMzZ9.8k+BasLjDayH7KHXTIp6HW6SogK4ZdMcfdLZywMGcFk=', NULL, 0, '2025-01-23 07:10:36', '2025-01-22 07:10:36', '2025-01-22 07:29:26'),
(119, 15, 'eyJ0eXAiOiJKV1QiLCJhbGciOiJIUzI1NiJ9.eyJ1c2VyX2lkIjoxNSwiaWF0IjoxNzM3NTMwOTY2LCJleHAiOjE3Mzc2MTczNjZ9.q+hmMKUWuNV1t+/T5K44H8km3eYHwoqzWEGH2Gtgvj8=', NULL, 0, '2025-01-23 07:29:26', '2025-01-22 07:29:26', '2025-01-22 07:54:34'),
(120, 15, 'eyJ0eXAiOiJKV1QiLCJhbGciOiJIUzI1NiJ9.eyJ1c2VyX2lkIjoxNSwiaWF0IjoxNzM3NTMyNDc0LCJleHAiOjE3Mzc2MTg4NzR9.RUkNgNfqjYPnQbgoqwNRx4tXMZ3XACpJXt3fitwSGoI=', NULL, 0, '2025-01-23 07:54:34', '2025-01-22 07:54:34', '2025-01-22 08:03:55'),
(121, 15, 'eyJ0eXAiOiJKV1QiLCJhbGciOiJIUzI1NiJ9.eyJ1c2VyX2lkIjoxNSwiaWF0IjoxNzM3NTMzMDM1LCJleHAiOjE3Mzc2MTk0MzV9.XyafaNptvkVJcecucUEbzu4gusYbphsa3gSMHG4E5Gc=', NULL, 0, '2025-01-23 08:03:55', '2025-01-22 08:03:55', '2025-01-22 09:16:37'),
(122, 15, 'eyJ0eXAiOiJKV1QiLCJhbGciOiJIUzI1NiJ9.eyJ1c2VyX2lkIjoxNSwiaWF0IjoxNzM3NTM3Mzk3LCJleHAiOjE3Mzc2MjM3OTd9.5D1+EBcFCs6Srgjlama69WngSNHvVw1UyDhpWL1hM/Y=', NULL, 0, '2025-01-23 09:16:37', '2025-01-22 09:16:37', '2025-01-22 09:22:11'),
(123, 15, 'eyJ0eXAiOiJKV1QiLCJhbGciOiJIUzI1NiJ9.eyJ1c2VyX2lkIjoxNSwiaWF0IjoxNzM3NTM3NzMxLCJleHAiOjE3Mzc2MjQxMzF9.n+6P4qOQFIgfgoLIfWIQyvpFupqHCIkLabv5CWsmXtk=', NULL, 0, '2025-01-23 09:22:11', '2025-01-22 09:22:11', '2025-01-22 09:43:26'),
(124, 15, 'eyJ0eXAiOiJKV1QiLCJhbGciOiJIUzI1NiJ9.eyJ1c2VyX2lkIjoxNSwiaWF0IjoxNzM3NTM5MDA2LCJleHAiOjE3Mzc2MjU0MDZ9.UOXnVOlVrVF4XbXn9QwLRvu6bBZHV9FbStGg6wH5DcA=', NULL, 0, '2025-01-23 09:43:26', '2025-01-22 09:43:26', '2025-01-22 09:53:42'),
(125, 15, 'eyJ0eXAiOiJKV1QiLCJhbGciOiJIUzI1NiJ9.eyJ1c2VyX2lkIjoxNSwiaWF0IjoxNzM3NTM5NjIyLCJleHAiOjE3Mzc2MjYwMjJ9.q54xqMt1qBN5bJ1jpSiZFmmu6a4xqLthMes1xVxkhcQ=', NULL, 0, '2025-01-23 09:53:42', '2025-01-22 09:53:42', '2025-01-22 09:55:26'),
(126, 15, 'eyJ0eXAiOiJKV1QiLCJhbGciOiJIUzI1NiJ9.eyJ1c2VyX2lkIjoxNSwiaWF0IjoxNzM3NTM5NzI2LCJleHAiOjE3Mzc2MjYxMjZ9.CYjQgKt0VD9MYbuT5bnsyFWgqt+0s4XRo+xbmq5AFHM=', NULL, 0, '2025-01-23 09:55:26', '2025-01-22 09:55:26', '2025-01-22 10:01:42'),
(127, 15, 'eyJ0eXAiOiJKV1QiLCJhbGciOiJIUzI1NiJ9.eyJ1c2VyX2lkIjoxNSwiaWF0IjoxNzM3NTQwMTAyLCJleHAiOjE3Mzc2MjY1MDJ9.JBwB3Ra8yIKU+Cp1tL4Wtem/CtX1I83ShdqHfY+JsdA=', NULL, 0, '2025-01-23 10:01:42', '2025-01-22 10:01:42', '2025-01-22 10:08:53'),
(128, 15, 'eyJ0eXAiOiJKV1QiLCJhbGciOiJIUzI1NiJ9.eyJ1c2VyX2lkIjoxNSwiaWF0IjoxNzM3NTQwNTMzLCJleHAiOjE3Mzc2MjY5MzN9.3Y1n44ux3r3gqA05i9eejqG1uEmdz7B6mFsshQeD86M=', NULL, 0, '2025-01-23 10:08:53', '2025-01-22 10:08:53', '2025-01-22 10:12:48'),
(129, 15, 'eyJ0eXAiOiJKV1QiLCJhbGciOiJIUzI1NiJ9.eyJ1c2VyX2lkIjoxNSwiaWF0IjoxNzM3NTQwNzY4LCJleHAiOjE3Mzc2MjcxNjh9.PXUCDDj8XsTTs7APFoOiB3GG5k2IIr+4S9nDBi+DMoA=', NULL, 0, '2025-01-23 10:12:48', '2025-01-22 10:12:48', '2025-01-22 10:19:02'),
(130, 15, 'eyJ0eXAiOiJKV1QiLCJhbGciOiJIUzI1NiJ9.eyJ1c2VyX2lkIjoxNSwiaWF0IjoxNzM3NTQxMTQyLCJleHAiOjE3Mzc2Mjc1NDJ9.ZG2Ti9JpMxGNiwNcYCT/0W07HDFs41h4/zsaeexYGyk=', NULL, 0, '2025-01-23 10:19:02', '2025-01-22 10:19:02', '2025-01-22 10:20:51'),
(131, 15, 'eyJ0eXAiOiJKV1QiLCJhbGciOiJIUzI1NiJ9.eyJ1c2VyX2lkIjoxNSwiaWF0IjoxNzM3NTQxMjUxLCJleHAiOjE3Mzc2Mjc2NTF9.rEBwUml9sQ9vURaffWmN98iBWdSrbLC1O6dD3TxNYe0=', NULL, 0, '2025-01-23 10:20:51', '2025-01-22 10:20:51', '2025-01-22 10:25:19'),
(132, 15, 'eyJ0eXAiOiJKV1QiLCJhbGciOiJIUzI1NiJ9.eyJ1c2VyX2lkIjoxNSwiaWF0IjoxNzM3NTQxNTE5LCJleHAiOjE3Mzc2Mjc5MTl9.ltUFSlQrQrVRd4b74vjZmQVXX+7tgXzLiAcmwtEnJPQ=', NULL, 0, '2025-01-23 10:25:19', '2025-01-22 10:25:19', '2025-01-22 10:29:08'),
(133, 15, 'eyJ0eXAiOiJKV1QiLCJhbGciOiJIUzI1NiJ9.eyJ1c2VyX2lkIjoxNSwiaWF0IjoxNzM3NTQxNzQ4LCJleHAiOjE3Mzc2MjgxNDh9.ssfSHjsGIwx0KD8e9pBEzthWQxZTljbQz5O0N8Ki2f4=', NULL, 0, '2025-01-23 10:29:08', '2025-01-22 10:29:08', '2025-01-22 10:38:00'),
(134, 15, 'eyJ0eXAiOiJKV1QiLCJhbGciOiJIUzI1NiJ9.eyJ1c2VyX2lkIjoxNSwiaWF0IjoxNzM3NTQyMjgwLCJleHAiOjE3Mzc2Mjg2ODB9.bwbbAMNdw76yNfiwqgQHH4A7WpAyskXF5nUSINxaQE0=', NULL, 0, '2025-01-23 10:38:00', '2025-01-22 10:38:00', '2025-01-22 10:43:21'),
(135, 15, 'eyJ0eXAiOiJKV1QiLCJhbGciOiJIUzI1NiJ9.eyJ1c2VyX2lkIjoxNSwiaWF0IjoxNzM3NTQyNjAxLCJleHAiOjE3Mzc2MjkwMDF9.NIQu+Obx2HlNdzVvf3uOT7LUXm+p1yHLWcBQASW+IOM=', NULL, 0, '2025-01-23 10:43:21', '2025-01-22 10:43:21', '2025-01-22 12:19:31'),
(136, 15, 'eyJ0eXAiOiJKV1QiLCJhbGciOiJIUzI1NiJ9.eyJ1c2VyX2lkIjoxNSwiaWF0IjoxNzM3NTQ4MzcxLCJleHAiOjE3Mzc2MzQ3NzF9.EHy3U7ajqrAC3ekwHzuPjB6Q4I2SAZ71P25BiL15KxI=', NULL, 0, '2025-01-23 12:19:31', '2025-01-22 12:19:31', '2025-01-22 12:20:32'),
(137, 15, 'eyJ0eXAiOiJKV1QiLCJhbGciOiJIUzI1NiJ9.eyJ1c2VyX2lkIjoxNSwiaWF0IjoxNzM3NTQ4NDMyLCJleHAiOjE3Mzc2MzQ4MzJ9.E1pAr729KTZmjU1gIH6Pln/+oZ6291UfMLyaQZkAFfQ=', NULL, 0, '2025-01-23 12:20:32', '2025-01-22 12:20:32', '2025-01-22 13:04:05'),
(138, 15, 'eyJ0eXAiOiJKV1QiLCJhbGciOiJIUzI1NiJ9.eyJ1c2VyX2lkIjoxNSwiaWF0IjoxNzM3NTUxMDQ1LCJleHAiOjE3Mzc2Mzc0NDV9.ehkMDPUVqh0rCmTaRbI8XJr58dqFQwntEXDDQfF8CIs=', NULL, 0, '2025-01-23 13:04:05', '2025-01-22 13:04:05', '2025-01-22 15:23:19'),
(139, 15, 'eyJ0eXAiOiJKV1QiLCJhbGciOiJIUzI1NiJ9.eyJ1c2VyX2lkIjoxNSwiaWF0IjoxNzM3NTU5Mzk5LCJleHAiOjE3Mzc2NDU3OTl9.nm8pQBDtInsItk6Vrcta4AhIm1AxMiLQUQ7H7XZHNjQ=', NULL, 0, '2025-01-23 15:23:19', '2025-01-22 15:23:19', '2025-01-22 15:27:13'),
(140, 15, 'eyJ0eXAiOiJKV1QiLCJhbGciOiJIUzI1NiJ9.eyJ1c2VyX2lkIjoxNSwiaWF0IjoxNzM3NTU5NjMzLCJleHAiOjE3Mzc2NDYwMzN9.WwrRyjngCbr7cakJCeKwOeVTwxA2FvZjdO8CynbHzog=', NULL, 0, '2025-01-23 15:27:13', '2025-01-22 15:27:13', '2025-01-23 06:07:45'),
(141, 16, 'eyJ0eXAiOiJKV1QiLCJhbGciOiJIUzI1NiJ9.eyJ1c2VyX2lkIjoxNiwiaWF0IjoxNzM3NTYyOTE5LCJleHAiOjE3Mzc2NDkzMTl9.iYssnzcbHRGuVDR26hD4eg3l1qIUqwx2I2q3Hd+gBXU=', NULL, 0, '2025-01-23 16:21:59', '2025-01-22 16:21:59', '2025-01-25 00:00:25'),
(142, 15, 'eyJ0eXAiOiJKV1QiLCJhbGciOiJIUzI1NiJ9.eyJ1c2VyX2lkIjoxNSwiaWF0IjoxNzM3NjEyNDY1LCJleHAiOjE3Mzc2OTg4NjV9.t1wTi1v0PUhraIXICUe5JTavauDwwOJgWAuihN6ZseE=', NULL, 0, '2025-01-24 06:07:45', '2025-01-23 06:07:45', '2025-01-23 06:15:18'),
(143, 15, 'eyJ0eXAiOiJKV1QiLCJhbGciOiJIUzI1NiJ9.eyJ1c2VyX2lkIjoxNSwiaWF0IjoxNzM3NjEyOTE4LCJleHAiOjE3Mzc2OTkzMTh9.cZn9XbImENqO9Nv2LRFOjbCZVhSJlbZ7vMNpCDNYMBk=', NULL, 0, '2025-01-24 06:15:18', '2025-01-23 06:15:18', '2025-01-23 06:18:28'),
(144, 15, 'eyJ0eXAiOiJKV1QiLCJhbGciOiJIUzI1NiJ9.eyJ1c2VyX2lkIjoxNSwiaWF0IjoxNzM3NjEzMTA4LCJleHAiOjE3Mzc2OTk1MDh9.WKALZgkUH8Ub9Qru+2+U7DmS1yD2kblStXLZKvauPXs=', NULL, 0, '2025-01-24 06:18:28', '2025-01-23 06:18:28', '2025-01-23 06:41:15'),
(145, 15, 'eyJ0eXAiOiJKV1QiLCJhbGciOiJIUzI1NiJ9.eyJ1c2VyX2lkIjoxNSwiaWF0IjoxNzM3NjE0NDc1LCJleHAiOjE3Mzc3MDA4NzV9.ddUESabzq1QnvYAfILtO9GZbDVu3SBHNvwYFUKCSrZ4=', NULL, 0, '2025-01-24 06:41:15', '2025-01-23 06:41:15', '2025-01-23 06:50:42'),
(146, 15, 'eyJ0eXAiOiJKV1QiLCJhbGciOiJIUzI1NiJ9.eyJ1c2VyX2lkIjoxNSwiaWF0IjoxNzM3NjE1MDQyLCJleHAiOjE3Mzc3MDE0NDJ9.q9VGgpWudn1SJvs1nOp1lPndehJ1BhPlIdyarFP6f+E=', NULL, 0, '2025-01-24 06:50:42', '2025-01-23 06:50:42', '2025-01-23 07:44:44'),
(147, 15, 'eyJ0eXAiOiJKV1QiLCJhbGciOiJIUzI1NiJ9.eyJ1c2VyX2lkIjoxNSwiaWF0IjoxNzM3NjE4Mjg0LCJleHAiOjE3Mzc3MDQ2ODR9.mF1UfKlooEb6sGwbpx3TBbs5m8CGycBSRa1lxMy5KzA=', NULL, 0, '2025-01-24 07:44:44', '2025-01-23 07:44:44', '2025-01-23 07:50:51'),
(148, 15, 'eyJ0eXAiOiJKV1QiLCJhbGciOiJIUzI1NiJ9.eyJ1c2VyX2lkIjoxNSwiaWF0IjoxNzM3NjE4NjUxLCJleHAiOjE3Mzc3MDUwNTF9.VEqo6qny5R9LP6Nbr6w25n3rRiuCdcbqw74SPITj0io=', NULL, 0, '2025-01-24 07:50:51', '2025-01-23 07:50:51', '2025-01-23 10:37:23'),
(149, 15, 'eyJ0eXAiOiJKV1QiLCJhbGciOiJIUzI1NiJ9.eyJ1c2VyX2lkIjoxNSwiaWF0IjoxNzM3NjI4NjQzLCJleHAiOjE3Mzc3MTUwNDN9.Lxd2SKEZ6YA2hkkT5+B+p11816w8Dsm6b0/IS0Zuyps=', NULL, 0, '2025-01-24 10:37:23', '2025-01-23 10:37:23', '2025-01-23 11:00:25'),
(150, 30, 'eyJ0eXAiOiJKV1QiLCJhbGciOiJIUzI1NiJ9.eyJ1c2VyX2lkIjozMCwiaWF0IjoxNzM3NjI5OTg1LCJleHAiOjE3Mzc3MTYzODV9.wkJekQAxKdtl2CnMQWVHFHWYpnjx+7kFgGvWPy3eZ8Y=', NULL, 0, '2025-01-24 10:59:45', '2025-01-23 10:59:45', '2025-01-23 11:00:59'),
(151, 15, 'eyJ0eXAiOiJKV1QiLCJhbGciOiJIUzI1NiJ9.eyJ1c2VyX2lkIjoxNSwiaWF0IjoxNzM3NjMwMDI1LCJleHAiOjE3Mzc3MTY0MjV9.WeTEscg30g3hCMy4OfGpdx1al+VcFrB1+v9lX6ZxeQw=', NULL, 0, '2025-01-24 11:00:25', '2025-01-23 11:00:25', '2025-01-23 11:01:25'),
(152, 30, 'eyJ0eXAiOiJKV1QiLCJhbGciOiJIUzI1NiJ9.eyJ1c2VyX2lkIjozMCwiaWF0IjoxNzM3NjMwMDU5LCJleHAiOjE3Mzc3MTY0NTl9.pMFAmAEHgRXqSBt6L4jV8ilDjz5bhSW5P3XyfXd3uzk=', NULL, 0, '2025-01-24 11:00:59', '2025-01-23 11:00:59', '2025-01-27 08:03:35'),
(153, 15, 'eyJ0eXAiOiJKV1QiLCJhbGciOiJIUzI1NiJ9.eyJ1c2VyX2lkIjoxNSwiaWF0IjoxNzM3NjMwMDg1LCJleHAiOjE3Mzc3MTY0ODV9.HtNKrBeeekgSDdkcUepNBk/9tMAqEkh+F9go2B3T3fU=', NULL, 0, '2025-01-24 11:01:25', '2025-01-23 11:01:25', '2025-01-23 12:50:19'),
(154, 15, 'eyJ0eXAiOiJKV1QiLCJhbGciOiJIUzI1NiJ9.eyJ1c2VyX2lkIjoxNSwiaWF0IjoxNzM3NjM2NjE5LCJleHAiOjE3Mzc3MjMwMTl9.62Pbbap8DzxbgJ0SY1Q4ze9nwOBRahNa0IR70VBbdUY=', NULL, 0, '2025-01-24 12:50:19', '2025-01-23 12:50:19', '2025-01-24 06:08:13'),
(155, 36, 'eyJ0eXAiOiJKV1QiLCJhbGciOiJIUzI1NiJ9.eyJ1c2VyX2lkIjozNiwiaWF0IjoxNzM3Njc0ODI5LCJleHAiOjE3Mzc3NjEyMjl9.70wo4g0s4jxWx1Mt0kEI1Tub/8bm8wlBEuK2Rc4/D2A=', NULL, 0, '2025-01-24 23:27:09', '2025-01-23 23:27:09', '2025-01-28 19:52:01'),
(156, 15, 'eyJ0eXAiOiJKV1QiLCJhbGciOiJIUzI1NiJ9.eyJ1c2VyX2lkIjoxNSwiaWF0IjoxNzM3Njk4ODkzLCJleHAiOjE3Mzc3ODUyOTN9.6bfwfA6lt7VBLobeO6bYbGE7Xvh0EwJgAtYKqRdMF3M=', NULL, 0, '2025-01-25 06:08:13', '2025-01-24 06:08:13', '2025-01-24 06:20:15'),
(157, 15, 'eyJ0eXAiOiJKV1QiLCJhbGciOiJIUzI1NiJ9.eyJ1c2VyX2lkIjoxNSwiaWF0IjoxNzM3Njk5NjE1LCJleHAiOjE3Mzc3ODYwMTV9.h/jP1qI9lfs7Z/tDCwjhMlkrvhqkQ2tq+G9X1QiGaFU=', NULL, 0, '2025-01-25 06:20:15', '2025-01-24 06:20:15', '2025-01-24 09:33:47'),
(158, 15, 'eyJ0eXAiOiJKV1QiLCJhbGciOiJIUzI1NiJ9.eyJ1c2VyX2lkIjoxNSwiaWF0IjoxNzM3NzExMjI3LCJleHAiOjE3Mzc3OTc2Mjd9.Cxz/RL62924XdZu5CCXUc2qHyToS4H6+CgYw6QF9qc4=', NULL, 0, '2025-01-25 09:33:47', '2025-01-24 09:33:47', '2025-01-24 09:46:04'),
(159, 15, 'eyJ0eXAiOiJKV1QiLCJhbGciOiJIUzI1NiJ9.eyJ1c2VyX2lkIjoxNSwiaWF0IjoxNzM3NzExOTY0LCJleHAiOjE3Mzc3OTgzNjR9.0l0z6zMZ8Fvja+obQnAnJqQLNCn2/liVTu94ZxIAEpw=', NULL, 0, '2025-01-25 09:46:04', '2025-01-24 09:46:04', '2025-01-24 09:46:51'),
(160, 15, 'eyJ0eXAiOiJKV1QiLCJhbGciOiJIUzI1NiJ9.eyJ1c2VyX2lkIjoxNSwiaWF0IjoxNzM3NzEyMDExLCJleHAiOjE3Mzc3OTg0MTF9.ItN65v7puyTQXQ4NBeCFkW/3yLOCQfPPdSHqB9qdb8Q=', NULL, 0, '2025-01-25 09:46:51', '2025-01-24 09:46:51', '2025-01-24 16:45:12'),
(161, 15, 'eyJ0eXAiOiJKV1QiLCJhbGciOiJIUzI1NiJ9.eyJ1c2VyX2lkIjoxNSwiaWF0IjoxNzM3NzM3MTEyLCJleHAiOjE3Mzc4MjM1MTJ9.YOqHH0ziqQ41lXc2jfB8SIBTHGIk22N43zMt8KCJt5s=', NULL, 0, '2025-01-25 16:45:12', '2025-01-24 16:45:12', '2025-01-24 18:04:52'),
(162, 15, 'eyJ0eXAiOiJKV1QiLCJhbGciOiJIUzI1NiJ9.eyJ1c2VyX2lkIjoxNSwiaWF0IjoxNzM3NzQxODkyLCJleHAiOjE3Mzc4MjgyOTJ9.cUTMw4xX6niPHpSQ8o7q84ZyuMKvN4Vp66HesVf/vog=', NULL, 0, '2025-01-25 18:04:52', '2025-01-24 18:04:52', '2025-01-24 18:05:43'),
(163, 15, 'eyJ0eXAiOiJKV1QiLCJhbGciOiJIUzI1NiJ9.eyJ1c2VyX2lkIjoxNSwiaWF0IjoxNzM3NzQxOTQzLCJleHAiOjE3Mzc4MjgzNDN9.He9NGrHJET4UzpgG0bjMOpU8LWONyitC2F/KoEzOSNA=', NULL, 0, '2025-01-25 18:05:43', '2025-01-24 18:05:43', '2025-01-24 19:04:34'),
(164, 15, 'eyJ0eXAiOiJKV1QiLCJhbGciOiJIUzI1NiJ9.eyJ1c2VyX2lkIjoxNSwiaWF0IjoxNzM3NzQ1NDc0LCJleHAiOjE3Mzc4MzE4NzR9.IuLuZmRjjvTMjF0MhAwPf123ZQ1z7t5koqVfcr0WXSc=', NULL, 0, '2025-01-25 19:04:34', '2025-01-24 19:04:34', '2025-01-24 19:05:39'),
(165, 15, 'eyJ0eXAiOiJKV1QiLCJhbGciOiJIUzI1NiJ9.eyJ1c2VyX2lkIjoxNSwiaWF0IjoxNzM3NzQ1NTM5LCJleHAiOjE3Mzc4MzE5Mzl9.NX/NqdVz00gbFqvTQbl4MaH8CyJHjlpWQ6ylVMiLItc=', NULL, 0, '2025-01-25 19:05:39', '2025-01-24 19:05:39', '2025-01-24 23:18:04'),
(166, 15, 'eyJ0eXAiOiJKV1QiLCJhbGciOiJIUzI1NiJ9.eyJ1c2VyX2lkIjoxNSwiaWF0IjoxNzM3NzYwNjg0LCJleHAiOjE3Mzc4NDcwODR9.5zV4qhBa2JQEgIV7v59hDOiuChiISwh/AE8CkUnih44=', NULL, 0, '2025-01-25 23:18:04', '2025-01-24 23:18:04', '2025-01-25 11:11:47'),
(167, 16, 'eyJ0eXAiOiJKV1QiLCJhbGciOiJIUzI1NiJ9.eyJ1c2VyX2lkIjoxNiwiaWF0IjoxNzM3NzYzMjI1LCJleHAiOjE3Mzc4NDk2MjV9.+pYEErMBdBfcwZU3dNmh5t8OPuowlLL9xqlOcOjEQ90=', NULL, 0, '2025-01-26 00:00:25', '2025-01-25 00:00:25', '2025-01-25 00:14:40'),
(168, 16, 'eyJ0eXAiOiJKV1QiLCJhbGciOiJIUzI1NiJ9.eyJ1c2VyX2lkIjoxNiwiaWF0IjoxNzM3NzY0MDgwLCJleHAiOjE3Mzc4NTA0ODB9.nbYOxB4KzHlaxRw6zwCR4V/N3j+Lpv8D3ATq9p5sKsA=', NULL, 0, '2025-01-26 00:14:40', '2025-01-25 00:14:40', '2025-01-28 08:19:59'),
(169, 15, 'eyJ0eXAiOiJKV1QiLCJhbGciOiJIUzI1NiJ9.eyJ1c2VyX2lkIjoxNSwiaWF0IjoxNzM3ODAzNTA3LCJleHAiOjE3Mzc4ODk5MDd9.YRapBZPNqQhpqcojwNNt12SLIBs8UoL3g6AH3Rv4AVw=', NULL, 0, '2025-01-26 11:11:47', '2025-01-25 11:11:47', '2025-01-25 11:12:57'),
(170, 15, 'eyJ0eXAiOiJKV1QiLCJhbGciOiJIUzI1NiJ9.eyJ1c2VyX2lkIjoxNSwiaWF0IjoxNzM3ODAzNTc3LCJleHAiOjE3Mzc4ODk5Nzd9.7zOUuF1b1jjPd/T94rTc+TxE+5zIGpbVnLzKjlaMLZY=', NULL, 0, '2025-01-26 11:12:57', '2025-01-25 11:12:57', '2025-01-25 11:20:53'),
(171, 15, 'eyJ0eXAiOiJKV1QiLCJhbGciOiJIUzI1NiJ9.eyJ1c2VyX2lkIjoxNSwiaWF0IjoxNzM3ODA0MDUzLCJleHAiOjE3Mzc4OTA0NTN9.GxrJed3pR7YSkJIsyak8iyMB+FKTOTzsJigRJJekgOg=', NULL, 0, '2025-01-26 11:20:53', '2025-01-25 11:20:53', '2025-01-25 14:38:58'),
(172, 15, 'eyJ0eXAiOiJKV1QiLCJhbGciOiJIUzI1NiJ9.eyJ1c2VyX2lkIjoxNSwiaWF0IjoxNzM3ODE1OTM4LCJleHAiOjE3Mzc5MDIzMzh9.VueVpij/qATf5GUUPIQdeupzDZKZ2UGd+dEZ8/sqf7k=', NULL, 0, '2025-01-26 14:38:58', '2025-01-25 14:38:58', '2025-01-25 19:07:25'),
(173, 15, 'eyJ0eXAiOiJKV1QiLCJhbGciOiJIUzI1NiJ9.eyJ1c2VyX2lkIjoxNSwiaWF0IjoxNzM3ODMyMDQ1LCJleHAiOjE3Mzc5MTg0NDV9.5ts/7QTwZpsJd6cWxN5zYtIblEnZ2YqzAKPekBqDpBA=', NULL, 0, '2025-01-26 19:07:25', '2025-01-25 19:07:25', '2025-01-25 20:58:06'),
(174, 15, 'eyJ0eXAiOiJKV1QiLCJhbGciOiJIUzI1NiJ9.eyJ1c2VyX2lkIjoxNSwiaWF0IjoxNzM3ODM4Njg2LCJleHAiOjE3Mzc5MjUwODZ9.zF3TbAkEUWcghwrRZgWNcy7ltnOcnpWOTigeLCtOgvA=', NULL, 0, '2025-01-26 20:58:06', '2025-01-25 20:58:06', '2025-01-25 21:00:55'),
(175, 15, 'eyJ0eXAiOiJKV1QiLCJhbGciOiJIUzI1NiJ9.eyJ1c2VyX2lkIjoxNSwiaWF0IjoxNzM3ODM4ODU1LCJleHAiOjE3Mzc5MjUyNTV9.XT8FmotR8ab/RtEpoJkfRw15rQo9RLbWohqGVSLNKGg=', NULL, 0, '2025-01-26 21:00:55', '2025-01-25 21:00:55', '2025-01-25 21:01:39'),
(176, 15, 'eyJ0eXAiOiJKV1QiLCJhbGciOiJIUzI1NiJ9.eyJ1c2VyX2lkIjoxNSwiaWF0IjoxNzM3ODM4ODk5LCJleHAiOjE3Mzc5MjUyOTl9.Ls067NGJLK0U/e+ctQ5h0+AXTwGbpRRbo6bOST2BM3E=', NULL, 0, '2025-01-26 21:01:39', '2025-01-25 21:01:39', '2025-01-25 21:05:01'),
(177, 15, 'eyJ0eXAiOiJKV1QiLCJhbGciOiJIUzI1NiJ9.eyJ1c2VyX2lkIjoxNSwiaWF0IjoxNzM3ODM5MTAxLCJleHAiOjE3Mzc5MjU1MDF9./ktB23QRnrrrhAgOgn428Np13orbt1uspzg0oE8IIjA=', NULL, 0, '2025-01-26 21:05:01', '2025-01-25 21:05:01', '2025-01-25 21:06:40'),
(178, 15, 'eyJ0eXAiOiJKV1QiLCJhbGciOiJIUzI1NiJ9.eyJ1c2VyX2lkIjoxNSwiaWF0IjoxNzM3ODM5MjAwLCJleHAiOjE3Mzc5MjU2MDB9.HIgVjl+3iuQQzANCLFeSNyoaajqjQyJ4zL9TdJKQCZQ=', NULL, 0, '2025-01-26 21:06:40', '2025-01-25 21:06:40', '2025-01-25 21:09:40'),
(179, 15, 'eyJ0eXAiOiJKV1QiLCJhbGciOiJIUzI1NiJ9.eyJ1c2VyX2lkIjoxNSwiaWF0IjoxNzM3ODM5MzgwLCJleHAiOjE3Mzc5MjU3ODB9.MuwRjpce8CwmYXVClTag4qP9sre5T81jUsGe5zRCnT0=', NULL, 0, '2025-01-26 21:09:40', '2025-01-25 21:09:40', '2025-01-27 07:52:22'),
(180, 15, 'eyJ0eXAiOiJKV1QiLCJhbGciOiJIUzI1NiJ9.eyJ1c2VyX2lkIjoxNSwiaWF0IjoxNzM3OTY0MzQyLCJleHAiOjE3MzgwNTA3NDJ9.f2f1DSCvB6XMh7l3nFR2FUHngMGaLdjpA6S/KOrLKnA=', NULL, 0, '2025-01-28 07:52:22', '2025-01-27 07:52:22', '2025-01-27 08:04:14'),
(181, 30, 'eyJ0eXAiOiJKV1QiLCJhbGciOiJIUzI1NiJ9.eyJ1c2VyX2lkIjozMCwiaWF0IjoxNzM3OTY1MDE1LCJleHAiOjE3MzgwNTE0MTV9.NkGJgpTYok0ovxQudTiwPfE0BvX3l8MihqP+btpwOEA=', NULL, 0, '2025-01-28 08:03:35', '2025-01-27 08:03:35', '2025-01-27 10:14:41'),
(182, 15, 'eyJ0eXAiOiJKV1QiLCJhbGciOiJIUzI1NiJ9.eyJ1c2VyX2lkIjoxNSwiaWF0IjoxNzM3OTY1MDU0LCJleHAiOjE3MzgwNTE0NTR9./nFiDt7v4mT0VNmnSyGTSh/sqQki6UyYUXcjER+++jg=', NULL, 0, '2025-01-28 08:04:14', '2025-01-27 08:04:14', '2025-01-27 08:08:16'),
(183, 15, 'eyJ0eXAiOiJKV1QiLCJhbGciOiJIUzI1NiJ9.eyJ1c2VyX2lkIjoxNSwiaWF0IjoxNzM3OTY1Mjk2LCJleHAiOjE3MzgwNTE2OTZ9.RG/gY4wovKHlaJwyNUUeZ/8QyIXSEH7sUCDNE17Yhf4=', NULL, 0, '2025-01-28 08:08:16', '2025-01-27 08:08:16', '2025-01-27 10:15:53'),
(184, 30, 'eyJ0eXAiOiJKV1QiLCJhbGciOiJIUzI1NiJ9.eyJ1c2VyX2lkIjozMCwiaWF0IjoxNzM3OTcyODgxLCJleHAiOjE3MzgwNTkyODF9.abg8Z2Qj5Ozz6HmOf8Y4hA7zESxk5gbY4Zg5zT4lkt0=', NULL, 0, '2025-01-28 10:14:41', '2025-01-27 10:14:41', '2025-01-27 10:15:53'),
(185, 15, 'eyJ0eXAiOiJKV1QiLCJhbGciOiJIUzI1NiJ9.eyJ1c2VyX2lkIjoxNSwiaWF0IjoxNzM3OTcyOTUzLCJleHAiOjE3MzgwNTkzNTN9.b4WMMRB07MZEyd3kOfIV3+TzdOGJqhquvmHey73WKdo=', NULL, 1, '2025-01-28 10:15:53', '2025-01-27 10:15:53', '2025-01-27 10:15:53'),
(186, 30, 'eyJ0eXAiOiJKV1QiLCJhbGciOiJIUzI1NiJ9.eyJ1c2VyX2lkIjozMCwiaWF0IjoxNzM3OTcyOTUzLCJleHAiOjE3MzgwNTkzNTN9.c62tTeo/wgLk2SYUf7sJISr297YFl523xs6RwVQCzCI=', NULL, 0, '2025-01-28 10:15:53', '2025-01-27 10:15:53', '2025-01-27 13:43:56'),
(187, 30, 'eyJ0eXAiOiJKV1QiLCJhbGciOiJIUzI1NiJ9.eyJ1c2VyX2lkIjozMCwiaWF0IjoxNzM3OTg1NDM2LCJleHAiOjE3MzgwNzE4MzZ9.YO7OpJwHWISpEeX1/Nh1cvb11zVpzzSmkJ7YvJiX//Y=', NULL, 0, '2025-01-28 13:43:56', '2025-01-27 13:43:56', '2025-01-27 13:46:47'),
(188, 30, 'eyJ0eXAiOiJKV1QiLCJhbGciOiJIUzI1NiJ9.eyJ1c2VyX2lkIjozMCwiaWF0IjoxNzM3OTg1NjA3LCJleHAiOjE3MzgwNzIwMDd9.1U8pZ8kf5DGw7V7VzrOuWsGwZc6SNCLhPAAWJBKaIms=', NULL, 0, '2025-01-28 13:46:47', '2025-01-27 13:46:47', '2025-01-28 17:28:43'),
(189, 16, 'eyJ0eXAiOiJKV1QiLCJhbGciOiJIUzI1NiJ9.eyJ1c2VyX2lkIjoxNiwiaWF0IjoxNzM4MDUyMzk5LCJleHAiOjE3MzgxMzg3OTl9.iLPA79O76JMxxIKNveptzv6OmtWWMORvNdrBLsLxl0w=', NULL, 0, '2025-01-29 08:19:59', '2025-01-28 08:19:59', '2025-01-28 19:43:51'),
(190, 30, 'eyJ0eXAiOiJKV1QiLCJhbGciOiJIUzI1NiJ9.eyJ1c2VyX2lkIjozMCwiaWF0IjoxNzM4MDg1MzIzLCJleHAiOjE3MzgxNzE3MjN9.p5EYQcMm2sviUNf7kMB/lob+mcNzeRr6kvvEJGGTagw=', NULL, 0, '2025-01-29 17:28:43', '2025-01-28 17:28:43', '2025-01-28 18:57:50'),
(191, 30, 'eyJ0eXAiOiJKV1QiLCJhbGciOiJIUzI1NiJ9.eyJ1c2VyX2lkIjozMCwiaWF0IjoxNzM4MDkwNjcwLCJleHAiOjE3MzgxNzcwNzB9.oqDPV5jJ/wL35svLfMBoNZT/UYClv466IhQo/aYFrxA=', NULL, 0, '2025-01-29 18:57:50', '2025-01-28 18:57:50', '2025-01-28 19:18:49'),
(192, 30, 'eyJ0eXAiOiJKV1QiLCJhbGciOiJIUzI1NiJ9.eyJ1c2VyX2lkIjozMCwiaWF0IjoxNzM4MDkxOTI5LCJleHAiOjE3MzgxNzgzMjl9.08CyrZDGvxqzMjRJiEQW6k9nDYy6ynRC4qou6rUXNjQ=', NULL, 0, '2025-01-29 19:18:49', '2025-01-28 19:18:49', '2025-01-29 05:30:25'),
(193, 16, 'eyJ0eXAiOiJKV1QiLCJhbGciOiJIUzI1NiJ9.eyJ1c2VyX2lkIjoxNiwiaWF0IjoxNzM4MDkzNDMxLCJleHAiOjE3MzgxNzk4MzF9.utfLJ+hEi3q4JL/ifGurMfl6UQuBpRTfYMh/Kwgvkg0=', NULL, 0, '2025-01-29 19:43:51', '2025-01-28 19:43:51', '2025-03-02 15:59:16'),
(194, 36, 'eyJ0eXAiOiJKV1QiLCJhbGciOiJIUzI1NiJ9.eyJ1c2VyX2lkIjozNiwiaWF0IjoxNzM4MDkzOTIxLCJleHAiOjE3MzgxODAzMjF9.d43uqNt9qcUKTifFesuIoQWSJ608RYrVP4SyuTIZDSU=', NULL, 1, '2025-01-29 19:52:01', '2025-01-28 19:52:01', '2025-01-28 19:52:01'),
(195, 30, 'eyJ0eXAiOiJKV1QiLCJhbGciOiJIUzI1NiJ9.eyJ1c2VyX2lkIjozMCwiaWF0IjoxNzM4MTI4NjI1LCJleHAiOjE3MzgyMTUwMjV9.nhRQ1K52xxAoYEA8bhafqc9wrkuEIKvapSWw7QpjtCw=', NULL, 0, '2025-01-30 05:30:25', '2025-01-29 05:30:25', '2025-01-29 09:25:43'),
(196, 30, 'eyJ0eXAiOiJKV1QiLCJhbGciOiJIUzI1NiJ9.eyJ1c2VyX2lkIjozMCwiaWF0IjoxNzM4MTQyNzQzLCJleHAiOjE3MzgyMjkxNDN9.jrPzXC6XVs92jXk1gIhjaL3k0TbsYbEkBMEeElratAQ=', NULL, 0, '2025-01-30 09:25:43', '2025-01-29 09:25:43', '2025-01-29 12:06:47'),
(197, 30, 'eyJ0eXAiOiJKV1QiLCJhbGciOiJIUzI1NiJ9.eyJ1c2VyX2lkIjozMCwiaWF0IjoxNzM4MTUyNDA3LCJleHAiOjE3MzgyMzg4MDd9.vqh+aMrgbL5OA1ku/wQ3uNKa6ZGz11KjHYY/X/oChtQ=', NULL, 0, '2025-01-30 12:06:47', '2025-01-29 12:06:47', '2025-01-29 12:09:05'),
(198, 30, 'eyJ0eXAiOiJKV1QiLCJhbGciOiJIUzI1NiJ9.eyJ1c2VyX2lkIjozMCwiaWF0IjoxNzM4MTUyNTQ1LCJleHAiOjE3MzgyMzg5NDV9.sXJFzzwC9bBrmw7V680BIrNpNGKUPVMiMV2up7RZmdE=', NULL, 0, '2025-01-30 12:09:05', '2025-01-29 12:09:05', '2025-02-03 09:35:14'),
(199, 37, 'eyJ0eXAiOiJKV1QiLCJhbGciOiJIUzI1NiJ9.eyJ1c2VyX2lkIjozNywiaWF0IjoxNzM4NDE3NjkzLCJleHAiOjE3Mzg1MDQwOTN9./bQ/y7WpNX+bN+PdIjCRQV4/4x5BJVeO4BacnXigDns=', NULL, 0, '2025-02-02 13:48:13', '2025-02-01 13:48:13', '2025-02-01 14:00:57'),
(200, 37, 'eyJ0eXAiOiJKV1QiLCJhbGciOiJIUzI1NiJ9.eyJ1c2VyX2lkIjozNywiaWF0IjoxNzM4NDE4NDU3LCJleHAiOjE3Mzg1MDQ4NTd9.l/MuKOtO5xSLQH6EazmNAhoBASBv6J9aeXIjNNsk4hE=', NULL, 1, '2025-02-02 14:00:57', '2025-02-01 14:00:57', '2025-02-01 14:00:57'),
(201, 30, 'eyJ0eXAiOiJKV1QiLCJhbGciOiJIUzI1NiJ9.eyJ1c2VyX2lkIjozMCwiaWF0IjoxNzM4NTc1MzE0LCJleHAiOjE3Mzg2NjE3MTR9.ZB7sqPbRMozd4kNgTYMPF/ZKbJ7q3p1nMkbQj0InfFk=', NULL, 0, '2025-02-04 09:35:14', '2025-02-03 09:35:14', '2025-02-03 10:22:51'),
(202, 30, 'eyJ0eXAiOiJKV1QiLCJhbGciOiJIUzI1NiJ9.eyJ1c2VyX2lkIjozMCwiaWF0IjoxNzM4NTc4MTcxLCJleHAiOjE3Mzg2NjQ1NzF9.54JPN8DXYGqGjPsmhFz22NsGJLyM7usvqw5GYDo2sVc=', NULL, 0, '2025-02-04 10:22:51', '2025-02-03 10:22:51', '2025-02-03 10:25:42'),
(203, 30, 'eyJ0eXAiOiJKV1QiLCJhbGciOiJIUzI1NiJ9.eyJ1c2VyX2lkIjozMCwiaWF0IjoxNzM4NTc4MzQyLCJleHAiOjE3Mzg2NjQ3NDJ9.KGTlea5Kl/aDvVivgte8HQ+h0mnHrluFq+9nmMIrh1Y=', NULL, 0, '2025-02-04 10:25:42', '2025-02-03 10:25:42', '2025-02-03 12:38:43'),
(204, 30, 'eyJ0eXAiOiJKV1QiLCJhbGciOiJIUzI1NiJ9.eyJ1c2VyX2lkIjozMCwiaWF0IjoxNzM4NTg2MzIzLCJleHAiOjE3Mzg2NzI3MjN9.UCwhkTYNjSWzYiJ9NmkjQvoCLImRwu7Ro6rEU7HKsWM=', NULL, 0, '2025-02-04 12:38:43', '2025-02-03 12:38:43', '2025-02-03 13:02:53'),
(205, 30, 'eyJ0eXAiOiJKV1QiLCJhbGciOiJIUzI1NiJ9.eyJ1c2VyX2lkIjozMCwiaWF0IjoxNzM4NTg3NzczLCJleHAiOjE3Mzg2NzQxNzN9.wjP1ZXNcLHY7wrDFfjh/OUFkFMY7y57f4sr/zCvtyUs=', NULL, 0, '2025-02-04 13:02:53', '2025-02-03 13:02:53', '2025-02-03 13:03:13'),
(206, 30, 'eyJ0eXAiOiJKV1QiLCJhbGciOiJIUzI1NiJ9.eyJ1c2VyX2lkIjozMCwiaWF0IjoxNzM4NTg3NzkzLCJleHAiOjE3Mzg2NzQxOTN9.5YpgjJHQu8iFhK7j99Vgw4VH0CFFhbwG1+r7EggFGqc=', NULL, 0, '2025-02-04 13:03:13', '2025-02-03 13:03:13', '2025-02-03 13:07:00'),
(207, 30, 'eyJ0eXAiOiJKV1QiLCJhbGciOiJIUzI1NiJ9.eyJ1c2VyX2lkIjozMCwiaWF0IjoxNzM4NTg4MDIwLCJleHAiOjE3Mzg2NzQ0MjB9.wm4gMcTBRvDbliCy2eZLAJW3iNFCpeEMy5YZwt5lqLI=', NULL, 0, '2025-02-04 13:07:00', '2025-02-03 13:07:00', '2025-02-03 13:07:45'),
(208, 30, 'eyJ0eXAiOiJKV1QiLCJhbGciOiJIUzI1NiJ9.eyJ1c2VyX2lkIjozMCwiaWF0IjoxNzM4NTg4MDY1LCJleHAiOjE3Mzg2NzQ0NjV9.7e8nW2cm740MRYg+sJ5wmB/Hs/K5sewMEndN+/73MZI=', NULL, 0, '2025-02-04 13:07:45', '2025-02-03 13:07:45', '2025-02-03 13:08:54'),
(209, 30, 'eyJ0eXAiOiJKV1QiLCJhbGciOiJIUzI1NiJ9.eyJ1c2VyX2lkIjozMCwiaWF0IjoxNzM4NTg4MTM0LCJleHAiOjE3Mzg2NzQ1MzR9.5a7wtdxGndBJq701M1v9OCtoLPXAlp7aB0vCgA8YKU4=', NULL, 0, '2025-02-04 13:08:54', '2025-02-03 13:08:54', '2025-02-03 13:55:26'),
(210, 30, 'eyJ0eXAiOiJKV1QiLCJhbGciOiJIUzI1NiJ9.eyJ1c2VyX2lkIjozMCwiaWF0IjoxNzM4NTkwOTI2LCJleHAiOjE3Mzg2NzczMjZ9.aYJ/FcUW8AMRT5EeOJOdv8ha+59fTl2E1ziNtrCAvZM=', NULL, 0, '2025-02-04 13:55:26', '2025-02-03 13:55:26', '2025-02-03 14:00:45'),
(211, 30, 'eyJ0eXAiOiJKV1QiLCJhbGciOiJIUzI1NiJ9.eyJ1c2VyX2lkIjozMCwiaWF0IjoxNzM4NTkxMjQ1LCJleHAiOjE3Mzg2Nzc2NDV9.Czebgc0piXGx2Mwo1rwVrLgjn+jvaUmmD3HUSEYHUuY=', NULL, 0, '2025-02-04 14:00:45', '2025-02-03 14:00:45', '2025-02-24 07:17:13'),
(212, 40, 'eyJ0eXAiOiJKV1QiLCJhbGciOiJIUzI1NiJ9.eyJ1c2VyX2lkIjo0MCwiaWF0IjoxNzM4OTYyMjU3LCJleHAiOjE3MzkwNDg2NTd9.NLig6ycl2VKnCj8AgLPVqHVf3IM4PDaVKi7by/rrTr4=', NULL, 1, '2025-02-08 21:04:17', '2025-02-07 21:04:17', '2025-02-07 21:04:17'),
(213, 44, 'eyJ0eXAiOiJKV1QiLCJhbGciOiJIUzI1NiJ9.eyJ1c2VyX2lkIjo0NCwiaWF0IjoxNzQwMTYxNDM5LCJleHAiOjE3NDAyNDc4Mzl9.DyNagDHbmtbfQHvKy7VYaLEFAT0IgnjI5vXhRbx5qwU=', NULL, 1, '2025-02-22 18:10:39', '2025-02-21 18:10:39', '2025-02-21 18:10:39'),
(214, 30, 'eyJ0eXAiOiJKV1QiLCJhbGciOiJIUzI1NiJ9.eyJ1c2VyX2lkIjozMCwiaWF0IjoxNzQwMzgxNDMzLCJleHAiOjE3NDA0Njc4MzN9.S7Nx4hcOU4fOtRNYkGpagoJanPgNuLZpogNH6q5pn1I=', NULL, 0, '2025-02-25 07:17:13', '2025-02-24 07:17:13', '2025-02-24 10:54:59'),
(215, 30, 'eyJ0eXAiOiJKV1QiLCJhbGciOiJIUzI1NiJ9.eyJ1c2VyX2lkIjozMCwiaWF0IjoxNzQwMzk0NDk5LCJleHAiOjE3NDA0ODA4OTl9.fDUOXaOTB7rPiUn6z4DwM47vGIxU4JqWU9Zh+XJ8mKM=', NULL, 0, '2025-02-25 10:54:59', '2025-02-24 10:54:59', '2025-02-24 12:16:13'),
(216, 30, 'eyJ0eXAiOiJKV1QiLCJhbGciOiJIUzI1NiJ9.eyJ1c2VyX2lkIjozMCwiaWF0IjoxNzQwMzk5MzczLCJleHAiOjE3NDA0ODU3NzN9.5E2CwLtCqhepxXUz8ydHmt9GFIQq9zRhtIeFEX2pp5A=', NULL, 0, '2025-02-25 12:16:13', '2025-02-24 12:16:13', '2025-02-25 07:07:57'),
(217, 30, 'eyJ0eXAiOiJKV1QiLCJhbGciOiJIUzI1NiJ9.eyJ1c2VyX2lkIjozMCwiaWF0IjoxNzQwNDY3Mjc3LCJleHAiOjE3NDA1NTM2Nzd9.8Lfgyk+tp9Wf+jnIhbhdKliZpJWtoBv+D/Ieo2XgB10=', NULL, 0, '2025-02-26 07:07:57', '2025-02-25 07:07:57', '2025-02-25 07:27:02'),
(218, 30, 'eyJ0eXAiOiJKV1QiLCJhbGciOiJIUzI1NiJ9.eyJ1c2VyX2lkIjozMCwiaWF0IjoxNzQwNDY4NDIyLCJleHAiOjE3NDA1NTQ4MjJ9.W4FWQDWBdUI5MC+aWVn9vsWnkkYbFWDbU64ZJNOfXPA=', NULL, 0, '2025-02-26 07:27:02', '2025-02-25 07:27:02', '2025-02-25 10:12:07'),
(219, 30, 'eyJ0eXAiOiJKV1QiLCJhbGciOiJIUzI1NiJ9.eyJ1c2VyX2lkIjozMCwiaWF0IjoxNzQwNDc4MzI3LCJleHAiOjE3NDA1NjQ3Mjd9.t4UvrnSURB+RIHi2uD4voNV5N+EJ/16MVnSRwDZrsoE=', NULL, 0, '2025-02-26 10:12:07', '2025-02-25 10:12:07', '2025-02-25 10:24:54'),
(220, 30, 'eyJ0eXAiOiJKV1QiLCJhbGciOiJIUzI1NiJ9.eyJ1c2VyX2lkIjozMCwiaWF0IjoxNzQwNDc5MDk0LCJleHAiOjE3NDA1NjU0OTR9.Ag0kc/Re+zWbLYdCcM6x/aWKP7fKkAxfTK4I4GBGcTg=', NULL, 0, '2025-02-26 10:24:54', '2025-02-25 10:24:54', '2025-02-25 10:28:34'),
(221, 30, 'eyJ0eXAiOiJKV1QiLCJhbGciOiJIUzI1NiJ9.eyJ1c2VyX2lkIjozMCwiaWF0IjoxNzQwNDc5MzE0LCJleHAiOjE3NDA1NjU3MTR9.dnLcz6dHIaC4aPvjcEUPD+hXcU/uz1RSoX0bobPJWx8=', NULL, 0, '2025-02-26 10:28:34', '2025-02-25 10:28:34', '2025-02-25 10:31:48'),
(222, 30, 'eyJ0eXAiOiJKV1QiLCJhbGciOiJIUzI1NiJ9.eyJ1c2VyX2lkIjozMCwiaWF0IjoxNzQwNDc5NTA4LCJleHAiOjE3NDA1NjU5MDh9.sGpDaugyIjlkMD0KPjHSApyCOHJA0XG/ecZT7geZr1c=', NULL, 0, '2025-02-26 10:31:48', '2025-02-25 10:31:48', '2025-02-25 10:35:06'),
(223, 30, 'eyJ0eXAiOiJKV1QiLCJhbGciOiJIUzI1NiJ9.eyJ1c2VyX2lkIjozMCwiaWF0IjoxNzQwNDc5NzA2LCJleHAiOjE3NDA1NjYxMDZ9.r0QY9zyEGxaBQPC+SfflVgy0p9cgPn3kxzB+5IelQM8=', NULL, 0, '2025-02-26 10:35:06', '2025-02-25 10:35:06', '2025-02-25 10:39:01'),
(224, 30, 'eyJ0eXAiOiJKV1QiLCJhbGciOiJIUzI1NiJ9.eyJ1c2VyX2lkIjozMCwiaWF0IjoxNzQwNDc5OTQxLCJleHAiOjE3NDA1NjYzNDF9.XPm6/lomEgkkAxpvCfj7iRP+OshY0DC1ZtgFOg5M1nM=', NULL, 0, '2025-02-26 10:39:01', '2025-02-25 10:39:01', '2025-02-25 10:41:27'),
(225, 30, 'eyJ0eXAiOiJKV1QiLCJhbGciOiJIUzI1NiJ9.eyJ1c2VyX2lkIjozMCwiaWF0IjoxNzQwNDgwMDg3LCJleHAiOjE3NDA1NjY0ODd9.nO4XU+vt2vn8raY3sRci/mu8NgEZW2EsWw5VoxhMqwo=', NULL, 0, '2025-02-26 10:41:27', '2025-02-25 10:41:27', '2025-02-25 10:42:30'),
(226, 30, 'eyJ0eXAiOiJKV1QiLCJhbGciOiJIUzI1NiJ9.eyJ1c2VyX2lkIjozMCwiaWF0IjoxNzQwNDgwMTUwLCJleHAiOjE3NDA1NjY1NTB9.71B8benu+g2P+wHYrV9RaTIC8e6j+WsouMOe+S8/LDU=', NULL, 0, '2025-02-26 10:42:30', '2025-02-25 10:42:30', '2025-02-25 10:42:51'),
(227, 30, 'eyJ0eXAiOiJKV1QiLCJhbGciOiJIUzI1NiJ9.eyJ1c2VyX2lkIjozMCwiaWF0IjoxNzQwNDgwMTcxLCJleHAiOjE3NDA1NjY1NzF9.TB4VV5ruI0+IROMbuhK0oMQnngVx0vbqsdyvmx+DryI=', NULL, 0, '2025-02-26 10:42:51', '2025-02-25 10:42:51', '2025-02-25 10:46:23'),
(228, 30, 'eyJ0eXAiOiJKV1QiLCJhbGciOiJIUzI1NiJ9.eyJ1c2VyX2lkIjozMCwiaWF0IjoxNzQwNDgwMzgzLCJleHAiOjE3NDA1NjY3ODN9.XGg6bWcZDXKS6kvLeh98fljxNFal+Lzr0Mmlc+8q0yU=', NULL, 0, '2025-02-26 10:46:23', '2025-02-25 10:46:23', '2025-02-25 10:56:22'),
(229, 30, 'eyJ0eXAiOiJKV1QiLCJhbGciOiJIUzI1NiJ9.eyJ1c2VyX2lkIjozMCwiaWF0IjoxNzQwNDgwOTgyLCJleHAiOjE3NDA1NjczODJ9.XMJuk9B5UBInkNavDTND5eldOSu4gllktmcu1kI4sWA=', NULL, 0, '2025-02-26 10:56:22', '2025-02-25 10:56:22', '2025-02-25 11:10:20'),
(230, 30, 'eyJ0eXAiOiJKV1QiLCJhbGciOiJIUzI1NiJ9.eyJ1c2VyX2lkIjozMCwiaWF0IjoxNzQwNDgxODIwLCJleHAiOjE3NDA1NjgyMjB9.Lazwunbe2QYosf7l8b/GQuJiPQIS8FF+CwOTUrfhHCs=', NULL, 0, '2025-02-26 11:10:20', '2025-02-25 11:10:20', '2025-02-25 11:22:31'),
(231, 30, 'eyJ0eXAiOiJKV1QiLCJhbGciOiJIUzI1NiJ9.eyJ1c2VyX2lkIjozMCwiaWF0IjoxNzQwNDgyNTUxLCJleHAiOjE3NDA1Njg5NTF9.2tIB1+7rbDqeL2f5HwpHgeILr0UJqsvNJLI3Np+DIMU=', NULL, 0, '2025-02-26 11:22:31', '2025-02-25 11:22:31', '2025-02-25 11:39:19'),
(232, 30, 'eyJ0eXAiOiJKV1QiLCJhbGciOiJIUzI1NiJ9.eyJ1c2VyX2lkIjozMCwiaWF0IjoxNzQwNDgzNTU5LCJleHAiOjE3NDA1Njk5NTl9.cY3RMZnh1FXffFLlNEYrvfGy1sA/qyXEIYKBcBNjVho=', NULL, 0, '2025-02-26 11:39:19', '2025-02-25 11:39:19', '2025-02-25 11:39:55'),
(233, 30, 'eyJ0eXAiOiJKV1QiLCJhbGciOiJIUzI1NiJ9.eyJ1c2VyX2lkIjozMCwiaWF0IjoxNzQwNDgzNTk1LCJleHAiOjE3NDA1Njk5OTV9.L8dw3TMmjv/Fhpsujh3Qh3g975iZHMX0AuXSe72a+Ac=', NULL, 0, '2025-02-26 11:39:55', '2025-02-25 11:39:55', '2025-03-03 07:21:28'),
(234, 45, 'eyJ0eXAiOiJKV1QiLCJhbGciOiJIUzI1NiJ9.eyJ1c2VyX2lkIjo0NSwiaWF0IjoxNzQwNTk3NTQzLCJleHAiOjE3NDA2ODM5NDN9.VSp45O5sGwgHi4xVscnLwzBPsYax/Ih0WG0fegOXiIo=', NULL, 1, '2025-02-27 19:19:03', '2025-02-26 19:19:03', '2025-02-26 19:19:03'),
(235, 16, 'eyJ0eXAiOiJKV1QiLCJhbGciOiJIUzI1NiJ9.eyJ1c2VyX2lkIjoxNiwiaWF0IjoxNzQwOTMxMTU2LCJleHAiOjE3NDEwMTc1NTZ9.AtSkY9EObU9rZtYS7RB9/UjvVflanZIJBYhGS5gS8L4=', NULL, 0, '2025-03-03 15:59:16', '2025-03-02 15:59:16', '2025-03-02 16:33:06'),
(236, 16, 'eyJ0eXAiOiJKV1QiLCJhbGciOiJIUzI1NiJ9.eyJ1c2VyX2lkIjoxNiwiaWF0IjoxNzQwOTMzMTg2LCJleHAiOjE3NDEwMTk1ODZ9.RWT7wy/F9Bb/oxi4bugk+vmk1tB25aqupLX3RhIuBuQ=', NULL, 0, '2025-03-03 16:33:06', '2025-03-02 16:33:06', '2025-03-03 07:22:04'),
(237, 30, 'eyJ0eXAiOiJKV1QiLCJhbGciOiJIUzI1NiJ9.eyJ1c2VyX2lkIjozMCwiaWF0IjoxNzQwOTg2NDg4LCJleHAiOjE3NDEwNzI4ODh9.JuN3WMJg/GwPAoLjHy7SIJE6ddefqOsh0JYvl4znLIQ=', NULL, 0, '2025-03-04 07:21:28', '2025-03-03 07:21:28', '2025-03-13 18:30:27'),
(238, 16, 'eyJ0eXAiOiJKV1QiLCJhbGciOiJIUzI1NiJ9.eyJ1c2VyX2lkIjoxNiwiaWF0IjoxNzQwOTg2NTI0LCJleHAiOjE3NDEwNzI5MjR9.3+Ll2viw6xDDkBIHLKLJ2pqOFO5ubRTtA4siCJt7R7c=', NULL, 0, '2025-03-04 07:22:04', '2025-03-03 07:22:04', '2025-03-03 07:26:48'),
(239, 16, 'eyJ0eXAiOiJKV1QiLCJhbGciOiJIUzI1NiJ9.eyJ1c2VyX2lkIjoxNiwiaWF0IjoxNzQwOTg2ODA4LCJleHAiOjE3NDEwNzMyMDh9.tISvEhZOUc7KsIdYhCOYr2lUmSyiv+8ZhOAVmimLYUo=', NULL, 0, '2025-03-04 07:26:48', '2025-03-03 07:26:48', '2025-03-03 07:44:10'),
(240, 16, 'eyJ0eXAiOiJKV1QiLCJhbGciOiJIUzI1NiJ9.eyJ1c2VyX2lkIjoxNiwiaWF0IjoxNzQwOTg3ODUwLCJleHAiOjE3NDEwNzQyNTB9.Lc3w2SRz9mKgAKd/do+iudkNTLTqJ/5ln+BSXs+MSgY=', NULL, 0, '2025-03-04 07:44:10', '2025-03-03 07:44:10', '2025-03-03 07:45:14'),
(241, 16, 'eyJ0eXAiOiJKV1QiLCJhbGciOiJIUzI1NiJ9.eyJ1c2VyX2lkIjoxNiwiaWF0IjoxNzQwOTg3OTE0LCJleHAiOjE3NDEwNzQzMTR9.6BzsovT8v2XLGsvNhY7oNoGruCwhHLFqNf1Pp+I6BTQ=', NULL, 0, '2025-03-04 07:45:14', '2025-03-03 07:45:14', '2025-03-06 18:47:24'),
(242, 16, 'eyJ0eXAiOiJKV1QiLCJhbGciOiJIUzI1NiJ9.eyJ1c2VyX2lkIjoxNiwiaWF0IjoxNzQxMjg2ODQ0LCJleHAiOjE3NDEzNzMyNDR9.hJWHrPBjOz8yEbepBp9vpMrH9vPn3QFg/IUtjiJxeqA=', NULL, 0, '2025-03-07 18:47:24', '2025-03-06 18:47:24', '2025-03-06 19:38:15'),
(243, 50, 'eyJ0eXAiOiJKV1QiLCJhbGciOiJIUzI1NiJ9.eyJ1c2VyX2lkIjo1MCwiaWF0IjoxNzQxMjg3OTQ5LCJleHAiOjE3NDEzNzQzNDl9.GkoRNEMNHDllXA1ISQWBHJByHyZviRy0XOGTYl9zprw=', NULL, 0, '2025-03-07 19:05:49', '2025-03-06 19:05:49', '2025-03-06 19:35:29'),
(244, 50, 'eyJ0eXAiOiJKV1QiLCJhbGciOiJIUzI1NiJ9.eyJ1c2VyX2lkIjo1MCwiaWF0IjoxNzQxMjg5NzI5LCJleHAiOjE3NDEzNzYxMjl9.mePY9yk0C/Qc5IgtEJoMRdppnMjtGUk3V38rh8DUnbY=', NULL, 1, '2025-03-07 19:35:29', '2025-03-06 19:35:29', '2025-03-06 19:35:29'),
(245, 16, 'eyJ0eXAiOiJKV1QiLCJhbGciOiJIUzI1NiJ9.eyJ1c2VyX2lkIjoxNiwiaWF0IjoxNzQxMjg5ODk1LCJleHAiOjE3NDEzNzYyOTV9.7EbfSNhy+AVPv6YiBHu57SNkWkebvKs9+K7LxyW+7+0=', NULL, 0, '2025-03-07 19:38:15', '2025-03-06 19:38:15', '2025-03-19 12:42:55'),
(246, 51, 'eyJ0eXAiOiJKV1QiLCJhbGciOiJIUzI1NiJ9.eyJ1c2VyX2lkIjo1MSwiaWF0IjoxNzQxMjg5OTUzLCJleHAiOjE3NDEzNzYzNTN9.diLeozD1X2g3mScTCRRKfFjhwvNMBdbSIomaS/cEnhM=', NULL, 1, '2025-03-07 19:39:13', '2025-03-06 19:39:13', '2025-03-06 19:39:13'),
(247, 30, 'eyJ0eXAiOiJKV1QiLCJhbGciOiJIUzI1NiJ9.eyJ1c2VyX2lkIjozMCwiaWF0IjoxNzQxODkwNjI3LCJleHAiOjE3NDE5NzcwMjd9.RtHBc0i30fqcgaW5QCZbERzED5Lqr6BPWZOW11TvaQk=', NULL, 0, '2025-03-14 18:30:27', '2025-03-13 18:30:27', '2025-03-13 18:30:46'),
(248, 30, 'eyJ0eXAiOiJKV1QiLCJhbGciOiJIUzI1NiJ9.eyJ1c2VyX2lkIjozMCwiaWF0IjoxNzQxODkwNjQ2LCJleHAiOjE3NDE5NzcwNDZ9.8a8XJb9CfxTyHxnq4b/GN7wOkC3lbwIuoWr97J+jdLE=', NULL, 0, '2025-03-14 18:30:46', '2025-03-13 18:30:46', '2025-03-13 18:48:09'),
(249, 30, 'eyJ0eXAiOiJKV1QiLCJhbGciOiJIUzI1NiJ9.eyJ1c2VyX2lkIjozMCwiaWF0IjoxNzQxODkxNjg5LCJleHAiOjE3NDE5NzgwODl9.kxwGhB7h3G3oIs54tv+4Dw+YCwTKLYEkr7U8VmxNywM=', NULL, 0, '2025-03-14 18:48:09', '2025-03-13 18:48:09', '2025-03-14 07:20:30'),
(250, 30, 'eyJ0eXAiOiJKV1QiLCJhbGciOiJIUzI1NiJ9.eyJ1c2VyX2lkIjozMCwiaWF0IjoxNzQxOTM2ODMwLCJleHAiOjE3NDIwMjMyMzB9.c6m8S7OTGRQABfHtg9groVLbSqdKkH3EFKJxNflRMqc=', NULL, 0, '2025-03-15 07:20:30', '2025-03-14 07:20:30', '2025-04-04 17:09:13'),
(251, 16, 'eyJ0eXAiOiJKV1QiLCJhbGciOiJIUzI1NiJ9.eyJ1c2VyX2lkIjoxNiwiaWF0IjoxNzQyMzg4MTc1LCJleHAiOjE3NDI0NzQ1NzV9.dTp4fxEdMaD//AgNAOIQ81RMF3NGyzMJBECLbWCD5d8=', NULL, 0, '2025-03-20 12:42:55', '2025-03-19 12:42:55', '2025-03-19 14:27:51'),
(252, 16, 'eyJ0eXAiOiJKV1QiLCJhbGciOiJIUzI1NiJ9.eyJ1c2VyX2lkIjoxNiwiaWF0IjoxNzQyMzk0NDcxLCJleHAiOjE3NDI0ODA4NzF9.3bO9MRdhe6DEnTDe3L/do+SQVb/TUiD3YIVkl+aMHMM=', NULL, 0, '2025-03-20 14:27:51', '2025-03-19 14:27:51', '2025-03-19 14:43:54'),
(253, 16, 'eyJ0eXAiOiJKV1QiLCJhbGciOiJIUzI1NiJ9.eyJ1c2VyX2lkIjoxNiwiaWF0IjoxNzQyMzk1NDM0LCJleHAiOjE3NDI0ODE4MzR9.bhVGoAyneEeuiuGjhkE9dE0tTr3uymCgXyNxV6Yxu74=', NULL, 0, '2025-03-20 14:43:54', '2025-03-19 14:43:54', '2025-03-19 14:46:18'),
(254, 16, 'eyJ0eXAiOiJKV1QiLCJhbGciOiJIUzI1NiJ9.eyJ1c2VyX2lkIjoxNiwiaWF0IjoxNzQyMzk1NTc4LCJleHAiOjE3NDI0ODE5Nzh9.UR+88X2MbMU7EqpRLA8hmSSrV3E2/kqCI4DyEyn/a7U=', NULL, 0, '2025-03-20 14:46:18', '2025-03-19 14:46:18', '2025-03-19 14:47:22'),
(255, 16, 'eyJ0eXAiOiJKV1QiLCJhbGciOiJIUzI1NiJ9.eyJ1c2VyX2lkIjoxNiwiaWF0IjoxNzQyMzk1NjQyLCJleHAiOjE3NDI0ODIwNDJ9.PWyDP/eTtwWJxWSDYVe/XxAk8YZyHVCVlyHuMt/xr2c=', NULL, 0, '2025-03-20 14:47:22', '2025-03-19 14:47:22', '2025-03-19 15:03:50'),
(256, 16, 'eyJ0eXAiOiJKV1QiLCJhbGciOiJIUzI1NiJ9.eyJ1c2VyX2lkIjoxNiwiaWF0IjoxNzQyMzk2NjMwLCJleHAiOjE3NDI0ODMwMzB9.d1fAUPheq2td6Bbdrm8OzXctgk9vV64i0UNZW494JC8=', NULL, 0, '2025-03-20 15:03:50', '2025-03-19 15:03:50', '2025-03-19 17:54:56'),
(257, 16, 'eyJ0eXAiOiJKV1QiLCJhbGciOiJIUzI1NiJ9.eyJ1c2VyX2lkIjoxNiwiaWF0IjoxNzQyNDA2ODk2LCJleHAiOjE3NDI0OTMyOTZ9.ZAzTpMolOUVNpkPAkZcdRIfzfRQaSVJJlEeqQzKLSlo=', NULL, 0, '2025-03-20 17:54:56', '2025-03-19 17:54:56', '2025-04-30 10:02:57'),
(258, 30, 'eyJ0eXAiOiJKV1QiLCJhbGciOiJIUzI1NiJ9.eyJ1c2VyX2lkIjozMCwiaWF0IjoxNzQzNzg2NTUzLCJleHAiOjE3NDM4NzI5NTN9.DZC/AL1RtG0u4QqfbPctCBG7FhXVbYp/xskWDga8H+A=', NULL, 0, '2025-04-05 17:09:13', '2025-04-04 17:09:13', '2025-05-13 15:11:12'),
(259, 16, 'eyJ0eXAiOiJKV1QiLCJhbGciOiJIUzI1NiJ9.eyJ1c2VyX2lkIjoxNiwiaWF0IjoxNzQ2MDA3Mzc3LCJleHAiOjE3NDYwOTM3Nzd9.yFPRO4JXXdmfA3h1qI98wU6FImxyTBh8yeDsZvKtJv4=', NULL, 0, '2025-05-01 10:02:57', '2025-04-30 10:02:57', '2025-04-30 10:49:53'),
(260, 16, 'eyJ0eXAiOiJKV1QiLCJhbGciOiJIUzI1NiJ9.eyJ1c2VyX2lkIjoxNiwiaWF0IjoxNzQ2MDEwMTkzLCJleHAiOjE3NDYwOTY1OTN9.DkcM3d5025j6iekEK33DKDCM6CMGEiLTQZa/br+qsuM=', NULL, 0, '2025-05-01 10:49:53', '2025-04-30 10:49:53', '2025-04-30 11:04:14'),
(261, 16, 'eyJ0eXAiOiJKV1QiLCJhbGciOiJIUzI1NiJ9.eyJ1c2VyX2lkIjoxNiwiaWF0IjoxNzQ2MDExMDU0LCJleHAiOjE3NDYwOTc0NTR9.SKTEerhDL+TMHHdtBqg2HtiZWpZvUUVD7PtBUR1mP2M=', NULL, 0, '2025-05-01 11:04:14', '2025-04-30 11:04:14', '2025-04-30 11:07:05'),
(262, 16, 'eyJ0eXAiOiJKV1QiLCJhbGciOiJIUzI1NiJ9.eyJ1c2VyX2lkIjoxNiwiaWF0IjoxNzQ2MDExMjI1LCJleHAiOjE3NDYwOTc2MjV9.rPeBQs8sXh/OOArhGsIMSDvec0GxA9Vm3oD4E7LzXD0=', NULL, 0, '2025-05-01 11:07:05', '2025-04-30 11:07:05', '2025-04-30 11:48:08'),
(263, 16, 'eyJ0eXAiOiJKV1QiLCJhbGciOiJIUzI1NiJ9.eyJ1c2VyX2lkIjoxNiwiaWF0IjoxNzQ2MDEzNjg4LCJleHAiOjE3NDYxMDAwODh9.ybp5qGvYLKtd+9ZrikK6BYZwPj4kkatiHyUmPoaXlWQ=', NULL, 0, '2025-05-01 11:48:08', '2025-04-30 11:48:08', '2025-05-01 07:16:44'),
(264, 16, 'eyJ0eXAiOiJKV1QiLCJhbGciOiJIUzI1NiJ9.eyJ1c2VyX2lkIjoxNiwiaWF0IjoxNzQ2MDgzODA0LCJleHAiOjE3NDYxNzAyMDR9.NgQT8TMHIkRxyxy6iMmpZzQETmYLy2pEc+LBDSrGMtc=', NULL, 0, '2025-05-02 07:16:44', '2025-05-01 07:16:44', '2025-05-01 08:53:14'),
(265, 16, 'eyJ0eXAiOiJKV1QiLCJhbGciOiJIUzI1NiJ9.eyJ1c2VyX2lkIjoxNiwiaWF0IjoxNzQ2MDg5NTk0LCJleHAiOjE3NDYxNzU5OTR9.vs3W8wVykS4kGKxzrZw4LGWl7rdhhxeRYhq120384gU=', NULL, 0, '2025-05-02 08:53:14', '2025-05-01 08:53:14', '2025-05-05 09:22:40'),
(266, 16, 'eyJ0eXAiOiJKV1QiLCJhbGciOiJIUzI1NiJ9.eyJ1c2VyX2lkIjoxNiwiaWF0IjoxNzQ2NDM2OTYwLCJleHAiOjE3NDY1MjMzNjB9.YIIbZUBVtiaGngNVFiY6ugaRUUC4jspBq5g0RQRy9iA=', NULL, 0, '2025-05-06 09:22:40', '2025-05-05 09:22:40', '2025-05-13 14:25:49');
INSERT INTO `UserTokens` (`id`, `user_id`, `token`, `device_info`, `is_active`, `expires_at`, `created_at`, `updated_at`) VALUES
(267, 16, 'eyJ0eXAiOiJKV1QiLCJhbGciOiJIUzI1NiJ9.eyJ1c2VyX2lkIjoxNiwiaWF0IjoxNzQ3MTQ2MzQ5LCJleHAiOjE3NDcyMzI3NDl9.KcQYCFn0yedI0R1MB9kw7OSWrCsUDJ0fEwOvzu3ytlg=', NULL, 0, '2025-05-14 14:25:49', '2025-05-13 14:25:49', '2025-05-14 09:22:09'),
(268, 30, 'eyJ0eXAiOiJKV1QiLCJhbGciOiJIUzI1NiJ9.eyJ1c2VyX2lkIjozMCwiaWF0IjoxNzQ3MTQ5MDcyLCJleHAiOjE3NDcyMzU0NzJ9.ng3hpEnfWmuEyWn30wV4RDQz1/33MaKALZ+jrpuLwvU=', NULL, 0, '2025-05-14 15:11:12', '2025-05-13 15:11:12', '2025-06-12 15:28:29'),
(269, 16, 'eyJ0eXAiOiJKV1QiLCJhbGciOiJIUzI1NiJ9.eyJ1c2VyX2lkIjoxNiwiaWF0IjoxNzQ3MjE0NTI5LCJleHAiOjE3NDczMDA5Mjl9.HOx/fDd9qbOTqHS0lhgDFA3f0uQoTp/yGaHLe1fWIic=', NULL, 1, '2025-05-15 09:22:09', '2025-05-14 09:22:09', '2025-05-14 09:22:09'),
(270, 30, 'eyJ0eXAiOiJKV1QiLCJhbGciOiJIUzI1NiJ9.eyJ1c2VyX2lkIjozMCwiaWF0IjoxNzQ5NzQyMTA5LCJleHAiOjE3NDk4Mjg1MDl9.PfxPKPL0dQs0XqjCP8G23AVDOEdtaqzTDx1/oD2frtA=', NULL, 1, '2025-06-13 15:28:29', '2025-06-12 15:28:29', '2025-06-12 15:28:29');

-- --------------------------------------------------------

--
-- Table structure for table `Warehouses`
--

CREATE TABLE `Warehouses` (
  `id` int(11) NOT NULL,
  `name` varchar(255) NOT NULL,
  `address` varchar(255) NOT NULL,
  `city` varchar(100) NOT NULL,
  `state` varchar(100) DEFAULT NULL,
  `postal_code` varchar(20) DEFAULT NULL,
  `country` varchar(100) DEFAULT NULL,
  `latitude` decimal(10,8) DEFAULT NULL,
  `longitude` decimal(11,8) DEFAULT NULL,
  `company_id` int(11) NOT NULL,
  `status` enum('active','inactive') DEFAULT 'active',
  `created_at` timestamp NULL DEFAULT current_timestamp(),
  `updated_at` timestamp NULL DEFAULT current_timestamp() ON UPDATE current_timestamp()
) ENGINE=InnoDB DEFAULT CHARSET=utf8mb4 COLLATE=utf8mb4_unicode_ci;

--
-- Dumping data for table `Warehouses`
--

INSERT INTO `Warehouses` (`id`, `name`, `address`, `city`, `state`, `postal_code`, `country`, `latitude`, `longitude`, `company_id`, `status`, `created_at`, `updated_at`) VALUES
(1, 'w1', 'i8 markaz', 'islamabad', 'islamabad', '44000', 'pk', 33.66770000, 73.07520000, 2, 'active', '2025-01-24 20:47:05', '2025-01-24 20:47:05'),
(2, 'w2', 'f8 markaz', 'islamabad', 'islamabad', '44000', 'pk', 33.71160000, 73.03980000, 2, 'active', '2025-01-24 20:47:54', '2025-01-24 20:47:54'),
(3, 'Test', 'First Floor, Hamdan Heights, Service Rd E, Near Koral Chowk Expressway', 'Islamabad', 'Islamabad', '44000', 'Pakistan', 33.61017700, 73.13052400, 2, 'active', '2025-01-28 17:34:54', '2025-01-28 17:39:12'),
(4, 'ODEON Luxe Acton', 'ODEON Luxe Acton', 'Notting Hill', 'London', 'W11 2QA', 'United Kingdom', 51.52080790, -0.29063941, 2, 'active', '2025-01-29 06:54:59', '2025-03-01 10:19:01'),
(5, 'Flowers', 'Unit 1, 58 Kingsbridge Cres, London UB1 2DL', 'London', 'London', 'UB1 2DL', 'GB', 51.52203970, -0.37769300, 7, 'active', '2025-02-07 20:43:39', '2025-02-07 20:44:55'),
(6, 'Morning Flowers Acton', 'asd', 'asd', '', '', '', 51.52579840, -0.28129800, 7, 'active', '2025-02-07 20:46:24', '2025-02-07 20:46:24'),
(7, 'YellowStorage', '12 Jenner Ave', 'London', 'London', 'W3 6EQ', 'UK', 51.51971660, -0.26149210, 10, 'active', '2025-03-06 18:58:00', '2025-03-06 18:58:00');

--
-- Indexes for dumped tables
--

--
-- Indexes for table `Addresses`
--
ALTER TABLE `Addresses`
  ADD PRIMARY KEY (`id`),
  ADD KEY `customer_id` (`customer_id`);

--
-- Indexes for table `ApiKeys`
--
ALTER TABLE `ApiKeys`
  ADD PRIMARY KEY (`id`),
  ADD KEY `company_id` (`company_id`),
  ADD KEY `api_key` (`api_key`),
  ADD KEY `created_by` (`created_by`);

--
-- Indexes for table `Companies`
--
ALTER TABLE `Companies`
  ADD PRIMARY KEY (`id`);

--
-- Indexes for table `Customers`
--
ALTER TABLE `Customers`
  ADD PRIMARY KEY (`id`),
  ADD UNIQUE KEY `email` (`email`),
  ADD UNIQUE KEY `phone` (`phone`),
  ADD KEY `company_id` (`company_id`);

--
-- Indexes for table `ExtraItemsLog`
--
ALTER TABLE `ExtraItemsLog`
  ADD PRIMARY KEY (`id`),
  ADD KEY `rider_id` (`rider_id`),
  ADD KEY `product_id` (`product_id`),
  ADD KEY `source_order_id` (`source_order_id`),
  ADD KEY `source_manifest_id` (`source_manifest_id`);

--
-- Indexes for table `ManifestOrders`
--
ALTER TABLE `ManifestOrders`
  ADD PRIMARY KEY (`id`),
  ADD KEY `manifest_id` (`manifest_id`),
  ADD KEY `order_id` (`order_id`);

--
-- Indexes for table `Manifests`
--
ALTER TABLE `Manifests`
  ADD PRIMARY KEY (`id`),
  ADD KEY `rider_id` (`rider_id`),
  ADD KEY `company_id` (`company_id`),
  ADD KEY `fk_warehouse` (`warehouse_id`);

--
-- Indexes for table `NotificationLogs`
--
ALTER TABLE `NotificationLogs`
  ADD PRIMARY KEY (`id`),
  ADD KEY `user_id` (`user_id`);

--
-- Indexes for table `Orders`
--
ALTER TABLE `Orders`
  ADD PRIMARY KEY (`id`),
  ADD UNIQUE KEY `order_number` (`order_number`),
  ADD KEY `company_id` (`company_id`),
  ADD KEY `delivery_date` (`delivery_date`),
  ADD KEY `fk_order_organization` (`organization_id`),
  ADD KEY `fk_order_customer` (`customer_id`),
  ADD KEY `fk_order_address` (`delivery_address_id`);

--
-- Indexes for table `OrderStatusLogs`
--
ALTER TABLE `OrderStatusLogs`
  ADD PRIMARY KEY (`id`),
  ADD KEY `order_id` (`order_id`),
  ADD KEY `changed_by` (`changed_by`);

--
-- Indexes for table `Organizations`
--
ALTER TABLE `Organizations`
  ADD PRIMARY KEY (`id`),
  ADD KEY `fk_org_company_id` (`company_id`),
  ADD KEY `idx_organization_company` (`company_id`);

--
-- Indexes for table `PasswordResetTokens`
--
ALTER TABLE `PasswordResetTokens`
  ADD PRIMARY KEY (`id`),
  ADD KEY `user_id` (`user_id`);

--
-- Indexes for table `ProductOrders`
--
ALTER TABLE `ProductOrders`
  ADD PRIMARY KEY (`id`),
  ADD KEY `order_id` (`order_id`),
  ADD KEY `product_id` (`product_id`);

--
-- Indexes for table `Products`
--
ALTER TABLE `Products`
  ADD PRIMARY KEY (`id`),
  ADD UNIQUE KEY `unique_qrcode_company` (`qrcode_number`,`company_id`),
  ADD KEY `company_id` (`company_id`);

--
-- Indexes for table `ProductTracking`
--
ALTER TABLE `ProductTracking`
  ADD PRIMARY KEY (`id`),
  ADD KEY `product_id` (`product_id`),
  ADD KEY `rider_id` (`rider_id`),
  ADD KEY `company_id` (`company_id`);

--
-- Indexes for table `RiderCompanies`
--
ALTER TABLE `RiderCompanies`
  ADD PRIMARY KEY (`id`),
  ADD KEY `rider_id` (`rider_id`),
  ADD KEY `company_id` (`company_id`);

--
-- Indexes for table `RidersLocations`
--
ALTER TABLE `RidersLocations`
  ADD PRIMARY KEY (`id`);

--
-- Indexes for table `TokenBlacklist`
--
ALTER TABLE `TokenBlacklist`
  ADD PRIMARY KEY (`id`),
  ADD KEY `user_id` (`user_id`);

--
-- Indexes for table `Users`
--
ALTER TABLE `Users`
  ADD PRIMARY KEY (`id`),
  ADD UNIQUE KEY `username` (`username`),
  ADD UNIQUE KEY `email` (`email`),
  ADD KEY `company_id` (`company_id`);

--
-- Indexes for table `UserTokens`
--
ALTER TABLE `UserTokens`
  ADD PRIMARY KEY (`id`),
  ADD KEY `user_id` (`user_id`);

--
-- Indexes for table `Warehouses`
--
ALTER TABLE `Warehouses`
  ADD PRIMARY KEY (`id`),
  ADD KEY `company_id` (`company_id`);

--
-- AUTO_INCREMENT for dumped tables
--

--
-- AUTO_INCREMENT for table `Addresses`
--
ALTER TABLE `Addresses`
  MODIFY `id` int(11) NOT NULL AUTO_INCREMENT, AUTO_INCREMENT=15;

--
-- AUTO_INCREMENT for table `ApiKeys`
--
ALTER TABLE `ApiKeys`
  MODIFY `id` int(11) NOT NULL AUTO_INCREMENT, AUTO_INCREMENT=5;

--
-- AUTO_INCREMENT for table `Companies`
--
ALTER TABLE `Companies`
  MODIFY `id` int(11) NOT NULL AUTO_INCREMENT, AUTO_INCREMENT=13;

--
-- AUTO_INCREMENT for table `Customers`
--
ALTER TABLE `Customers`
  MODIFY `id` int(11) NOT NULL AUTO_INCREMENT, AUTO_INCREMENT=8;

--
-- AUTO_INCREMENT for table `ExtraItemsLog`
--
ALTER TABLE `ExtraItemsLog`
  MODIFY `id` int(11) NOT NULL AUTO_INCREMENT, AUTO_INCREMENT=53;

--
-- AUTO_INCREMENT for table `ManifestOrders`
--
ALTER TABLE `ManifestOrders`
  MODIFY `id` int(11) NOT NULL AUTO_INCREMENT, AUTO_INCREMENT=304;

--
-- AUTO_INCREMENT for table `Manifests`
--
ALTER TABLE `Manifests`
  MODIFY `id` int(11) NOT NULL AUTO_INCREMENT, AUTO_INCREMENT=155;

--
-- AUTO_INCREMENT for table `NotificationLogs`
--
ALTER TABLE `NotificationLogs`
  MODIFY `id` int(11) NOT NULL AUTO_INCREMENT, AUTO_INCREMENT=117;

--
-- AUTO_INCREMENT for table `Orders`
--
ALTER TABLE `Orders`
  MODIFY `id` int(11) NOT NULL AUTO_INCREMENT, AUTO_INCREMENT=248;

--
-- AUTO_INCREMENT for table `OrderStatusLogs`
--
ALTER TABLE `OrderStatusLogs`
  MODIFY `id` int(11) NOT NULL AUTO_INCREMENT, AUTO_INCREMENT=1924;

--
-- AUTO_INCREMENT for table `Organizations`
--
ALTER TABLE `Organizations`
  MODIFY `id` int(11) NOT NULL AUTO_INCREMENT, AUTO_INCREMENT=2;

--
-- AUTO_INCREMENT for table `PasswordResetTokens`
--
ALTER TABLE `PasswordResetTokens`
  MODIFY `id` int(11) NOT NULL AUTO_INCREMENT, AUTO_INCREMENT=10;

--
-- AUTO_INCREMENT for table `ProductOrders`
--
ALTER TABLE `ProductOrders`
  MODIFY `id` int(11) NOT NULL AUTO_INCREMENT, AUTO_INCREMENT=618;

--
-- AUTO_INCREMENT for table `Products`
--
ALTER TABLE `Products`
  MODIFY `id` int(11) NOT NULL AUTO_INCREMENT, AUTO_INCREMENT=38;

--
-- AUTO_INCREMENT for table `ProductTracking`
--
ALTER TABLE `ProductTracking`
  MODIFY `id` int(11) NOT NULL AUTO_INCREMENT, AUTO_INCREMENT=324;

--
-- AUTO_INCREMENT for table `RiderCompanies`
--
ALTER TABLE `RiderCompanies`
  MODIFY `id` int(11) NOT NULL AUTO_INCREMENT, AUTO_INCREMENT=41;

--
-- AUTO_INCREMENT for table `RidersLocations`
--
ALTER TABLE `RidersLocations`
  MODIFY `id` int(11) NOT NULL AUTO_INCREMENT, AUTO_INCREMENT=2539;

--
-- AUTO_INCREMENT for table `TokenBlacklist`
--
ALTER TABLE `TokenBlacklist`
  MODIFY `id` int(11) NOT NULL AUTO_INCREMENT;

--
-- AUTO_INCREMENT for table `Users`
--
ALTER TABLE `Users`
  MODIFY `id` int(11) NOT NULL AUTO_INCREMENT, AUTO_INCREMENT=54;

--
-- AUTO_INCREMENT for table `UserTokens`
--
ALTER TABLE `UserTokens`
  MODIFY `id` int(11) NOT NULL AUTO_INCREMENT, AUTO_INCREMENT=271;

--
-- AUTO_INCREMENT for table `Warehouses`
--
ALTER TABLE `Warehouses`
  MODIFY `id` int(11) NOT NULL AUTO_INCREMENT, AUTO_INCREMENT=8;

--
-- Constraints for dumped tables
--

--
-- Constraints for table `Addresses`
--
ALTER TABLE `Addresses`
  ADD CONSTRAINT `Addresses_ibfk_1` FOREIGN KEY (`customer_id`) REFERENCES `Customers` (`id`) ON DELETE CASCADE;

--
-- Constraints for table `Customers`
--
ALTER TABLE `Customers`
  ADD CONSTRAINT `Customers_ibfk_1` FOREIGN KEY (`company_id`) REFERENCES `Companies` (`id`) ON DELETE SET NULL;

--
-- Constraints for table `ExtraItemsLog`
--
ALTER TABLE `ExtraItemsLog`
  ADD CONSTRAINT `ExtraItemsLog_ibfk_1` FOREIGN KEY (`rider_id`) REFERENCES `Users` (`id`),
  ADD CONSTRAINT `ExtraItemsLog_ibfk_2` FOREIGN KEY (`product_id`) REFERENCES `Products` (`id`),
  ADD CONSTRAINT `ExtraItemsLog_ibfk_3` FOREIGN KEY (`source_order_id`) REFERENCES `Orders` (`id`),
  ADD CONSTRAINT `ExtraItemsLog_ibfk_4` FOREIGN KEY (`source_manifest_id`) REFERENCES `Manifests` (`id`);

--
-- Constraints for table `ManifestOrders`
--
ALTER TABLE `ManifestOrders`
  ADD CONSTRAINT `manifestorders_ibfk_1` FOREIGN KEY (`manifest_id`) REFERENCES `Manifests` (`id`) ON DELETE CASCADE,
  ADD CONSTRAINT `manifestorders_ibfk_2` FOREIGN KEY (`order_id`) REFERENCES `Orders` (`id`) ON DELETE CASCADE;

--
-- Constraints for table `Manifests`
--
ALTER TABLE `Manifests`
  ADD CONSTRAINT `fk_warehouse` FOREIGN KEY (`warehouse_id`) REFERENCES `Warehouses` (`id`),
  ADD CONSTRAINT `manifests_ibfk_1` FOREIGN KEY (`rider_id`) REFERENCES `Users` (`id`) ON DELETE SET NULL,
  ADD CONSTRAINT `manifests_ibfk_2` FOREIGN KEY (`company_id`) REFERENCES `Companies` (`id`) ON DELETE CASCADE;

--
-- Constraints for table `NotificationLogs`
--
ALTER TABLE `NotificationLogs`
  ADD CONSTRAINT `NotificationLogs_ibfk_1` FOREIGN KEY (`user_id`) REFERENCES `Users` (`id`);

--
-- Constraints for table `Orders`
--
ALTER TABLE `Orders`
  ADD CONSTRAINT `fk_order_address` FOREIGN KEY (`delivery_address_id`) REFERENCES `Addresses` (`id`) ON DELETE SET NULL,
  ADD CONSTRAINT `fk_order_customer` FOREIGN KEY (`customer_id`) REFERENCES `Customers` (`id`) ON DELETE SET NULL,
  ADD CONSTRAINT `fk_order_organization` FOREIGN KEY (`organization_id`) REFERENCES `Organizations` (`id`) ON DELETE SET NULL,
  ADD CONSTRAINT `orders_ibfk_1` FOREIGN KEY (`company_id`) REFERENCES `Companies` (`id`) ON DELETE CASCADE;

--
-- Constraints for table `OrderStatusLogs`
--
ALTER TABLE `OrderStatusLogs`
  ADD CONSTRAINT `orderstatuslogs_ibfk_1` FOREIGN KEY (`order_id`) REFERENCES `Orders` (`id`) ON DELETE CASCADE,
  ADD CONSTRAINT `orderstatuslogs_ibfk_2` FOREIGN KEY (`changed_by`) REFERENCES `Users` (`id`) ON DELETE CASCADE;

--
-- Constraints for table `Organizations`
--
ALTER TABLE `Organizations`
  ADD CONSTRAINT `fk_org_company_id` FOREIGN KEY (`company_id`) REFERENCES `Companies` (`id`) ON DELETE CASCADE;

--
-- Constraints for table `PasswordResetTokens`
--
ALTER TABLE `PasswordResetTokens`
  ADD CONSTRAINT `PasswordResetTokens_ibfk_1` FOREIGN KEY (`user_id`) REFERENCES `Users` (`id`);

--
-- Constraints for table `ProductOrders`
--
ALTER TABLE `ProductOrders`
  ADD CONSTRAINT `productorders_ibfk_1` FOREIGN KEY (`order_id`) REFERENCES `Orders` (`id`) ON DELETE CASCADE,
  ADD CONSTRAINT `productorders_ibfk_2` FOREIGN KEY (`product_id`) REFERENCES `Products` (`id`) ON DELETE CASCADE;

--
-- Constraints for table `Products`
--
ALTER TABLE `Products`
  ADD CONSTRAINT `products_ibfk_1` FOREIGN KEY (`company_id`) REFERENCES `Companies` (`id`) ON DELETE CASCADE;

--
-- Constraints for table `ProductTracking`
--
ALTER TABLE `ProductTracking`
  ADD CONSTRAINT `ProductTracking_ibfk_1` FOREIGN KEY (`product_id`) REFERENCES `Products` (`id`),
  ADD CONSTRAINT `ProductTracking_ibfk_2` FOREIGN KEY (`rider_id`) REFERENCES `Users` (`id`),
  ADD CONSTRAINT `ProductTracking_ibfk_3` FOREIGN KEY (`company_id`) REFERENCES `Companies` (`id`);

--
-- Constraints for table `RiderCompanies`
--
ALTER TABLE `RiderCompanies`
  ADD CONSTRAINT `ridercompanies_ibfk_1` FOREIGN KEY (`rider_id`) REFERENCES `Users` (`id`) ON DELETE CASCADE,
  ADD CONSTRAINT `ridercompanies_ibfk_2` FOREIGN KEY (`company_id`) REFERENCES `Companies` (`id`) ON DELETE CASCADE;

--
-- Constraints for table `TokenBlacklist`
--
ALTER TABLE `TokenBlacklist`
  ADD CONSTRAINT `TokenBlacklist_ibfk_1` FOREIGN KEY (`user_id`) REFERENCES `Users` (`id`);

--
-- Constraints for table `Users`
--
ALTER TABLE `Users`
  ADD CONSTRAINT `users_ibfk_1` FOREIGN KEY (`company_id`) REFERENCES `Companies` (`id`) ON DELETE SET NULL;

--
-- Constraints for table `UserTokens`
--
ALTER TABLE `UserTokens`
  ADD CONSTRAINT `UserTokens_ibfk_1` FOREIGN KEY (`user_id`) REFERENCES `Users` (`id`);

--
-- Constraints for table `Warehouses`
--
ALTER TABLE `Warehouses`
  ADD CONSTRAINT `Warehouses_ibfk_1` FOREIGN KEY (`company_id`) REFERENCES `Companies` (`id`);
COMMIT;

/*!40101 SET CHARACTER_SET_CLIENT=@OLD_CHARACTER_SET_CLIENT */;
/*!40101 SET CHARACTER_SET_RESULTS=@OLD_CHARACTER_SET_RESULTS */;
/*!40101 SET COLLATION_CONNECTION=@OLD_COLLATION_CONNECTION */;
